Station Code,Station Name,Station Type,Agency Name,State,District,Tehsil,Data Acquisition,Block,Village,Latitude,Longitude,Data Available From,Latest  Data Available,Type of Well,Aquifer Type,Well Depth,Data Type Code,Data Type Description,Unit,Jan-00,May-00,Aug-00,Nov-00,Jan-01,May-01,Aug-01,Nov-01,Jan-02,May-02,Aug-02,Nov-02,Jan-03,May-03,Aug-03,Nov-03,Jan-04,May-04,Aug-04,Nov-04,Jan-05,May-05,Aug-05,Nov-05,Jan-06,May-06,Aug-06,Nov-06,Jan-07,May-07,Aug-07,Nov-07,Jan-08,May-08,Aug-08,Nov-08,Jan-09,May-09,Aug-09,Nov-09,Jan-10,May-10,Aug-10,Nov-10,Jan-11,May-11,Aug-11,Nov-11,Jan-12,May-12,Aug-12,Nov-12,Jan-13,May-13,Aug-13,Nov-13,Jan-14,May-14,Aug-14,Nov-14,Jan-15,May-15,Aug-15,Nov-15,Jan-16,May-16,Aug-16,Nov-16,Jan-17,May-17,Aug-17,Nov-17,Jan-18,May-18,Aug-18,Nov-18,Jan-19,May-19,Aug-19,Nov-19,Jan-20,May-20,Aug-20,Nov-20,Jan-21,May-21,Aug-21,Nov-21,Jan-22,May-22,Aug-22,Nov-22,Reference_Sy
1.60E+14,Amingad,Ground water,Cgwb,Karnataka,Bagalkote,Hungund,Manual,Hungund,Amingad,16.0542,75.9417,05-01-1996,25-08-2024,Dug well,Unconfined,14.02,HGZ,MANUAL-Water Level,m,4.88,7.35,6.35,4.84,5.89,10.6,11.2,8.5,8.9,10.15,8.92,9.6,10.37,12.95,11.91,12.65,12.81,13.0,12.79,11.38,12.51,12.8,11.2,10.44,10.8,,,11.3,11.47,12.52,6.2,5.42,2.6,3.1,4.8,2.6,2.3,3.7,2.6,0.9,0.85,2.2,1.1,1.1,1.4,1.92,1.18,3.5,1.73,2.54,,1.91,2.11,2.97,2.78,2.26,2.8,3.45,2.8,2.95,3.15,4.45,4.5,2.6,,2.88,2.7,2.8,3.42,4.68,4.8,1.3,1.3,2.08,1.87,2.3,1.95,4.41,1.85,1.14,2.1,,,0.92,0.94,,0.85,0.81,,1.05,0.81,0.9,0.023
1.62E+14,Malapur,Ground water,Cgwb,Karnataka,Bagalkote,Mudhol,Manual,Mudhol,Malapur,16.3667,75.275,05-01-1996,25-08-2024,Dug well,Unconfined,8.32,HGZ,MANUAL-Water Level,m,1.570000052,2.680000067,,1.090000033,1.059999943,2.539999962,1.389999986,1.090000033,0.99000001,4.039999962,1.320000052,1.49000001,0.839999974,5.239999771,3.619999886,2.829999924,1.409999967,1.929999948,1.230000019,1.450000048,1.190000057,3.839999914,1.24000001,1.110000014,,3.289999962,2.730000019,2.269999981,2.569999933,3.960000038,2.029999971,1.460000038,1.539999962,3.940000057,2.339999914,0.819999993,1.559999943,2.089999914,0.839999974,1.440000057,1.340000033,3.24000001,0.589999974,1.340000033,1.539999962,2.859999895,0.939999998,1.409999967,1.370000005,3.579999924,,1.850000024,3.359999895,3.299999952,1.720000029,1.940000057,1.940000057,4.670000076,,2.24000001,2.140000105,7.860000134,5.840000153,3.890000105,,7.860000134,7.860000134,4.889999866,5.070000172,6.690000057,5.639999866,4.539999962,5.099999905,7.860000134,3.039999962,5.239999771,6.980000019,,1.840000033,4.400000095,5.699999809,,,3.289999962,5.639999866,,4.639999866,4.989999771,,3.940000057,3.589999914,3.890000105,0.02
1.56E+14,Pattadakal,Ground water,Cgwb,Karnataka,Bagalkote,Badami,Manual,Badami,Pattadakal,15.95,75.8,05-01-1996,25-08-2024,Dug well,Unconfined,11.14,HGZ,MANUAL-Water Level,m,7.840000153,6.710000038,8.010000229,7.25,7.5,9.659999847,8.56000042,7.809999943,7.909999847,9.659999847,8.489999771,8.909999847,8.979999542,9.609999657,9.43999958,9.760000229,9.869999886,,9.619999886,9.329999924,9.159999847,9.899999619,9.159999847,8.619999886,8.859999657,9.659999847,9.359999657,7.480000019,7.929999828,9.43999958,6.010000229,6.159999847,6.429999828,7.659999847,7.210000038,6.480000019,7.960000038,8.359999657,9.260000229,5.360000134,6.360000134,7.460000038,7.659999847,7.360000134,6.960000038,7.639999866,7.909999847,7.619999886,7.510000229,7.760000229,,8.140000343,8.079999924,10.69999981,8.359999657,8.010000229,7.809999943,8.029999733,8.199999809,7.690000057,7.380000114,6.900000095,7.329999924,7.260000229,,,8.260000229,7.960000038,,7.880000114,8.520000458,8.119999886,7.739999771,7.440000057,7.800000191,7.559999943,7.210000038,8.090000153,5.309999943,4.809999943,7.099999905,,,5.460000038,6.570000172,,6.159999847,6.340000153,,6.409999847,5.559999943,5.260000229,0.023
1.60E+14,Tumba,Ground water,Cgwb,Karnataka,Bagalkote,Hungund,Manual,Hungund,Tumba,16.0167,76.1917,05-01-1996,25-08-2024,Dug well,Unconfined,8.5,HGZ,MANUAL-Water Level,m,4.610000134,4.190000057,4.159999847,4.0,4.300000191,5.199999809,5.400000095,4.150000095,4.400000095,4.650000095,,4.400000095,5.150000095,6.150000095,4.619999886,4.320000172,6.179999828,6.699999809,6.349999905,5.550000191,6.239999771,,,5.130000114,5.699999809,,6.260000229,5.360000134,5.900000095,7.710000038,5.849999905,5.340000153,5.590000153,4.900000095,4.309999943,3.220000029,5.599999905,5.0,4.5,3.700000048,4.0,4.699999809,4.400000095,4.400000095,4.599999905,5.050000191,4.449999809,4.690000057,4.949999809,5.75,,5.650000095,6.039999962,6.449999809,5.71999979,3.700000048,5.300000191,5.539999962,5.75,5.239999771,5.179999828,5.71999979,5.159999847,4.699999809,,5.369999886,5.46999979,5.349999905,5.650000095,6.159999847,6.190000057,5.119999886,5.210000038,5.579999924,5.71999979,6.0,6.079999924,,6.099999905,5.349999905,6.300000191,,,3.789999962,4.619999886,,4.639999866,4.300000191,,4.980000019,4.199999809,4.130000114,0.023
1.52E+14,Emmiganur,Ground water,Cgwb,Karnataka,Ballari,Bellary,Manual,Bellary,Emmiganur,15.4,76.7,05-01-1996,06-08-2024,Dug well,Unconfined,8.8,HGZ,MANUAL-Water Level,m,1.970000029,2.74000001,2.380000114,1.629999995,1.799999952,2.410000086,2.849999905,1.299999952,1.940000057,3.799999952,3.299999952,2.809999943,3.799999952,5.190000057,5.590000153,3.400000095,3.119999886,4.980000019,4.690000057,2.950000048,3.200000048,4.75,3.269999981,2.220000029,2.49000001,3.200000048,3.549999952,2.230000019,2.25,2.789999962,2.779999971,1.950000048,1.399999976,2.599999905,2.799999952,2.019999981,2.279999971,2.900000095,2.75,1.450000048,2.00999999,2.569999933,1.850000024,1.559999943,2.230000019,2.50999999,3.160000086,2.00999999,3.0,2.519999981,,1.590000033,2.400000095,2.700000048,2.299999952,1.600000024,2.430000067,2.700000048,2.670000076,1.409999967,2.799999952,2.940000057,4.869999886,2.450000048,,5.699999809,4.5,3.799999952,5.099999905,6.820000172,7.019999981,3.700000048,4.400000095,5.75,5.349999905,3.75,,6.849999905,5.400000095,1.450000048,3.769999981,,,3.599999905,4.199999809,,5.550000191,3.049999952,3.799999952,4.820000172,2.349999905,3.599999905,0.023
1.46E+14,Magala,Ground water,Cgwb,Karnataka,Ballari,Hadagalli,Manual,Hadagalli,Magala,14.9833,75.8,05-01-1996,06-08-2024,Dug well,Unconfined,12.0,HGZ,MANUAL-Water Level,m,6.400000095,5.869999886,5.199999809,3.299999952,4.320000172,4.989999771,5.150000095,4.099999905,4.920000076,6.949999809,7.119999886,5.409999847,8.420000076,6.03000021,,3.849999905,4.570000172,5.650000095,3.930000067,3.720000029,8.479999542,5.650000095,4.25,4.650000095,3.799999952,4.550000191,3.470000029,3.420000076,3.980000019,4.449999809,3.700000048,1.299999952,2.549999952,,3.099999905,3.099999905,3.109999895,3.849999905,3.460000038,1.909999967,2.799999952,3.5,3.059999943,1.850000024,2.200000048,3.420000076,3.700000048,3.74000001,4.829999924,3.910000086,,2.380000114,3.0,4.150000095,3.470000029,1.919999957,1.950000048,1.799999952,2.720000029,2.450000048,2.450000048,3.450000048,3.569999933,2.980000019,,3.950000048,3.029999971,3.329999924,4.150000095,5.050000191,4.179999828,2.25,2.710000038,3.710000038,2.680000067,2.730000019,2.869999886,4.559999943,1.700000048,0.930000007,2.529999971,,,0.75,1.649999976,,1.350000024,0.800000012,1.429999948,1.230000019,0.479999989,1.210000038,0.018
1.51E+14,Mariyammanahalli1,Ground water,Cgwb,Karnataka,Ballari,Hospet,Manual,Hospet,Mariyammanahalli,15.1667,76.3667,05-01-1996,06-08-2024,Dug well,Unconfined,14.05,HGZ,MANUAL-Water Level,m,3.299999952,5.449999809,2.299999952,2.450000048,3.670000076,5.28000021,5.900000095,2.170000076,4.0,5.949999809,6.070000172,5.829999924,6.670000076,,9.399999619,6.199999809,6.400000095,,8.380000114,4.639999866,6.449999809,9.050000191,5.449999809,,,5.050000191,8.680000305,2.529999971,3.799999952,5.230000019,4.050000191,1.279999971,1.850000024,3.549999952,2.900000095,2.930000067,3.799999952,,4.420000076,1.379999995,2.25,4.349999905,1.0,1.019999981,1.820000052,3.039999962,2.089999914,2.650000095,2.450000048,3.220000029,,2.980000019,3.289999962,6.050000191,3.700000048,1.75999999,2.880000114,2.650000095,1.470000029,1.549999952,3.849999905,3.569999933,4.650000095,2.200000048,,5.25,2.5,3.549999952,4.320000172,4.599999905,5.769999981,1.269999981,3.539999962,6.900000095,5.550000191,,9.630000114,7.75,7.900000095,6.699999809,9.800000191,,,1.350000024,2.75,,0.819999993,1.899999976,1.070000052,6.300000191,1.25,2.25,0.023
1.51E+14,Toranagal,Ground water,Cgwb,Karnataka,Ballari,Sandur,Manual,Sandur,Toranagal,15.1958,76.675,05-01-1996,06-08-2024,Dug well,Unconfined,8.15,HGZ,MANUAL-Water Level,m,4.900000095,6.489999771,4.75,3.650000095,4.130000114,6.110000134,4.800000191,3.579999924,4.25,4.550000191,5.039999962,3.519999981,5.25,6.75,6.119999886,4.050000191,4.929999828,6.550000191,5.650000095,3.849999905,3.950000048,6.949999809,4.050000191,2.769999981,3.650000095,5.929999828,4.269999981,3.039999962,3.75999999,5.769999981,4.03000021,3.200000048,3.950000048,5.800000191,3.789999962,3.529999971,4.309999943,5.650000095,3.549999952,2.74000001,4.119999886,5.400000095,2.849999905,3.119999886,3.269999981,5.179999828,3.970000029,3.289999962,3.690000057,7.349999905,,2.970000029,3.5,5.849999905,3.680000067,3.200000048,3.670000076,5.150000095,3.549999952,2.400000095,3.450000048,5.070000172,3.930000067,2.849999905,,,3.650000095,3.25,4.199999809,6.550000191,6.300000191,1.350000024,4.369999886,3.519999981,3.819999933,,,6.0,4.920000076,2.630000114,5.050000191,,,3.25,5.110000134,,4.570000172,4.829999924,2.960000038,6.230000019,2.900000095,2.380000114,0.023
1.50E+14,Yeswanthanagar,Ground water,Cgwb,Karnataka,Ballari,Sandur,Manual,Sandur,Yeswanthanagar,15.0333,76.4833,05-01-1996,06-08-2024,Dug well,Unconfined,12.5,HGZ,MANUAL-Water Level,m,5.599999905,6.800000191,5.650000095,5.599999905,6.150000095,6.46999979,6.769999981,4.699999809,5.449999809,6.0,5.800000191,5.639999866,6.25,7.550000191,7.550000191,6.989999771,7.449999809,8.050000191,7.070000172,6.570000172,6.960000038,8.949999809,5.690000057,6.150000095,5.75,5.369999886,5.659999847,5.739999771,6.650000095,9.25,6.96999979,5.28000021,5.150000095,5.699999809,6.449999809,6.619999886,6.75,8.050000191,5.75,4.090000153,4.820000172,5.929999828,,3.599999905,3.819999933,5.25,4.980000019,5.079999924,5.650000095,6.599999905,,6.329999924,6.550000191,8.449999809,7.489999771,5.71999979,5.980000019,6.849999905,6.650000095,6.300000191,7.150000095,7.78000021,6.170000076,5.550000191,,7.800000191,7.170000076,7.400000095,8.329999924,10.05000019,10.09000015,5.199999809,8.050000191,9.449999809,8.800000191,8.75,,11.0,10.0,8.949999809,10.10000038,,,4.550000191,5.019999981,,5.070000172,4.730000019,6.090000153,6.920000076,4.309999943,3.119999886,0.023
1.31E+14,Banavadi,Ground water,Cgwb,Karnataka,Bangalore rural,Magadi,Manual,Magadi,Banavadi,13.1167,77.2583,05-01-1996,05-01-2024,Dug well,Unconfined,20.0,HGZ,MANUAL-Water Level,m,3.880000114,5.550000191,2.789999962,2.230000019,3.460000038,4.599999905,3.75999999,2.150000095,3.549999952,3.450000048,3.980000019,3.630000114,4.699999809,6.099999905,6.179999828,5.369999886,6.170000076,7.0,4.630000114,2.450000048,3.25,3.99000001,4.0,1.950000048,1.649999976,3.650000095,4.5,5.0,5.599999905,7.650000095,,2.940000057,,,3.119999886,2.130000114,4.25,3.950000048,3.369999886,2.900000095,3.599999905,5.550000191,3.900000095,3.150000095,4.300000191,3.660000086,3.470000029,2.470000029,2.549999952,2.720000029,,,,,4.320000172,3.410000086,4.179999828,5.119999886,,1.799999952,2.880000114,4.650000095,3.849999905,1.179999948,,,3.849999905,7.699999809,2.839999914,3.559999943,2.819999933,1.419999957,2.200000048,1.720000029,,3.519999981,,7.300000191,4.599999905,2.720000029,,,4.230000019,1.950000048,3.660000086,,4.550000191,,1.899999976,1.700000048,1.649999976,1.399999976,0.023
1.26E+14,Magadi2,Ground water,Cgwb,Karnataka,Bangalore rural,Magadi,Manual,Magadi,Magadi,12.9722,77.1903,05-01-1996,05-01-2024,Dug well,Unconfined,13.0,HGZ,MANUAL-Water Level,m,3.799999952,2.980000019,2.049999952,1.24000001,2.349999905,4.849999905,5.710000038,1.940000057,3.779999971,6.650000095,7.610000134,7.0,8.0,9.989999771,9.449999809,6.400000095,7.440000057,7.400000095,6.03000021,4.480000019,5.730000019,7.440000057,,2.200000048,3.700000048,6.5,7.849999905,6.440000057,,8.109999657,6.699999809,2.900000095,4.210000038,6.159999847,4.949999809,5.119999886,6.599999905,8.75,5.809999943,5.039999962,6.199999809,9.149999619,8.470000267,6.380000114,5.75,7.199999809,4.050000191,2.319999933,4.380000114,7.260000229,,10.51000023,6.800000191,10.5,7.460000038,4.840000153,6.989999771,11.19999981,10.39999962,2.359999895,3.150000095,3.299999952,6.099999905,1.799999952,,4.550000191,4.25,5.699999809,6.659999847,7.570000172,5.420000076,1.340000033,2.200000048,2.470000029,2.099999905,2.039999962,2.329999924,4.800000191,2.829999924,2.630000114,,,2.930000067,1.799999952,2.24000001,,2.400000095,0.699999988,1.600000024,1.620000005,1.450000048,1.5,0.023
1.31E+14,Shivagange1,Ground water,Cgwb,Karnataka,Bangalore rural,Nelamangala,Manual,Nelamangala,Shivagange,13.1889,77.2278,05-01-1996,25-08-2024,Dug well,Unconfined,17.0,HGZ,MANUAL-Water Level,m,3.230000019,8.609999657,8.149999619,2.430000067,5.800000191,10.96000004,8.470000267,2.200000048,6.050000191,3.99000001,8.350000381,7.25,9.600000381,6.599999905,9.350000381,11.69999981,11.94999981,13.10000038,12.39999962,8.409999847,2.930000067,11.10999966,6.449999809,3.25,6.130000114,8.699999809,5.150000095,5.349999905,8.850000381,13.39999962,15.69999981,4.889999866,3.049999952,8.899999619,9.25,1.970000029,2.849999905,4.0,15.35000038,14.36999989,4.710000038,5.639999866,15.60000038,13.89999962,8.100000381,11.05000019,11.22999954,9.020000458,9.329999924,10.89999962,,15.13000011,15.30000019,14.10000038,14.38000011,13.75,13.42000008,13.85000038,2.079999924,1.299999952,2.950000048,5.539999962,2.200000048,1.549999952,,2.660000086,1.879999995,2.50999999,2.599999905,3.319999933,2.25,1.399999976,2.400000095,1.899999976,3.200000048,2.359999895,2.299999952,4.0,1.700000048,1.899999976,6.320000172,,3.130000114,2.0,,,2.25,1.850000024,1.899999976,1.669999957,1.519999981,2.349999905,0.023
1.32E+14,Vishwanathapura,Ground water,Cgwb,Karnataka,Bangalore rural,Devanhalli,Manual,Devanhalli,Vishwanathapura,13.275,77.65,05-01-1996,25-08-2024,Dug well,Unconfined,13.46,HGZ,MANUAL-Water Level,m,4.349999905,6.300000191,5.199999809,2.970000029,3.680000067,6.260000229,5.510000229,3.400000095,4.75,5.900000095,6.599999905,7.099999905,7.989999771,9.050000191,8.710000038,8.819999695,9.029999733,9.399999619,9.869999886,7.099999905,7.579999924,8.229999542,,5.199999809,3.880000114,5.699999809,5.840000153,5.829999924,6.579999924,6.840000153,6.199999809,4.199999809,4.380000114,4.239999771,4.340000153,4.0,4.900000095,5.03000021,5.550000191,4.090000153,4.170000076,5.25,3.420000076,3.619999886,3.75,5.5,3.980000019,4.460000038,7.03000021,5.090000153,,7.289999962,6.449999809,6.699999809,6.130000114,3.480000019,4.420000076,5.78000021,6.340000153,4.639999866,10.10000038,1.25,5.170000076,2.960000038,,5.179999828,3.75999999,4.420000076,5.25,5.880000114,5.300000191,2.799999952,4.019999981,5.269999981,5.730000019,5.730000019,6.349999905,7.449999809,6.400000095,4.869999886,6.320000172,,4.179999828,2.809999943,3.470000029,,3.849999905,1.200000048,1.919999957,3.210000038,2.349999905,,0.023
1.26E+14,Bangalore ii,Ground water,Cgwb,Karnataka,Bangalore urban,Bangalore south,Manual,Bangalore south,Bangalore ii,12.9225,77.5792,05-01-1996,25-08-2024,Dug well,Unconfined,13.15,HGZ,MANUAL-Water Level,m,4.389999866,5.349999905,2.50999999,1.75,3.130000114,4.769999981,4.150000095,1.870000005,2.670000076,5.269999981,4.760000229,3.769999981,4.880000114,7.46999979,6.369999886,5.670000076,6.920000076,7.019999981,6.289999962,2.980000019,5.480000019,5.989999771,5.849999905,1.269999981,2.450000048,5.03000021,4.960000038,5.210000038,,5.869999886,4.670000076,2.089999914,3.529999971,3.960000038,3.569999933,3.039999962,5.039999962,5.090000153,2.980000019,2.109999895,2.470000029,4.71999979,4.269999981,3.25,3.220000029,4.070000172,1.870000005,2.400000095,5.170000076,4.139999866,,8.279999733,9.270000458,9.090000153,6.369999886,3.880000114,5.909999847,,7.369999886,4.53000021,4.260000229,4.769999981,3.319999933,1.289999962,,2.470000029,2.369999886,3.950000048,4.730000019,8.279999733,3.50999999,2.460000038,4.570000172,5.070000172,5.070000172,3.869999886,6.550000191,7.389999866,3.670000076,2.440000057,4.480000019,,5.099999905,,3.650000095,,2.829999924,2.069999933,,2.269999981,2.069999933,,0.023
1.26E+14,Bangalore-iv,Ground water,Cgwb,Karnataka,Bangalore urban,Bangalore north,Manual,Bangalore north,Bangalore-iv,12.9442,77.5583,05-01-1996,25-08-2024,Dug well,Unconfined,13.6,HGZ,MANUAL-Water Level,m,2.430000067,2.5,2.150000095,1.970000029,2.359999895,2.480000019,2.339999914,1.090000033,,2.349999905,2.349999905,2.200000048,2.640000105,2.75,2.00999999,1.649999976,2.299999952,2.099999905,2.150000095,2.049999952,2.660000086,2.74000001,2.059999943,1.700000048,2.019999981,2.849999905,2.890000105,2.670000076,,1.879999995,2.150000095,2.150000095,2.559999943,1.220000029,2.450000048,2.109999895,2.880000114,2.829999924,1.919999957,1.309999943,2.799999952,2.680000067,2.359999895,2.25,2.700000048,2.25,1.820000052,2.450000048,3.349999905,1.230000019,,2.99000001,3.400000095,,2.799999952,2.75999999,3.279999971,3.480000019,2.910000086,1.75,2.039999962,2.470000029,2.549999952,1.899999976,,2.440000057,2.0,3.299999952,3.710000038,3.309999943,1.830000043,1.159999967,1.799999952,4.309999943,2.150000095,1.799999952,2.50999999,3.380000114,1.700000048,1.350000024,3.319999933,,3.0,1.0,1.75999999,,1.590000033,1.200000048,,1.539999962,1.100000024,,0.023
1.30E+14,Hebbal2,Ground water,Cgwb,Karnataka,Bangalore urban,Bangalore north,Manual,Bangalore north,Hebbal,13.0417,77.575,05-01-1996,25-08-2024,Bore well,-,77.0,HGZ,MANUAL-Water Level,m,2.38,3.91,9.26,8.38,9.53,14.41,8.7,6.33,2.48,13.48,8.76,10.4,14.69,8.16,3.35,1.14,21.87,15.6,15.25,10.0,14.9,6.5,15.95,9.45,7.67,9.45,13.71,14.21,16.7,,20.7,15.89,16.14,22.04,5.8,11.63,11.55,18.7,17.96,13.78,12.08,18.68,16.02,12.02,12.91,20.91,19.93,14.38,15.39,21.3,,23.18,26.4,36.6,35.27,,21.43,36.21,38.32,24.21,22.63,26.1,27.97,,,,39.45,38.3,36.0,,,16.1,21.06,47.34,59.13,37.5,,57.38,66.9,37.8,61.55,,5.85,13.3,18.05,,27.07,13.65,12.94,24.7,14.75,12.25,0.023
1.64E+14,Ainapur,Ground water,Cgwb,Karnataka,Belgaum,Raybag,Manual,Raybag,Ainapur,16.6417,74.8833,05-01-1996,05-01-2024,Dug well,Unconfined,14.64,HGZ,MANUAL-Water Level,m,6.380000114,6.110000134,1.659999967,4.590000153,5.610000134,7.099999905,5.420000076,3.630000114,5.460000038,6.960000038,3.230000019,2.349999905,4.889999866,,6.849999905,3.50999999,6.690000057,8.850000381,3.609999895,2.140000105,4.289999962,4.590000153,1.970000029,1.919999957,4.230000019,4.210000038,4.789999962,3.019999981,3.819999933,5.369999886,2.480000019,3.170000076,4.389999866,5.320000172,4.380000114,3.480000019,3.339999914,3.150000095,2.559999943,0.99000001,2.059999943,4.639999866,0.460000008,2.160000086,2.359999895,3.730000019,3.269999981,3.099999905,2.940000057,4.809999943,,2.789999962,3.029999971,,3.049999952,1.340000033,2.910000086,3.789999962,0.25,1.0,1.940000057,1.110000014,2.869999886,2.390000105,,6.739999771,0.819999993,2.539999962,2.640000105,5.039999962,2.640000105,2.710000038,3.069999933,5.239999771,1.940000057,2.49000001,3.170000076,8.979999542,2.190000057,,3.549999952,,2.039999962,1.950000048,4.710000038,,4.110000134,3.430000067,4.090000153,2.430000067,3.470000029,3.799999952,0.02
1.61E+14,Arabhavi,Ground water,Cgwb,Karnataka,Belgaum,Gokak,Manual,Gokak,Arabhavi,16.2167,74.8833,05-01-1996,05-01-2024,Dug well,Unconfined,10.0,HGZ,MANUAL-Water Level,m,1.320000052,6.239999771,1.690000057,2.970000029,2.210000038,6.769999981,1.789999962,1.690000057,1.559999943,4.840000153,1.50999999,1.570000052,2.25,5.340000153,0.899999976,1.519999981,5.869999886,8.369999886,1.629999995,1.99000001,1.830000043,7.190000057,2.170000076,2.730000019,,4.929999828,3.019999981,2.170000076,5.409999847,7.650000095,2.170000076,2.319999933,2.220000029,5.900000095,2.519999981,2.089999914,2.670000076,7.300000191,1.50999999,1.99000001,2.089999914,,2.75999999,2.589999914,3.079999924,2.789999962,2.049999952,1.429999948,2.829999924,6.420000076,,1.480000019,1.710000038,4.71999979,0.620000005,3.230000019,3.589999914,8.140000343,3.279999971,4.119999886,2.799999952,7.090000153,3.950000048,4.340000153,,8.789999962,3.170000076,3.769999981,3.349999905,6.900000095,3.539999962,3.519999981,3.849999905,4.289999962,3.150000095,3.970000029,3.349999905,7.369999886,3.059999943,2.619999886,4.0,,3.220000029,3.200000048,3.75,,3.069999933,3.470000029,3.769999981,2.869999886,3.230000019,3.99000001,0.018
1.64E+14,Athni,Ground water,Cgwb,Karnataka,Belgaum,Athni,Manual,Athni,Athni,16.725,75.0667,05-01-1996,05-01-2024,Dug well,Unconfined,13.15,HGZ,MANUAL-Water Level,m,3.880000114,9.819999695,7.880000114,3.299999952,3.970000029,9.869999886,10.63000011,4.119999886,5.21999979,10.47000027,9.010000229,4.710000038,6.739999771,12.14000034,11.19999981,11.42000008,11.28999996,11.42000008,6.230000019,4.670000076,6.079999924,8.649999619,9.75,5.579999924,6.650000095,8.25,9.5,3.789999962,4.769999981,8.109999657,3.0,,3.799999952,5.800000191,6.429999828,4.880000114,4.849999905,7.510000229,7.949999809,2.950000048,3.960000038,6.730000019,4.96999979,2.799999952,3.25,5.829999924,6.239999771,4.980000019,5.659999847,7.489999771,,4.869999886,6.099999905,12.27999973,5.590000153,3.599999905,4.159999847,6.510000229,4.489999771,3.029999971,3.819999933,6.070000172,5.119999886,3.519999981,,7.449999809,3.170000076,3.460000038,4.199999809,7.159999847,4.989999771,3.390000105,3.910000086,6.150000095,5.0,4.110000134,5.28000021,8.380000114,5.989999771,3.0,4.380000114,,3.200000048,2.869999886,3.549999952,,3.569999933,3.299999952,3.75,4.25,3.349999905,4.139999866,0.02
1.64E+14,Badchi,Ground water,Cgwb,Karnataka,Belgaum,Athni,Manual,Athni,Badchi,16.7375,75.1458,05-01-1996,05-01-2024,Dug well,Unconfined,10.25,HGZ,MANUAL-Water Level,m,4.010000229,5.690000057,6.460000038,2.950000048,3.99000001,6.989999771,10.0,3.349999905,6.039999962,3.329999924,9.319999695,4.340000153,9.970000267,,,9.979999542,10.02999973,8.720000267,5.170000076,3.180000067,5.409999847,7.260000229,3.730000019,4.5,8.550000191,4.75,4.849999905,1.99000001,4.860000134,7.110000134,1.309999943,2.369999886,3.799999952,6.349999905,9.569999695,6.429999828,,4.329999924,3.809999943,1.5,3.599999905,6.960000038,3.940000057,2.359999895,5.800000191,6.78000021,7.349999905,6.159999847,8.31000042,9.159999847,,2.559999943,4.909999847,8.640000343,2.950000048,1.669999957,2.940000057,5.579999924,0.660000026,1.059999943,1.889999986,4.199999809,3.00999999,1.25,,6.269999981,1.059999943,1.899999976,2.549999952,5.920000076,4.650000095,1.580000043,2.160000086,5.21999979,2.640000105,2.700000048,3.930000067,8.449999809,2.529999971,0.839999974,2.49000001,,1.159999967,0.870000005,2.220000029,,0.939999998,1.519999981,1.850000024,0.970000029,1.529999971,1.860000014,0.02
1.55E+14,Belgaum1,Ground water,Cgwb,Karnataka,Belgaum,Belgaum,Manual,Belgaum,Belgaum,15.8667,74.5,05-01-1996,05-01-2024,Dug well,Unconfined,13.6,HGZ,MANUAL-Water Level,m,5.630000114,6.929999828,2.609999895,4.179999828,5.53000021,6.940000057,2.559999943,4.289999962,4.739999771,6.559999943,2.220000029,3.369999886,6.920000076,6.730000019,4.139999866,4.21999979,5.579999924,6.059999943,1.980000019,4.349999905,5.0,6.429999828,1.450000048,3.039999962,5.25,3.769999981,1.830000043,3.319999933,4.949999809,6.820000172,2.359999895,3.200000048,4.579999924,4.909999847,2.329999924,3.970000029,4.53000021,6.329999924,2.24000001,3.130000114,4.409999847,2.24000001,2.24000001,3.079999924,4.150000095,4.849999905,1.690000057,4.079999924,5.090000153,6.25,,3.420000076,4.929999828,7.159999847,2.24000001,3.539999962,4.690000057,5.650000095,2.109999895,2.519999981,4.820000172,4.579999924,4.150000095,4.409999847,,6.539999962,1.799999952,4.110000134,5.639999866,5.730000019,3.0,4.579999924,5.46999979,6.199999809,1.980000019,4.449999809,5.679999828,7.570000172,1.679999948,1.879999995,5.199999809,,2.329999924,,5.659999847,,2.279999971,4.199999809,4.949999809,6.0,1.129999995,4.010000229,0.023
1.62E+14,Bellad bagewadi,Ground water,Cgwb,Karnataka,Belgaum,Hukeri,Manual,Hukeri,Bagewadi,16.3,74.7208,05-01-1996,05-01-2024,Dug well,Unconfined,13.84,HGZ,MANUAL-Water Level,m,0.800000012,2.369999886,1.409999967,1.200000048,1.190000057,2.400000095,1.090000033,0.980000019,1.179999948,3.269999981,1.639999986,1.549999952,1.340000033,1.870000005,1.179999948,1.269999981,1.75,1.799999952,1.220000029,1.029999971,0.930000007,1.720000029,0.75,0.829999983,0.720000029,,0.730000019,0.839999974,0.870000005,1.350000024,0.699999988,0.75999999,0.800000012,1.710000038,0.899999976,0.689999998,0.879999995,1.860000014,1.539999962,0.709999979,1.100000024,0.600000024,0.600000024,0.569999993,0.720000029,1.389999986,0.860000014,0.810000002,0.939999998,2.470000029,,0.670000017,0.939999998,1.940000057,1.149999976,0.569999993,0.850000024,1.350000024,0.75,0.579999983,0.720000029,0.99000001,0.959999979,1.340000033,,2.130000114,1.230000019,1.950000048,1.289999962,,1.659999967,0.810000002,0.920000017,1.860000014,0.649999976,1.330000043,1.179999948,2.5,0.300000012,0.439999998,1.110000014,,0.389999986,0.660000026,0.970000029,,0.810000002,0.540000021,0.980000019,0.680000007,0.379999995,0.49000001,0.02
1.63E+14,Examba,Ground water,Cgwb,Karnataka,Belgaum,Chikodi,Manual,Chikodi,Examba,16.5333,74.6042,25-08-1996,05-01-2024,Dug well,Unconfined,13.0,HGZ,MANUAL-Water Level,m,9.829999924,9.510000229,8.479999542,8.279999733,8.529999733,9.380000114,8.220000267,8.380000114,9.050000191,10.13000011,9.210000038,10.23999977,10.35999966,,10.01000023,10.0,10.55000019,10.93999958,10.27999973,9.579999924,9.880000114,10.22999954,7.619999886,6.329999924,6.710000038,7.5,6.480000019,5.909999847,6.440000057,7.440000057,6.239999771,6.309999943,6.510000229,7.730000019,7.909999847,6.639999866,6.630000114,7.960000038,7.260000229,5.809999943,5.199999809,7.050000191,5.059999943,4.199999809,5.309999943,6.900000095,6.820000172,7.28000021,7.380000114,8.520000458,,8.75,8.840000153,9.319999695,9.239999771,9.329999924,10.21000004,12.42000008,10.80000019,6.260000229,6.099999905,8.779999733,7.070000172,7.840000153,,12.11999989,8.449999809,9.149999619,8.899999619,10.0,8.800000191,6.539999962,6.5,8.319999695,8.229999542,9.420000076,8.409999847,10.02999973,4.96999979,4.110000134,5.829999924,,5.079999924,4.079999924,6.349999905,,4.130000114,5.480000019,5.900000095,6.730000019,5.159999847,4.5,0.02
1.63E+14,Galatga,Ground water,Cgwb,Karnataka,Belgaum,Chikodi,Manual,Chikodi,Galatga,16.4875,74.4708,15-05-1996,05-01-2024,Dug well,Unconfined,16.0,HGZ,MANUAL-Water Level,m,12.43000031,,9.449999809,10.72999954,13.19999981,21.35000038,12.35000038,13.84000015,16.96999931,15.40999985,11.06999969,11.40999985,16.02000046,,,14.25,13.98999977,15.82999992,9.630000114,10.93000031,13.65999985,13.61999989,4.880000114,8.899999619,12.25,11.10000038,5.78000021,10.52999973,12.68999958,14.72999954,7.980000019,10.55000019,13.31999969,14.72999954,9.319999695,10.56999969,12.02999973,14.25,10.82999992,9.359999657,11.06000042,8.239999771,8.239999771,8.029999733,11.02999973,14.43000031,11.63000011,12.68000031,13.86999989,13.28999996,,13.14000034,13.77999973,14.42000008,10.19999981,9.819999695,12.97999954,14.57999992,6.590000153,10.10000038,12.43999958,13.64999962,13.64999962,13.31999969,,14.01000023,6.710000038,10.34000015,13.14000034,12.82999992,12.53999996,9.25,11.39000034,12.81999969,9.159999847,12.02000046,13.35999966,13.61999989,6.019999981,4.130000114,10.28999996,,3.900000095,4.929999828,10.22999954,,5.840000153,9.149999619,10.73999977,10.81000042,3.109999895,8.829999924,0.02
1.61E+14,Gotur,Ground water,Cgwb,Karnataka,Belgaum,Hukeri,Manual,Hukeri,Gotur,16.2333,74.5333,25-08-1996,05-01-2024,Dug well,Unconfined,13.16,HGZ,MANUAL-Water Level,m,4.03000021,9.300000191,5.690000057,4.760000229,5.849999905,9.359999657,8.680000305,6.260000229,8.130000114,10.14999962,7.889999866,5.860000134,6.599999905,9.350000381,,8.279999733,9.479999542,9.5,5.880000114,5.619999886,7.130000114,9.180000305,1.690000057,3.25,6.380000114,5.78000021,2.059999943,4.960000038,6.630000114,8.170000076,4.329999924,4.809999943,6.670000076,8.210000038,3.75999999,4.269999981,5.760000229,7.929999828,4.019999981,2.25999999,5.369999886,3.00999999,3.00999999,2.710000038,5.289999962,7.650000095,5.900000095,3.339999914,4.869999886,8.029999733,,5.329999924,6.28000021,8.590000153,4.460000038,3.660000086,5.099999905,6.96999979,4.760000229,2.410000086,4.389999866,6.019999981,5.119999886,5.829999924,,8.710000038,3.450000048,4.320000172,5.53000021,8.779999733,5.099999905,3.25,4.400000095,7.090000153,4.659999847,3.710000038,4.510000229,8.510000229,1.539999962,1.879999995,5.039999962,,2.099999905,2.269999981,4.730000019,,2.309999943,2.75999999,3.809999943,4.880000114,1.279999971,3.630000114,0.02
1.55E+14,Halaga,Ground water,Cgwb,Karnataka,Belgaum,Belgaum,Manual,Belgaum,Halaga,15.7689,74.5583,05-01-1996,05-01-2024,Dug well,Unconfined,13.0,HGZ,MANUAL-Water Level,m,4.050000191,8.390000343,2.930000067,3.099999905,4.809999943,11.17000008,5.75,6.340000153,10.42000008,12.89999962,5.71999979,5.380000114,8.109999657,,7.869999886,6.78000021,12.85999966,12.72000027,2.420000076,3.700000048,6.059999943,12.75,1.330000043,,4.489999771,5.230000019,1.75,2.380000114,4.949999809,11.86999989,1.799999952,1.700000048,3.569999933,6.75,2.349999905,2.25,3.950000048,8.079999924,1.440000057,2.109999895,2.25,1.870000005,1.870000005,1.75,2.75999999,6.079999924,1.429999948,2.609999895,4.179999828,8.010000229,,4.21999979,6.010000229,,1.529999971,1.899999976,3.5,4.53000021,1.649999976,1.370000005,3.470000029,5.630000114,3.75999999,4.760000229,,6.949999809,1.059999943,1.99000001,4.079999924,6.050000191,4.289999962,2.25999999,3.980000019,6.639999866,1.350000024,2.099999905,3.019999981,8.479999542,1.309999943,1.179999948,3.450000048,,1.090000033,1.929999948,3.670000076,,1.649999976,2.119999886,2.720000029,4.340000153,1.070000052,2.299999952,0.018
1.55E+14,Hallakki,Ground water,Cgwb,Karnataka,Belgaum,Parasgad,Manual,Parasgad,Halaki,15.9139,74.9167,05-01-1996,05-01-2024,Dug well,Unconfined,17.0,HGZ,MANUAL-Water Level,m,2.950000048,7.460000038,5.820000172,,5.519999981,11.52000046,10.81999969,8.520000458,10.94999981,12.30000019,11.10000038,11.90999985,11.38000011,12.31999969,12.78999996,6.570000172,10.73999977,5.010000229,9.369999886,8.600000381,10.78999996,12.64999962,7.28000021,2.480000019,3.200000048,5.519999981,7.71999979,8.989999771,,12.28999996,1.090000033,0.600000024,1.039999962,2.440000057,3.50999999,1.190000057,1.269999981,3.390000105,0.330000013,0.200000003,0.200000003,1.649999976,1.649999976,0.589999974,3.019999981,7.630000114,8.840000153,5.880000114,7.579999924,12.42000008,,7.980000019,10.92000008,13.39000034,6.75,4.400000095,9.720000267,11.0,6.78000021,4.070000172,4.679999828,8.670000076,12.34000015,11.42000008,,12.47000027,8.670000076,10.61999989,12.64000034,15.81999969,16.31999969,3.019999981,5.070000172,4.320000172,5.940000057,5.769999981,9.770000458,13.67000008,5.840000153,0.01,0.980000019,,0.170000002,0.039999999,0.340000004,,0.370000005,0.090000004,0.469999999,2.180000067,2.069999933,0.819999993,0.018
1.64E+14,Halyal1,Ground water,Cgwb,Karnataka,Belgaum,Athni,Manual,Athni,Halyal,16.6333,75.0083,05-01-1996,05-01-2024,Dug well,Unconfined,13.89,HGZ,MANUAL-Water Level,m,2.75,2.730000019,2.50999999,2.900000095,2.779999971,3.349999905,2.450000048,2.519999981,2.970000029,3.150000095,2.869999886,2.640000105,3.349999905,,2.569999933,2.150000095,4.630000114,,5.369999886,1.799999952,2.460000038,3.700000048,2.299999952,2.309999943,2.5,2.900000095,1.850000024,1.830000043,2.710000038,2.50999999,2.569999933,2.039999962,2.400000095,2.599999905,2.390000105,2.589999914,2.349999905,2.369999886,2.150000095,2.430000067,2.369999886,1.889999986,1.889999986,2.359999895,2.640000105,2.849999905,2.319999933,2.410000086,2.119999886,4.809999943,,2.210000038,2.450000048,7.699999809,2.190000057,1.899999976,2.019999981,2.49000001,2.230000019,1.889999986,2.299999952,2.720000029,2.319999933,2.140000105,,,2.930000067,2.299999952,2.400000095,5.329999924,2.410000086,2.150000095,2.700000048,4.480000019,2.630000114,2.359999895,2.549999952,,2.109999895,,2.859999895,,2.829999924,2.269999981,2.309999943,,3.349999905,2.220000029,2.380000114,1.480000019,2.720000029,2.789999962,0.02
1.61E+14,Hukeri1,Ground water,Cgwb,Karnataka,Belgaum,Hukeri,Manual,Hukeri,Hukeri,16.225,74.6056,05-01-1996,05-01-2024,Dug well,Unconfined,13.92,HGZ,MANUAL-Water Level,m,7.170000076,8.949999809,7.590000153,8.649999619,8.430000305,9.529999733,7.940000057,7.739999771,9.5,8.18999958,8.130000114,8.130000114,9.430000305,9.539999962,8.770000458,7.71999979,9.800000191,9.640000343,7.369999886,6.320000172,8.300000191,8.979999542,3.210000038,2.599999905,6.650000095,6.179999828,3.700000048,5.400000095,7.389999866,7.789999962,3.769999981,6.46999979,7.519999981,7.150000095,4.670000076,4.329999924,4.599999905,6.630000114,5.139999866,2.74000001,4.639999866,6.420000076,3.910000086,1.620000005,3.49000001,4.889999866,3.539999962,3.920000076,4.510000229,5.980000019,,4.809999943,5.159999847,6.96999979,4.420000076,4.699999809,5.420000076,6.019999981,6.440000057,4.03000021,4.960000038,7.659999847,6.820000172,6.010000229,,6.599999905,4.400000095,6.440000057,8.0,6.71999979,5.050000191,3.940000057,5.550000191,7.5,4.320000172,5.800000191,3.900000095,9.899999619,3.150000095,3.799999952,7.639999866,,3.299999952,3.319999933,7.050000191,,4.5,5.650000095,4.139999866,3.869999886,5.599999905,6.900000095,0.02
1.62E+14,Hulloli,Ground water,Cgwb,Karnataka,Belgaum,Hukeri,Manual,Hukeri,Hulloli,16.2583,74.6583,25-08-1996,05-01-2024,Dug well,Unconfined,11.91,HGZ,MANUAL-Water Level,m,6.699999809,6.480000019,6.46999979,6.349999905,7.900000095,8.5,5.599999905,2.869999886,7.989999771,2.5,7.25,7.75,8.229999542,7.889999866,,5.559999943,8.020000458,7.639999866,4.78000021,2.339999914,8.680000305,2.75999999,0.810000002,2.799999952,7.800000191,1.129999995,1.5,6.78000021,7.960000038,7.900000095,2.430000067,2.720000029,2.220000029,7.400000095,1.50999999,3.849999905,4.760000229,5.739999771,1.200000048,2.480000019,1.730000019,1.24000001,1.24000001,1.340000033,1.379999995,2.049999952,1.029999971,3.75,1.659999967,5.170000076,,1.269999981,1.580000043,2.089999914,1.789999962,1.25,1.679999948,1.75999999,1.25,0.959999979,2.670000076,4.820000172,1.730000019,4.199999809,,6.75,1.279999971,2.680000067,2.049999952,3.49000001,1.00999999,1.600000024,2.630000114,2.269999981,0.899999976,3.480000019,1.529999971,4.519999981,1.039999962,1.320000052,6.199999809,,1.269999981,1.75,2.460000038,,1.909999967,2.460000038,2.900000095,0.779999971,0.75,0.400000006,0.02
1.62E+14,Kabbur,Ground water,Cgwb,Karnataka,Belgaum,Chikodi,Manual,Chikodi,Kabbur,16.3444,74.7278,15-05-1996,05-01-2024,Dug well,Unconfined,18.0,HGZ,MANUAL-Water Level,m,4.599999905,7.980000019,5.940000057,4.789999962,5.260000229,8.359999657,7.579999924,5.210000038,5.369999886,9.350000381,,5.699999809,5.860000134,8.390000343,8.369999886,5.829999924,8.659999847,10.77999973,6.119999886,5.360000134,5.670000076,9.229999542,3.829999924,4.900000095,5.989999771,4.519999981,4.730000019,5.340000153,,8.619999886,4.809999943,9.329999924,6.71999979,10.31999969,6.670000076,5.409999847,5.78000021,8.170000076,5.710000038,4.309999943,4.789999962,3.930000067,3.930000067,3.980000019,4.590000153,6.309999943,4.590000153,5.840000153,5.739999771,8.819999695,,4.53000021,5.460000038,6.869999886,5.28000021,3.559999943,4.980000019,6.800000191,6.010000229,4.03000021,4.090000153,3.880000114,4.480000019,5.880000114,,7.289999962,6.409999847,7.449999809,7.5,7.960000038,6.480000019,5.690000057,6.579999924,6.880000114,7.46999979,11.32999992,8.56000042,8.739999771,1.370000005,2.25,5.340000153,,,4.260000229,4.699999809,,5.579999924,10.90999985,9.050000191,5.340000153,3.25999999,4.400000095,0.02
1.54E+14,Khanapur1,Ground water,Cgwb,Karnataka,Belgaum,Khanapur,Manual,Khanapur,Khanapur,15.6667,74.5,05-01-1996,05-01-2024,Dug well,Unconfined,13.14,HGZ,MANUAL-Water Level,m,9.529999733,8.739999771,5.070000172,7.599999905,8.539999962,10.31000042,4.949999809,7.320000172,8.010000229,10.39999962,5.659999847,7.840000153,8.539999962,10.89999962,6.389999866,7.78000021,8.75,10.38000011,3.559999943,7.849999905,8.600000381,9.869999886,3.660000086,7.599999905,8.56000042,3.599999905,2.400000095,7.440000057,8.520000458,9.340000153,5.900000095,7.550000191,8.550000191,8.930000305,3.25,4.760000229,8.0,9.270000458,4.71999979,7.28000021,8.170000076,9.550000191,5.110000134,7.099999905,12.53999996,12.53999996,3.24000001,7.639999866,8.670000076,10.06000042,,7.75,7.940000057,10.85000038,5.019999981,8.0,8.920000076,9.140000343,3.339999914,5.349999905,7.489999771,9.880000114,7.639999866,8.449999809,,12.53999996,3.069999933,8.100000381,9.020000458,12.53999996,6.349999905,8.420000076,8.899999619,9.789999962,2.390000105,8.149999619,9.180000305,11.82999992,2.049999952,6.699999809,9.789999962,,2.0,7.75,8.199999809,,4.119999886,7.71999979,8.449999809,9.090000153,1.299999952,7.639999866,0.023
1.65E+14,Khotanatti,Ground water,Cgwb,Karnataka,Belgaum,Athni,Manual,Athni,Khotanatti,16.7583,75.2333,05-01-1996,05-01-2024,Dug well,Unconfined,15.33,HGZ,MANUAL-Water Level,m,6.699999809,11.51000023,9.770000458,4.849999905,7.619999886,10.96000004,10.69999981,4.070000172,7.380000114,9.930000305,11.39999962,4.920000076,9.630000114,,14.05000019,10.27999973,14.25,13.60000038,10.0,7.380000114,10.43999958,13.27999973,12.14000034,11.25,13.11999989,12.02999973,9.899999619,7.760000229,9.579999924,12.36999989,6.579999924,5.809999943,8.350000381,11.02999973,11.46000004,6.71999979,9.199999809,8.680000305,7.71999979,2.539999962,6.820000172,8.710000038,8.710000038,7.670000076,8.93999958,11.96000004,12.02999973,10.01000023,11.5,12.63000011,,9.829999924,11.22999954,13.60000038,6.889999866,7.019999981,8.800000191,11.69999981,10.27000046,3.549999952,6.0,10.60999966,10.34000015,4.650000095,,11.44999981,5.159999847,7.099999905,8.369999886,11.72999954,11.94999981,5.28000021,6.849999905,9.670000076,9.609999657,7.380000114,9.220000267,12.05000019,11.60000038,2.529999971,5.300000191,,5.789999962,2.230000019,5.929999828,,7.289999962,6.019999981,7.75,9.420000076,5.860000134,4.420000076,0.02
1.55E+14,Kudichi,Ground water,Cgwb,Karnataka,Belgaum,Belgaum,Manual,Belgaum,Kudachi,15.8667,74.5667,05-01-1996,05-01-2024,Dug well,Unconfined,20.0,HGZ,MANUAL-Water Level,m,3.900000095,7.849999905,1.0,5.909999847,3.680000067,8.609999657,5.210000038,6.909999847,8.270000458,8.680000305,3.390000105,3.880000114,6.159999847,8.710000038,7.550000191,7.670000076,8.140000343,8.960000038,1.720000029,3.49000001,5.050000191,7.960000038,0.620000005,1.690000057,3.940000057,1.230000019,0.709999979,1.830000043,3.579999924,6.590000153,0.569999993,0.920000017,3.150000095,4.920000076,0.560000002,1.850000024,3.359999895,5.920000076,0.560000002,1.539999962,3.099999905,0.469999999,0.469999999,0.75,2.130000114,4.989999771,0.540000021,1.429999948,2.779999971,4.860000134,,1.429999948,3.00999999,5.269999981,0.680000007,4.409999847,2.849999905,2.890000105,0.569999993,0.790000021,2.539999962,3.920000076,2.829999924,2.210000038,,9.56000042,3.49000001,4.309999943,4.239999771,8.069999695,5.260000229,3.980000019,4.860000134,7.139999866,5.909999847,4.900000095,5.559999943,,3.059999943,1.659999967,5.079999924,,2.789999962,3.130000114,3.849999905,,0.670000017,1.139999986,2.75999999,2.579999924,3.359999895,1.74000001,0.018
1.65E+14,Mallabad1,Ground water,Cgwb,Karnataka,Belgaum,Athni,Manual,Athni,Malabad,16.9028,75.1194,05-01-1996,05-01-2024,Dug well,Unconfined,13.85,HGZ,MANUAL-Water Level,m,12.09000015,11.68000031,11.06999969,9.470000267,11.55000019,10.81999969,11.85000038,8.619999886,11.48999977,12.02000046,11.30000019,11.65999985,12.02999973,12.39000034,11.72999954,11.35999966,12.51000023,,11.96000004,9.409999847,11.85000038,,11.81000042,11.71000004,12.89000034,,12.13000011,8.779999733,11.72999954,12.06999969,10.13000011,10.07999992,11.84000015,12.13000011,12.77999973,8.470000267,11.68000031,12.60000038,11.47999954,8.109999657,11.93000031,9.720000267,9.720000267,9.029999733,11.19999981,11.44999981,10.42000008,10.78999996,11.55000019,12.0,,11.55000019,12.02999973,12.93000031,11.89000034,11.35000038,11.93000031,11.81999969,10.27000046,9.25,11.77999973,11.98999977,11.68999958,10.89000034,,12.68000031,9.010000229,11.56999969,11.97999954,10.82999992,11.88000011,8.930000305,11.82999992,11.89999962,11.77000046,11.89000034,12.02999973,13.69999981,11.64000034,,11.34000015,,,7.309999943,11.47999954,,11.72999954,9.699999809,11.98999977,7.650000095,8.550000191,10.14999962,0.02
1.61E+14,Mamadapur,Ground water,Cgwb,Karnataka,Belgaum,Gokak,Manual,Gokak,Mamadapur,16.0833,74.95,05-01-1996,05-01-2024,Dug well,Unconfined,18.47,HGZ,MANUAL-Water Level,m,8.859999657,10.23999977,11.52000046,7.050000191,7.630000114,11.22000027,9.93999958,10.03999996,11.85999966,7.630000114,17.07999992,13.80000019,14.27999973,14.61999989,,15.14000034,13.53999996,11.06000042,7.46999979,7.599999905,6.349999905,9.489999771,5.489999771,5.320000172,5.150000095,9.0,5.949999809,4.980000019,5.889999866,9.550000191,2.190000057,5.75,6.139999866,9.600000381,7.980000019,5.579999924,5.050000191,4.610000134,6.619999886,3.930000067,4.510000229,6.519999981,6.519999981,4.710000038,4.789999962,9.069999695,6.289999962,5.519999981,5.480000019,9.909999847,,7.449999809,6.150000095,7.059999943,5.699999809,6.329999924,5.889999866,9.869999886,5.599999905,5.630000114,5.119999886,5.170000076,6.010000229,8.050000191,,7.329999924,5.869999886,6.869999886,5.360000134,6.96999979,10.32999992,3.75,5.090000153,10.44999981,8.850000381,8.31000042,8.470000267,12.93000031,6.860000134,,7.25,,6.46999979,5.150000095,7.550000191,,7.349999905,10.77000046,12.64999962,3.269999981,10.78999996,9.630000114,0.018
1.64E+14,Nandagaon1,Ground water,Cgwb,Karnataka,Belgaum,Athni,Manual,Athni,Nandagaon,16.6806,75.125,05-01-1996,05-01-2024,Dug well,Unconfined,15.33,HGZ,MANUAL-Water Level,m,7.050000191,9.670000076,7.809999943,5.329999924,6.829999924,9.479999542,9.729999542,4.519999981,6.019999981,7.670000076,7.429999828,8.109999657,10.09000015,11.77000046,12.39999962,11.68999958,13.5,12.68000031,9.760000229,1.429999948,9.289999962,10.71000004,8.970000267,10.21000004,11.06000042,10.65999985,9.430000305,6.130000114,7.360000134,9.909999847,6.920000076,7.260000229,6.679999828,7.230000019,10.10999966,8.430000305,9.829999924,10.26000023,7.630000114,3.369999886,4.090000153,5.260000229,5.260000229,3.049999952,4.159999847,5.570000172,6.610000134,6.210000038,6.820000172,7.449999809,,3.640000105,3.829999924,6.480000019,4.46999979,2.779999971,3.480000019,6.010000229,6.230000019,3.170000076,3.230000019,5.590000153,5.889999866,2.829999924,,7.849999905,4.980000019,3.470000029,5.150000095,8.56000042,7.050000191,3.710000038,4.110000134,7.429999828,5.78000021,3.900000095,4.550000191,8.949999809,6.190000057,,3.849999905,,3.950000048,2.069999933,,,4.849999905,3.329999924,3.329999924,3.99000001,2.529999971,3.039999962,0.02
1.61E+14,Parthanhalli,Ground water,Cgwb,Karnataka,Belgaum,Gokak,Manual,Gokak,Partmanahalli,16.15,75.0667,05-01-1996,05-01-2024,Dug well,Unconfined,9.25,HGZ,MANUAL-Water Level,m,4.949999809,,4.980000019,2.950000048,3.660000086,,7.739999771,3.75,4.269999981,6.670000076,6.210000038,6.519999981,8.399999619,,7.010000229,6.46999979,8.18999958,8.140000343,5.289999962,4.309999943,5.239999771,8.270000458,5.929999828,5.889999866,8.149999619,8.06000042,8.350000381,3.789999962,4.369999886,8.350000381,4.190000057,3.349999905,3.930000067,6.900000095,8.229999542,4.210000038,5.050000191,6.400000095,4.409999847,1.789999962,2.829999924,5.619999886,5.619999886,4.190000057,3.829999924,6.179999828,6.25,5.949999809,6.079999924,6.610000134,,5.28000021,5.789999962,6.730000019,5.449999809,2.75,3.170000076,6.070000172,4.190000057,1.909999967,2.410000086,5.440000057,5.510000229,2.539999962,,5.920000076,2.809999943,1.809999943,2.700000048,5.380000114,4.949999809,1.960000038,2.49000001,5.460000038,4.449999809,2.450000048,2.980000019,6.869999886,4.670000076,1.039999962,2.690000057,,2.019999981,0.790000021,2.200000048,,2.200000048,1.460000038,1.940000057,3.299999952,2.150000095,1.769999981,0.018
1.55E+14,Piranwadi,Ground water,Cgwb,Karnataka,Belgaum,Belgaum,Manual,Belgaum,Peerwadi,15.775,74.4833,05-01-1996,05-01-2024,Dug well,Unconfined,8.1,HGZ,MANUAL-Water Level,m,3.309999943,,1.75,2.25999999,3.75,,1.769999981,3.559999943,6.519999981,,2.039999962,2.650000095,4.599999905,,2.329999924,2.839999914,4.599999905,,1.74000001,3.299999952,4.679999828,,1.659999967,2.720000029,4.440000057,5.0,1.75,2.779999971,4.199999809,7.699999809,2.369999886,2.630000114,3.99000001,7.699999809,2.599999905,3.309999943,4.599999905,7.699999809,2.140000105,2.470000029,3.920000076,7.699999809,1.730000019,2.819999933,3.859999895,7.699999809,1.529999971,2.680000067,3.710000038,7.699999809,,2.769999981,3.569999933,7.699999809,1.870000005,2.779999971,3.829999924,7.699999809,1.929999948,2.029999971,3.339999914,6.210000038,2.599999905,3.380000114,,7.699999809,1.690000057,2.960000038,5.21999979,7.699999809,2.519999981,2.549999952,4.010000229,,1.899999976,2.960000038,4.380000114,,1.870000005,1.840000033,4.019999981,,1.700000048,2.75,4.300000191,,1.899999976,2.650000095,3.700000048,7.599999905,1.360000014,,0.023
1.64E+14,Radderhatti,Ground water,Cgwb,Karnataka,Belgaum,Athni,Manual,Athni,Radderhatti,16.6417,75.075,05-01-1996,05-01-2024,Dug well,Unconfined,13.7,HGZ,MANUAL-Water Level,m,8.380000114,10.96000004,8.340000153,7.019999981,8.199999809,12.10999966,11.30000019,6.239999771,8.659999847,10.35999966,7.429999828,8.949999809,11.13000011,,,11.59000015,12.81999969,14.40999985,9.260000229,7.329999924,10.65999985,12.07999992,10.28999996,7.820000172,10.31000042,12.25,11.28999996,4.769999981,7.929999828,11.43999958,7.329999924,6.960000038,9.840000153,11.03999996,11.97999954,9.460000038,10.89000034,9.390000343,10.31000042,1.679999948,4.960000038,12.40999985,7.809999943,5.389999866,5.940000057,10.18999958,9.720000267,7.190000057,7.590000153,11.47999954,,5.670000076,8.210000038,12.18999958,5.78000021,3.289999962,7.170000076,11.76000023,6.269999981,3.059999943,5.070000172,10.36999989,5.909999847,4.71999979,,13.14000034,7.46999979,3.150000095,8.039999962,13.18999958,5.539999962,1.940000057,5.440000057,11.73999977,1.690000057,2.390000105,6.639999866,13.18999958,1.889999986,,2.160000086,,1.00999999,1.139999986,3.890000105,,2.390000105,2.190000057,4.199999809,6.369999886,2.569999933,3.890000105,0.02
1.63E+14,Rayabag1,Ground water,Cgwb,Karnataka,Belgaum,Raybag,Manual,Raybag,Rayabag,16.5,74.7667,05-01-1996,25-08-2023,Dug well,Unconfined,10.8,HGZ,MANUAL-Water Level,m,3.359999895,,1.950000048,4.349999905,3.74000001,,2.25999999,4.590000153,4.550000191,,3.950000048,6.340000153,5.159999847,,,3.410000086,,,3.210000038,4.860000134,6.389999866,,3.920000076,4.639999866,4.849999905,9.649999619,3.099999905,5.28000021,5.329999924,,9.649999619,9.649999619,,9.649999619,4.619999886,5.210000038,4.550000191,6.5,3.130000114,4.170000076,5.28000021,9.649999619,4.340000153,4.139999866,5.570000172,9.649999619,4.389999866,5.53000021,5.610000134,9.649999619,,5.929999828,6.75,9.649999619,7.949999809,5.71999979,7.039999962,9.210000038,3.650000095,6.360000134,6.480000019,9.649999619,8.93999958,7.079999924,,9.649999619,6.53000021,6.699999809,6.699999809,7.599999905,7.889999866,4.599999905,8.649999619,9.300000191,6.699999809,6.920000076,8.380000114,10.25,4.929999828,,6.420000076,,4.449999809,4.539999962,5.699999809,,4.269999981,5.099999905,5.849999905,6.429999828,2.349999905,3.819999933,0.02
1.63E+14,Rupnal,Ground water,Cgwb,Karnataka,Belgaum,Chikodi,Manual,Chikodi,Rupnal,16.475,74.6333,05-01-1996,05-01-2024,Dug well,Unconfined,12.77,HGZ,MANUAL-Water Level,m,9.039999962,8.979999542,8.640000343,8.420000076,6.909999847,9.050000191,9.380000114,8.369999886,8.699999809,9.270000458,9.300000191,8.590000153,9.340000153,9.279999733,9.430000305,,9.420000076,10.11999989,9.420000076,8.180000305,9.220000267,9.229999542,3.690000057,3.880000114,3.50999999,9.130000114,7.670000076,6.920000076,3.460000038,,6.820000172,7.949999809,7.019999981,9.569999695,8.909999847,4.809999943,3.420000076,10.64000034,8.460000038,6.050000191,6.329999924,5.03000021,5.03000021,1.929999948,3.079999924,8.729999542,8.359999657,8.260000229,8.340000153,9.0,,8.319999695,9.0,8.829999924,6.400000095,7.369999886,7.840000153,8.039999962,7.590000153,4.460000038,5.559999943,6.96999979,7.269999981,4.489999771,,5.929999828,6.300000191,6.840000153,6.769999981,5.940000057,6.519999981,1.879999995,2.160000086,3.940000057,3.769999981,3.789999962,3.869999886,4.760000229,1.580000043,,1.840000033,,0.920000017,0.769999981,1.220000029,,0.600000024,1.230000019,1.419999957,2.470000029,0.670000017,0.769999981,0.02
1.55E+14,Saundatti,Ground water,Cgwb,Karnataka,Belgaum,Parasgad,Manual,Parasgad,Saundatti,15.7556,75.2514,05-01-1996,05-01-2024,Dug well,Unconfined,18.84,HGZ,MANUAL-Water Level,m,3.720000029,5.179999828,1.840000033,2.920000076,3.24000001,4.800000191,4.570000172,3.460000038,3.839999914,4.46999979,3.859999895,3.349999905,3.579999924,4.019999981,3.99000001,3.299999952,3.720000029,5.079999924,3.150000095,2.769999981,3.480000019,5.25,3.819999933,3.349999905,4.349999905,5.260000229,3.519999981,2.619999886,3.349999905,5.159999847,1.5,2.309999943,3.450000048,3.720000029,3.369999886,3.839999914,3.619999886,5.070000172,3.920000076,1.960000038,2.880000114,2.99000001,2.99000001,2.089999914,2.710000038,4.21999979,4.0,4.039999962,4.659999847,6.0,,5.360000134,6.079999924,7.360000134,6.579999924,5.619999886,5.739999771,6.230000019,6.260000229,5.320000172,5.539999962,6.420000076,6.78000021,5.360000134,,7.71999979,6.230000019,6.400000095,6.519999981,7.25,7.21999979,3.819999933,5.0,5.0,4.769999981,4.78000021,5.949999809,8.840000153,2.940000057,1.429999948,4.099999905,,1.659999967,1.049999952,1.830000043,,1.340000033,1.720000029,1.799999952,3.25,1.600000024,1.269999981,0.023
1.63E+14,Soundalga1,Ground water,Cgwb,Karnataka,Belgaum,Chikodi,Manual,Chikodi,Saundalga,16.5167,74.5167,05-01-1996,05-01-2024,Dug well,Unconfined,10.35,HGZ,MANUAL-Water Level,m,6.360000134,8.619999886,2.589999914,,4.010000229,7.829999924,7.119999886,5.800000191,6.440000057,5.519999981,2.400000095,3.200000048,5.889999866,8.649999619,5.329999924,7.179999828,8.279999733,9.350000381,5.329999924,4.199999809,3.809999943,9.399999619,0.689999998,2.109999895,5.78000021,4.039999962,1.049999952,2.089999914,3.839999914,4.289999962,1.74000001,3.930000067,4.849999905,6.050000191,2.619999886,2.25,3.650000095,3.559999943,2.170000076,3.579999924,4.449999809,1.320000052,1.320000052,2.819999933,7.630000114,6.309999943,5.619999886,4.139999866,6.28000021,5.53000021,,4.28000021,6.599999905,9.0,4.429999828,2.329999924,4.96999979,5.730000019,1.75,1.830000043,3.599999905,5.239999771,5.28000021,4.46999979,,7.53000021,1.279999971,3.400000095,6.71999979,7.400000095,3.730000019,1.950000048,6.0,7.320000172,1.75999999,2.799999952,6.5,,0.889999986,,,,0.819999993,1.5,4.5,,1.159999967,2.25,6.71999979,5.809999943,0.330000013,5.130000114,0.02
1.55E+14,Sutagatti1,Ground water,Cgwb,Karnataka,Belgaum,Sampgaon,Manual,Sampgaon,Sutagatti,15.875,74.7083,05-01-1996,05-01-2024,Dug well,Unconfined,17.5,HGZ,MANUAL-Water Level,m,11.10999966,8.81000042,7.610000134,8.420000076,6.860000134,8.920000076,9.100000381,9.5,9.699999809,10.05000019,9.149999619,8.640000343,9.630000114,16.69000053,10.48999977,10.56000042,16.95000076,10.51000023,8.760000229,8.729999542,9.359999657,15.67000008,1.529999971,2.170000076,4.929999828,6.46999979,1.070000052,4.25,6.510000229,8.710000038,1.0,3.180000067,5.889999866,7.690000057,4.739999771,4.110000134,6.070000172,8.239999771,3.230000019,3.069999933,5.650000095,3.75,3.75,2.730000019,5.079999924,8.390000343,4.75,5.010000229,14.22000027,8.949999809,,8.140000343,8.970000267,10.06999969,7.869999886,6.880000114,8.539999962,9.970000267,4.360000134,4.570000172,6.320000172,8.619999886,9.380000114,6.96999979,,9.989999771,7.760000229,8.239999771,8.229999542,16.55999947,12.56000042,6.96999979,11.06999969,16.32999992,5.639999866,7.130000114,11.72999954,16.29999924,3.119999886,,8.159999847,,3.420000076,5.139999866,8.119999886,,2.670000076,4.909999847,5.269999981,7.670000076,2.309999943,4.170000076,0.023
1.55E+14,Uchagaon,Ground water,Cgwb,Karnataka,Belgaum,Belgaum,Manual,Belgaum,Uchagaon,15.7917,74.4681,05-01-1996,05-01-2024,Dug well,Unconfined,18.8,HGZ,MANUAL-Water Level,m,4.840000153,,2.529999971,3.380000114,5.949999809,,2.779999971,4.0,8.630000114,,3.130000114,3.359999895,8.369999886,18.69000053,2.640000105,3.559999943,6.070000172,,2.809999943,3.150000095,7.269999981,,2.200000048,2.460000038,9.5,4.010000229,2.829999924,3.329999924,8.600000381,16.89999962,2.599999905,3.029999971,6.679999828,15.57999992,4.349999905,3.680000067,6.980000019,17.92000008,3.230000019,2.789999962,5.860000134,2.980000019,2.980000019,3.069999933,4.170000076,17.29999924,2.140000105,8.75,7.840000153,18.22999954,,3.210000038,6.050000191,8.029999733,2.99000001,3.5,6.050000191,14.17000008,2.650000095,3.109999895,5.329999924,16.28000069,3.170000076,4.420000076,,17.28000069,2.779999971,6.929999828,6.550000191,17.53000069,2.700000048,3.640000105,6.460000038,16.97999954,2.559999943,3.529999971,6.699999809,17.05999947,2.680000067,3.25999999,4.949999809,,2.180000067,2.380000114,5.230000019,,3.130000114,3.730000019,3.900000095,10.43000031,2.079999924,3.710000038,0.023
1.63E+14,Yebaratti,Ground water,Cgwb,Karnataka,Belgaum,Raybag,Manual,Raybag,Yebaratti,16.4333,74.7917,15-05-1996,05-01-2024,Dug well,Unconfined,17.0,HGZ,MANUAL-Water Level,m,4.340000153,6.789999962,6.909999847,4.360000134,4.03000021,7.230000019,8.619999886,4.429999828,4.349999905,8.340000153,8.979999542,7.239999771,5.599999905,9.470000267,,10.89999962,9.770000458,12.96000004,10.86999989,8.220000267,6.230000019,8.81000042,8.06000042,5.619999886,4.559999943,15.52000046,9.56000042,6.010000229,4.079999924,8.340000153,,5.190000057,4.550000191,7.429999828,8.890000343,6.309999943,4.860000134,8.68999958,9.859999657,4.710000038,4.21999979,6.079999924,6.079999924,3.269999981,4.199999809,7.670000076,7.28000021,5.119999886,4.71999979,11.14999962,,11.68000031,12.32999992,15.18000031,11.96000004,,7.559999943,10.60999966,12.53999996,8.960000038,6.909999847,10.52000046,12.35000038,12.71000004,,15.77999973,15.06999969,,13.93999958,16.15999985,,9.81000042,9.5,13.21000004,10.27999973,9.079999924,8.609999657,14.35000038,9.739999771,3.460000038,2.519999981,,2.839999914,0.460000008,0.920000017,,2.569999933,1.570000052,3.400000095,4.78000021,0.949999988,4.150000095,0.02
1.63E+14,Yedrav,Ground water,Cgwb,Karnataka,Belgaum,Raybag,Manual,Raybag,Yedrav,16.5167,74.7667,25-08-1996,05-01-2024,Dug well,Unconfined,13.5,HGZ,MANUAL-Water Level,m,2.230000019,6.78000021,6.909999847,2.480000019,3.849999905,7.699999809,8.5,3.019999981,5.230000019,7.369999886,7.849999905,8.520000458,8.890000343,,,6.989999771,8.149999619,10.93999958,6.25,2.670000076,5.420000076,6.920000076,3.50999999,2.220000029,3.150000095,6.21999979,4.980000019,,3.170000076,6.239999771,4.050000191,4.210000038,5.159999847,4.429999828,5.510000229,3.160000086,3.230000019,6.349999905,6.599999905,2.180000067,2.170000076,1.950000048,1.950000048,1.809999943,2.349999905,9.050000191,6.110000134,4.690000057,8.930000305,12.43000031,,12.14999962,11.60000038,12.47999954,11.88000011,10.77999973,9.579999924,12.36999989,5.360000134,4.929999828,9.300000191,10.64000034,10.68999958,11.93999958,,12.46000004,4.679999828,9.579999924,12.88000011,9.909999847,10.18000031,2.160000086,2.809999943,10.77999973,9.079999924,5.53000021,5.179999828,9.020000458,2.109999895,1.919999957,2.049999952,,2.029999971,1.970000029,3.079999924,,2.089999914,2.329999924,2.930000067,6.349999905,2.200000048,2.349999905,0.02
1.72E+14,Bardol,Ground water,Cgwb,Karnataka,Bijapur,Indi,Manual,Indi,Bardol,17.2778,75.7278,05-01-1996,25-08-2024,Dug well,Unconfined,8.48,HGZ,MANUAL-Water Level,m,5.53000021,4.380000114,2.809999943,4.659999847,6.25,,5.840000153,1.539999962,4.389999866,,,5.090000153,,,8.020000458,3.49000001,6.539999962,7.880000114,,,4.489999771,8.380000114,7.119999886,4.96999979,5.130000114,,6.789999962,1.74000001,2.890000105,8.069999695,5.940000057,4.880000114,5.519999981,6.840000153,5.590000153,3.99000001,,7.889999866,2.24000001,1.389999986,2.890000105,7.190000057,2.289999962,2.289999962,3.190000057,7.980000019,4.809999943,8.069999695,,8.069999695,,2.5,3.539999962,,1.669999957,1.269999981,1.590000033,5.420000076,3.940000057,2.880000114,1.789999962,7.619999886,3.640000105,1.690000057,,8.069999695,1.690000057,1.690000057,2.849999905,8.039999962,1.570000052,1.889999986,3.220000029,6.670000076,5.159999847,7.190000057,7.989999771,,5.289999962,1.950000048,7.199999809,,,1.529999971,8.420000076,,1.309999943,3.49000001,,5.989999771,2.859999895,1.590000033,0.02
1.72E+14,Chadchan,Ground water,Cgwb,Karnataka,Bijapur,Indi,Manual,Indi,Chadchan,17.3111,75.6611,05-01-1996,25-08-2024,Dug well,Unconfined,9.5,HGZ,MANUAL-Water Level,m,6.880000114,6.579999924,5.929999828,5.0,5.619999886,7.989999771,7.590000153,5.090000153,5.989999771,6.889999866,5.920000076,6.539999962,7.78000021,,7.369999886,6.989999771,7.690000057,6.840000153,,,6.039999962,7.909999847,6.590000153,4.909999847,5.760000229,7.159999847,5.829999924,5.989999771,6.090000153,7.820000172,5.440000057,4.53000021,5.630000114,6.389999866,6.989999771,5.889999866,6.590000153,7.590000153,7.389999866,4.389999866,4.989999771,5.789999962,5.090000153,5.690000057,5.289999962,6.449999809,5.820000172,5.809999943,6.449999809,7.239999771,,5.590000153,5.949999809,6.730000019,6.679999828,5.989999771,5.739999771,6.659999847,6.289999962,5.420000076,5.739999771,6.809999943,6.989999771,6.389999866,,7.789999962,6.489999771,5.789999962,6.090000153,7.239999771,7.400000095,4.840000153,5.389999866,6.429999828,6.590000153,7.090000153,7.309999943,,7.110000134,5.170000076,7.099999905,,,4.389999866,5.210000038,,4.679999828,4.440000057,,5.159999847,4.519999981,4.300000191,0.02
1.65E+14,Deur tanda,Ground water,Cgwb,Karnataka,Bijapur,Sindgi,Manual,Sindgi,Deur tanda,16.7792,76.0958,05-01-1996,25-08-2024,Dug well,Unconfined,8.1,HGZ,MANUAL-Water Level,m,7.619999886,4.880000114,3.609999895,3.109999895,5.739999771,5.539999962,5.840000153,2.940000057,5.789999962,4.090000153,4.360000134,3.289999962,5.889999866,5.590000153,3.24000001,4.090000153,5.789999962,8.010000229,6.929999828,5.960000038,,,6.840000153,6.840000153,,2.839999914,2.420000076,3.589999914,5.889999866,5.860000134,1.600000024,3.039999962,3.420000076,4.340000153,2.940000057,4.739999771,3.839999914,3.440000057,1.940000057,3.140000105,3.74000001,4.539999962,1.139999986,2.640000105,5.239999771,4.460000038,3.390000105,5.869999886,5.940000057,5.809999943,,3.680000067,5.739999771,5.139999866,2.710000038,2.910000086,4.690000057,3.940000057,6.239999771,3.079999924,5.489999771,4.690000057,7.489999771,5.340000153,,5.739999771,3.24000001,3.49000001,5.559999943,5.510000229,4.150000095,3.410000086,3.079999924,3.339999914,5.940000057,5.739999771,5.5,5.769999981,2.00999999,2.50999999,5.199999809,,,2.039999962,3.390000105,,1.889999986,2.49000001,,4.920000076,2.24000001,2.720000029,0.02
1.71E+14,Devanagao,Ground water,Cgwb,Karnataka,Bijapur,Sindgi,Manual,Sindgi,Devanagao,17.1333,76.3,15-05-1996,25-08-2024,Dug well,Unconfined,11.03,HGZ,MANUAL-Water Level,m,6.880000114,10.77000046,7.409999847,5.320000172,6.239999771,10.05000019,8.449999809,6.199999809,7.300000191,9.050000191,7.099999905,7.699999809,8.510000229,9.899999619,8.779999733,7.949999809,8.199999809,9.159999847,8.050000191,7.980000019,7.349999905,9.170000076,5.5,4.159999847,5.489999771,7.039999962,4.0,4.800000191,6.0,7.050000191,5.349999905,4.849999905,5.5,6.400000095,6.599999905,4.800000191,6.0,6.599999905,4.900000095,3.0,4.25,6.050000191,3.5,2.400000095,3.400000095,4.699999809,3.170000076,3.880000114,3.910000086,4.710000038,,3.400000095,3.150000095,5.150000095,4.429999828,3.880000114,4.010000229,4.420000076,4.0,3.059999943,3.329999924,4.190000057,4.599999905,4.050000191,,5.53000021,4.199999809,5.150000095,5.550000191,7.639999866,8.350000381,3.200000048,4.409999847,6.829999924,6.5,4.599999905,5.679999828,8.399999619,4.75,,5.0,,,3.25,3.650000095,,4.320000172,6.110000134,,8.949999809,6.369999886,5.570000172,0.02
1.72E+14,Halsangi,Ground water,Cgwb,Karnataka,Bijapur,Indi,Manual,Indi,Halsangi,17.3208,75.8347,05-01-1996,25-08-2024,Dug well,Unconfined,10.67,HGZ,MANUAL-Water Level,m,5.449999809,7.590000153,5.590000153,4.289999962,5.099999905,8.319999695,8.520000458,5.070000172,6.519999981,7.769999981,7.360000134,6.269999981,6.170000076,5.820000172,5.980000019,4.869999886,5.269999981,7.980000019,,,5.019999981,8.970000267,7.929999828,5.760000229,6.550000191,7.659999847,6.590000153,5.119999886,4.420000076,5.440000057,3.369999886,4.170000076,4.670000076,5.519999981,5.119999886,4.920000076,4.570000172,6.820000172,5.420000076,4.21999979,4.820000172,5.21999979,4.019999981,5.21999979,6.119999886,6.909999847,4.170000076,4.949999809,4.820000172,10.28999996,,4.170000076,5.099999905,8.520000458,5.929999828,4.75,5.369999886,7.429999828,8.43999958,6.550000191,5.28000021,7.670000076,7.170000076,7.519999981,,6.869999886,5.420000076,4.920000076,5.889999866,7.519999981,8.279999733,6.269999981,6.519999981,9.119999886,8.020000458,8.119999886,8.380000114,9.050000191,9.470000267,6.420000076,7.699999809,,,4.820000172,5.019999981,,5.619999886,5.420000076,,6.429999828,5.039999962,5.139999866,0.02
1.64E+14,Hanchali,Ground water,Cgwb,Karnataka,Bijapur,Sindgi,Manual,Sindgi,Hanchali,16.6833,76.2333,05-01-1996,25-08-2024,Dug well,Unconfined,13.5,HGZ,MANUAL-Water Level,m,11.31999969,12.46000004,6.840000153,3.660000086,5.650000095,10.77999973,8.779999733,3.380000114,6.03000021,,9.279999733,7.28000021,10.10000038,12.18000031,9.93999958,6.03000021,8.430000305,9.770000458,8.510000229,7.679999828,10.38000011,11.44999981,9.430000305,6.809999943,7.130000114,12.35000038,10.43000031,7.53000021,8.779999733,11.68000031,9.210000038,4.679999828,5.190000057,,10.18000031,10.07999992,4.78000021,12.61999989,8.180000305,2.980000019,5.679999828,12.27999973,10.38000011,6.079999924,7.579999924,12.53999996,11.75,12.60999966,,12.84000015,,11.60000038,12.32999992,12.77999973,7.920000076,2.579999924,4.380000114,8.130000114,5.130000114,3.609999895,5.570000172,9.380000114,11.88000011,5.679999828,,12.47999954,7.630000114,6.079999924,8.180000305,12.68000031,12.57999992,9.579999924,6.829999924,8.649999619,8.640000343,11.47999954,12.02999973,13.31000042,10.94999981,6.78000021,10.60000038,,,2.829999924,5.570000172,,4.53000021,5.809999943,,8.5,6.070000172,3.660000086,0.023
1.65E+14,Honnutagi,Ground water,Cgwb,Karnataka,Bijapur,Bijapur,Manual,Bijapur,Honnutagi,16.8333,75.8333,05-01-1996,25-08-2024,Dug well,Unconfined,16.59,HGZ,MANUAL-Water Level,m,4.519999981,6.099999905,2.730000019,3.279999971,5.460000038,8.930000305,9.579999924,1.730000019,4.179999828,7.829999924,6.03000021,,,,14.57999992,12.07999992,14.82999992,16.59000015,15.03999996,8.539999962,5.429999828,9.079999924,7.900000095,5.769999981,6.309999943,6.150000095,5.289999962,3.029999971,4.679999828,14.77999973,9.079999924,3.789999962,4.409999847,8.829999924,9.930000305,2.930000067,5.480000019,6.730000019,3.230000019,1.929999948,3.930000067,5.880000114,1.179999948,3.630000114,5.03000021,9.350000381,2.400000095,5.380000114,7.159999847,9.779999733,,2.559999943,4.849999905,9.460000038,8.829999924,3.5,5.429999828,9.609999657,13.27999973,4.059999943,6.480000019,8.899999619,13.27999973,4.929999828,,9.529999733,7.769999981,5.329999924,8.06000042,9.930000305,9.579999924,3.160000086,5.130000114,9.409999847,6.980000019,9.229999542,9.630000114,10.60000038,6.53000021,1.820000052,6.599999905,,,1.440000057,4.909999847,,1.090000033,3.029999971,,5.650000095,2.930000067,3.089999914,0.02
1.64E+14,Ingaleshwar,Ground water,Cgwb,Karnataka,Bijapur,Basavana bagevadi,Manual,Basavana bagevadi,Ingaleshwar,16.65,76.0167,05-01-1996,25-08-2024,Dug well,Unconfined,11.5,HGZ,MANUAL-Water Level,m,4.900000095,6.079999924,2.900000095,2.329999924,2.710000038,4.5,5.800000191,1.700000048,2.450000048,3.900000095,3.549999952,3.349999905,3.519999981,5.5,5.360000134,6.150000095,6.650000095,8.869999886,6.960000038,6.360000134,6.300000191,7.730000019,7.099999905,5.130000114,5.570000172,6.199999809,6.300000191,5.5,5.800000191,,8.109999657,3.400000095,3.730000019,5.400000095,6.5,4.800000191,5.599999905,6.949999809,6.300000191,1.5,1.700000048,3.5,,1.049999952,,2.349999905,2.119999886,3.299999952,3.890000105,4.349999905,,4.099999905,5.239999771,1.299999952,3.349999905,1.700000048,3.349999905,5.800000191,6.71999979,3.349999905,4.949999809,6.449999809,6.550000191,3.549999952,,6.699999809,4.610000134,3.799999952,5.5,7.0,6.480000019,4.28000021,5.0,5.239999771,4.449999809,4.699999809,5.900000095,6.599999905,,2.140000105,3.200000048,,,1.029999971,2.069999933,,1.940000057,2.329999924,,3.309999943,1.649999976,1.879999995,0.02
1.63E+14,Kolhar,Ground water,Cgwb,Karnataka,Bijapur,Basavana bagevadi,Manual,Basavana bagevadi,Kolhar,16.4361,75.6847,05-01-1996,25-08-2024,Dug well,Unconfined,11.0,HGZ,MANUAL-Water Level,m,6.590000153,6.5,6.110000134,4.849999905,5.809999943,7.090000153,6.519999981,5.269999981,6.519999981,7.21999979,,2.220000029,,6.570000172,,2.420000076,5.170000076,6.760000229,,,5.570000172,7.409999847,7.159999847,5.369999886,6.139999866,5.760000229,4.369999886,2.569999933,4.670000076,5.880000114,3.890000105,3.339999914,4.960000038,5.769999981,2.769999981,2.619999886,4.369999886,5.46999979,1.470000029,1.919999957,2.470000029,5.670000076,,1.570000052,3.069999933,5.449999809,1.950000048,3.099999905,4.889999866,6.03000021,,3.529999971,5.130000114,5.53000021,1.75999999,2.299999952,4.269999981,5.389999866,2.529999971,2.269999981,4.619999886,5.420000076,5.019999981,4.920000076,,5.670000076,1.75,2.569999933,3.980000019,4.420000076,,1.840000033,3.670000076,3.950000048,1.970000029,3.470000029,3.970000029,4.980000019,1.370000005,1.620000005,4.099999905,,,1.519999981,3.460000038,,,2.369999886,,3.549999952,2.119999886,2.700000048,0.02
1.62E+14,Nebageri,Ground water,Cgwb,Karnataka,Bijapur,Muddebihal,Manual,Muddebihal,Nebageri,16.2833,76.1125,05-01-1996,25-08-2024,Dug well,Unconfined,9.74,HGZ,MANUAL-Water Level,m,6.079999924,5.579999924,5.920000076,5.570000172,5.849999905,8.069999695,7.920000076,6.170000076,6.46999979,7.619999886,5.559999943,6.420000076,6.71999979,8.319999695,9.039999962,7.820000172,8.319999695,9.979999542,8.720000267,7.28000021,5.820000172,7.869999886,7.090000153,5.389999866,5.71999979,5.139999866,4.420000076,2.869999886,2.470000029,3.670000076,1.899999976,1.649999976,1.730000019,2.869999886,3.569999933,2.420000076,2.769999981,2.970000029,2.970000029,2.269999981,2.369999886,2.819999933,,2.369999886,2.470000029,3.160000086,3.079999924,3.119999886,2.700000048,3.390000105,,3.210000038,2.779999971,,3.609999895,2.809999943,2.809999943,3.190000057,3.920000076,2.890000105,2.480000019,2.99000001,3.130000114,2.720000029,,4.599999905,4.599999905,3.119999886,2.880000114,0.790000021,3.400000095,2.079999924,2.5,3.150000095,2.839999914,6.46999979,2.910000086,5.25,3.369999886,2.930000067,3.599999905,,,1.570000052,2.569999933,,3.0,2.519999981,,3.470000029,3.190000057,4.079999924,0.023
1.72E+14,Newdhulikhed,Ground water,Cgwb,Karnataka,Bijapur,Indi,Manual,Indi,Newdhulikhed,17.3889,75.8444,05-01-1996,05-01-2024,Dug well,Unconfined,11.6,HGZ,MANUAL-Water Level,m,4.079999924,3.25999999,0.850000024,1.769999981,3.400000095,4.929999828,6.130000114,1.580000043,6.429999828,6.179999828,7.21999979,2.630000114,3.970000029,10.22999954,8.289999962,,8.430000305,9.579999924,,,5.929999828,6.619999886,6.630000114,5.710000038,6.039999962,8.5,7.130000114,2.779999971,2.230000019,4.53000021,2.710000038,2.309999943,1.980000019,3.630000114,2.829999924,1.929999948,2.029999971,2.930000067,1.429999948,2.029999971,2.630000114,4.230000019,1.830000043,1.929999948,4.53000021,4.369999886,1.360000014,1.929999948,6.75,3.75999999,,1.539999962,4.449999809,3.130000114,2.890000105,,,4.630000114,,5.210000038,2.180000067,10.82999992,4.679999828,6.329999924,,10.57999992,5.480000019,7.480000019,6.079999924,8.380000114,3.109999895,8.779999733,5.880000114,8.159999847,6.329999924,2.930000067,7.829999924,9.819999695,6.929999828,5.53000021,8.0,,,3.430000067,8.680000305,,1.279999971,2.400000095,,3.460000038,0.430000007,4.329999924,0.02
1.62E+14,Nidagundi,Ground water,Cgwb,Karnataka,Bijapur,Basavana bagevadi,Manual,Basavana bagevadi,Nidagundi,16.375,75.9,05-01-1996,25-08-2024,Dug well,Unconfined,15.0,HGZ,MANUAL-Water Level,m,4.389999866,8.409999847,8.460000038,3.809999943,3.089999914,10.64000034,,,3.890000105,7.489999771,5.409999847,1.590000033,3.950000048,9.590000153,9.609999657,10.34000015,10.53999996,10.78999996,9.399999619,8.710000038,9.640000343,10.59000015,9.569999695,6.599999905,6.980000019,3.730000019,3.690000057,4.239999771,,9.68999958,5.679999828,4.139999866,4.269999981,3.289999962,4.789999962,2.589999914,4.139999866,6.389999866,1.889999986,0.189999998,0.439999998,2.690000057,1.690000057,0.140000001,1.090000033,3.299999952,2.980000019,2.170000076,3.0,5.25,,3.269999981,4.260000229,,4.840000153,2.170000076,2.440000057,3.559999943,3.640000105,1.059999943,1.940000057,3.420000076,4.590000153,2.839999914,,6.139999866,3.319999933,4.690000057,5.389999866,6.489999771,5.769999981,0.360000014,1.190000057,2.869999886,2.839999914,3.49000001,4.090000153,8.050000191,4.489999771,0.850000024,2.799999952,,,0.039999999,0.720000029,,0.959999979,,,2.99000001,1.769999981,1.139999986,0.023
1.64E+14,Pettepur,Ground water,Cgwb,Karnataka,Bijapur,Sindgi,Manual,Sindgi,Pettepur,16.6333,76.2583,05-01-1996,25-08-2024,Dug well,Unconfined,7.5,HGZ,MANUAL-Water Level,m,3.289999962,5.260000229,3.640000105,1.75,2.390000105,5.550000191,4.900000095,2.049999952,2.75,5.25,3.950000048,2.200000048,2.160000086,4.050000191,2.630000114,2.269999981,3.0,6.309999943,5.679999828,4.71999979,4.400000095,6.96999979,6.349999905,4.739999771,5.550000191,3.769999981,3.549999952,3.599999905,4.300000191,5.960000038,2.359999895,1.960000038,2.25,3.299999952,4.650000095,3.650000095,4.050000191,3.549999952,2.950000048,1.649999976,1.649999976,2.650000095,2.349999905,1.649999976,1.850000024,3.910000086,3.569999933,4.889999866,5.860000134,6.369999886,,6.769999981,7.019999981,7.050000191,7.050000191,3.819999933,4.300000191,5.329999924,6.199999809,2.789999962,2.859999895,4.0,4.150000095,3.650000095,,5.650000095,5.050000191,5.349999905,5.860000134,5.599999905,7.050000191,3.049999952,4.170000076,3.589999914,5.809999943,6.150000095,,,7.150000095,5.599999905,7.5,,,1.700000048,2.75,,4.610000134,5.25,,5.349999905,4.670000076,2.200000048,0.023
1.71E+14,Satalagaon,Ground water,Cgwb,Karnataka,Bijapur,Indi,Manual,Indi,Satalagaon,17.15,76.0833,05-01-1996,25-08-2024,Dug well,Unconfined,9.0,HGZ,MANUAL-Water Level,m,6.91,8.15,6.12,5.15,6.62,8.5,9.2,7.2,8.8,7.8,7.12,5.55,5.99,5.85,5.14,4.05,4.3,7.67,7.09,6.54,3.3,7.32,6.12,5.17,5.75,4.72,4.1,2.95,3.3,4.91,2.64,2.52,2.8,4.3,4.2,3.25,3.4,5.1,4.0,3.0,3.5,5.65,3.5,2.9,3.8,5.04,4.45,3.37,3.1,6.58,,2.82,3.16,,4.0,3.38,3.4,5.57,5.45,3.1,3.06,6.03,5.25,3.45,,8.35,4.34,3.4,4.05,7.7,7.45,3.2,3.76,5.62,4.63,3.2,4.35,9.0,5.72,3.61,4.9,,,2.55,4.3,,4.29,4.01,,7.58,6.91,3.56,0.02
1.64E+14,Satihal,Ground water,Cgwb,Karnataka,Bijapur,Basavana bagevadi,Manual,Basavana bagevadi,Satihal,16.7,76.0667,05-01-1996,25-08-2024,Dug well,Unconfined,8.38,HGZ,MANUAL-Water Level,m,5.900000095,4.329999924,4.130000114,4.199999809,4.139999866,5.510000229,5.409999847,4.860000134,5.010000229,5.309999943,4.809999943,4.860000134,5.21999979,5.409999847,5.0,5.309999943,5.409999847,,6.980000019,5.099999905,5.309999943,,6.239999771,4.610000134,4.900000095,5.440000057,4.760000229,4.960000038,5.210000038,5.619999886,3.980000019,4.460000038,4.929999828,5.059999943,5.159999847,4.960000038,4.630000114,4.159999847,4.960000038,4.260000229,4.559999943,4.960000038,4.260000229,4.360000134,4.559999943,4.869999886,4.679999828,4.940000057,5.010000229,5.349999905,,4.840000153,5.170000076,,4.940000057,,4.909999847,5.28000021,5.260000229,4.860000134,4.889999866,5.159999847,5.059999943,4.610000134,,5.010000229,4.809999943,4.659999847,4.929999828,5.210000038,4.909999847,4.460000038,4.760000229,4.929999828,4.659999847,5.159999847,5.900000095,6.650000095,5.010000229,3.180000067,6.0,,,3.329999924,4.489999771,,3.880000114,,,4.539999962,4.03000021,4.639999866,0.02
1.65E+14,Shivangi,Ground water,Cgwb,Karnataka,Bijapur,Bijapur,Manual,Bijapur,Shivangi,16.8333,75.9833,05-01-1996,25-08-2024,Dug well,Unconfined,7.1,HGZ,MANUAL-Water Level,m,1.220000029,1.909999967,0.680000007,0.75,1.379999995,3.079999924,3.880000114,0.829999983,1.129999995,2.579999924,,1.480000019,,4.480000019,3.609999895,1.529999971,2.279999971,3.470000029,3.079999924,2.440000057,,,6.309999943,4.809999943,5.389999866,6.260000229,4.650000095,0.779999971,1.330000043,4.309999943,2.289999962,0.829999983,1.059999943,6.519999981,6.519999981,1.230000019,1.549999952,6.179999828,4.579999924,0.779999971,0.829999983,2.329999924,0.680000007,0.680000007,1.379999995,3.140000105,3.299999952,4.429999828,5.730000019,6.519999981,,1.139999986,1.429999948,2.400000095,5.78000021,1.309999943,1.129999995,2.75,,1.5,1.799999952,4.440000057,6.429999828,1.679999948,,6.679999828,5.739999771,1.480000019,2.289999962,6.679999828,5.579999924,0.790000021,0.980000019,2.599999905,2.779999971,3.279999971,5.079999924,,7.099999905,,2.299999952,,,0.579999983,1.179999948,,3.819999933,3.369999886,,6.170000076,2.75,2.789999962,0.02
1.61E+14,Tangadgi,Ground water,Cgwb,Karnataka,Bijapur,Muddebihal,Manual,Muddebihal,Tangadgi,16.2153,76.0958,05-01-1996,25-08-2024,Dug well,Unconfined,10.83,HGZ,MANUAL-Water Level,m,5.929999828,7.25,5.260000229,7.639999866,7.869999886,9.649999619,9.399999619,5.150000095,6.800000191,7.699999809,6.920000076,,7.75,9.050000191,8.920000076,8.649999619,9.350000381,10.81999969,,,8.350000381,10.10000038,9.289999962,6.789999962,7.380000114,9.93999958,8.819999695,9.550000191,9.800000191,10.05000019,7.349999905,6.019999981,4.599999905,6.550000191,7.150000095,6.050000191,5.949999809,7.349999905,7.25,1.149999976,2.099999905,5.050000191,,5.050000191,5.449999809,6.409999847,5.199999809,5.78000021,6.070000172,6.510000229,,5.929999828,6.670000076,6.800000191,7.53000021,6.920000076,7.449999809,7.920000076,8.0,4.03000021,5.199999809,6.820000172,6.550000191,4.25,,5.900000095,5.300000191,4.550000191,5.25,4.130000114,4.550000191,0.800000012,1.49000001,2.849999905,2.470000029,1.950000048,2.849999905,4.139999866,2.849999905,,2.5,,,0.25,1.049999952,,0.449999988,0.819999993,,1.549999952,0.870000005,1.399999976,0.023
1.71E+14,Vibhutihalli,Ground water,Cgwb,Karnataka,Bijapur,Sindgi,Manual,Sindgi,Vibhutihalli,17.1,76.1833,05-01-1996,25-08-2024,Dug well,Unconfined,6.44,HGZ,MANUAL-Water Level,m,4.11,3.62,4.02,3.11,3.28,4.45,4.6,3.65,3.55,3.85,3.07,3.0,2.84,3.05,2.73,2.55,2.3,4.8,4.32,3.4,2.75,,5.24,4.07,4.46,3.25,2.42,2.1,1.7,2.79,2.2,2.51,2.84,2.85,2.65,2.15,2.0,3.05,1.85,2.35,2.45,3.05,1.85,1.95,2.35,3.13,2.17,2.5,2.31,3.48,,2.36,2.45,,2.88,2.55,2.65,3.69,4.15,2.74,2.73,3.86,3.7,3.05,,4.35,3.75,2.75,3.4,4.05,3.91,3.09,3.02,4.3,3.09,3.35,3.63,5.62,3.55,3.33,4.3,,,1.15,3.29,,3.01,3.41,,4.17,3.5,3.07,0.02
1.15E+14,Devalapura,Ground water,Cgwb,Karnataka,Chamarajanagara,Gundlupet,Manual,Gundlupet,Devalapura,11.8417,76.8167,05-01-1996,05-01-2024,Dug well,Unconfined,12.93,HGZ,MANUAL-Water Level,m,3.349999905,3.559999943,,2.019999981,,3.369999886,4.0,1.279999971,3.950000048,4.320000172,3.849999905,,3.470000029,3.369999886,0.540000021,1.960000038,3.309999943,2.980000019,3.380000114,0.819999993,3.230000019,1.919999957,2.440000057,0.109999999,2.950000048,2.279999971,2.579999924,1.279999971,3.349999905,3.069999933,2.849999905,0.670000017,2.299999952,2.920000076,3.039999962,2.369999886,3.299999952,1.799999952,2.680000067,2.470000029,3.339999914,3.0,2.599999905,0.930000007,3.00999999,1.590000033,3.450000048,1.049999952,3.299999952,3.430000067,,2.099999905,3.549999952,4.400000095,4.320000172,2.880000114,3.480000019,2.519999981,2.299999952,2.400000095,3.410000086,2.450000048,3.549999952,3.099999905,,2.319999933,3.25,3.400000095,3.559999943,1.710000038,2.099999905,1.970000029,3.400000095,2.049999952,3.700000048,2.380000114,3.569999933,3.599999905,1.899999976,2.269999981,3.950000048,,,3.279999971,3.029999971,,2.799999952,1.5,3.700000048,1.75,1.75,1.370000005,0.023
1.21E+14,Kunthur,Ground water,Cgwb,Karnataka,Chamarajanagara,Kollegal,Manual,Kollegal,Kunthur,12.125,77.0356,05-01-1996,05-01-2024,Dug well,Unconfined,12.02,HGZ,MANUAL-Water Level,m,0.50999999,3.579999924,1.230000019,0.439999998,0.680000007,4.489999771,2.880000114,0.529999971,0.870000005,6.139999866,4.929999828,1.360000014,1.080000043,5.119999886,5.099999905,1.639999986,1.330000043,4.230000019,2.059999943,0.560000002,0.790000021,3.309999943,1.419999957,,0.730000019,4.659999847,3.039999962,0.379999995,1.25,8.380000114,3.079999924,1.230000019,0.75999999,2.400000095,4.079999924,1.25999999,1.129999995,5.340000153,3.920000076,1.50999999,1.200000048,8.979999542,8.340000153,1.429999948,0.879999995,4.320000172,2.279999971,0.730000019,0.930000007,7.829999924,,0.230000004,1.690000057,8.579999924,2.079999924,1.429999948,1.429999948,11.19999981,6.460000038,1.419999957,2.529999971,6.380000114,6.380000114,1.480000019,,9.329999924,1.889999986,10.18000031,2.119999886,11.19999981,1.960000038,3.380000114,4.78000021,1.879999995,9.279999733,9.029999733,2.460000038,,,1.830000043,12.01000023,,,1.25999999,1.360000014,,6.860000134,1.429999948,2.549999952,2.779999971,0.930000007,0.579999983,0.023
1.40E+14,Arehalli,Ground water,Cgwb,Karnataka,Chitradurga,Holalkere,Manual,Holalkere,Arehalli,14.0333,76.1167,05-01-1996,16-08-2024,Dug well,Unconfined,12.7,HGZ,MANUAL-Water Level,m,4.940000057,7.670000076,5.960000038,4.150000095,4.699999809,6.269999981,6.199999809,5.940000057,6.820000172,7.710000038,7.650000095,7.420000076,8.289999962,9.800000191,9.399999619,8.819999695,8.739999771,9.770000458,7.659999847,8.420000076,9.550000191,10.30000019,8.899999619,5.550000191,6.71999979,7.539999962,7.5,7.199999809,8.210000038,8.600000381,6.699999809,4.550000191,5.550000191,6.449999809,5.900000095,4.980000019,5.809999943,7.650000095,,2.150000095,2.200000048,1.909999967,,1.25,0.819999993,3.299999952,4.050000191,1.149999976,5.449999809,5.5,,5.179999828,5.21999979,6.320000172,4.199999809,3.150000095,,4.480000019,4.800000191,1.580000043,2.950000048,3.880000114,3.369999886,1.720000029,,3.900000095,3.5,4.699999809,5.699999809,6.199999809,6.599999905,2.849999905,4.300000191,4.199999809,4.5,3.200000048,5.599999905,8.159999847,4.980000019,1.090000033,3.25,,,1.840000033,2.950000048,,1.789999962,1.350000024,1.99000001,2.019999981,,0.829999983,0.018
1.40E+14,Dummi,Ground water,Cgwb,Karnataka,Chitradurga,Holalkere,Manual,Holalkere,Dummi,14.05,76.0833,05-01-1996,16-08-2024,Dug well,Unconfined,16.5,HGZ,MANUAL-Water Level,m,2.690000057,8.659999847,6.800000191,4.699999809,5.340000153,6.380000114,6.849999905,4.96999979,7.179999828,8.369999886,6.809999943,6.460000038,6.21999979,12.36999989,,11.63000011,11.68999958,12.27000046,7.599999905,4.739999771,15.56999969,8.180000305,6.690000057,1.419999957,3.130000114,6.53000021,6.71999979,6.619999886,9.369999886,15.56999969,7.340000153,3.75,5.670000076,7.260000229,5.21999979,3.319999933,4.820000172,8.699999809,4.71999979,1.120000005,0.970000029,2.220000029,1.149999976,0.75999999,0.180000007,2.019999981,1.669999957,1.019999981,15.67000008,3.670000076,,2.339999914,2.430000067,4.139999866,1.070000052,0.910000026,1.289999962,2.24000001,1.419999957,0.670000017,1.070000052,1.399999976,1.070000052,0.970000029,,2.369999886,2.170000076,2.869999886,4.519999981,6.769999981,5.230000019,1.370000005,4.519999981,1.919999957,1.269999981,1.870000005,2.670000076,4.050000191,2.519999981,0.870000005,2.420000076,,,1.220000029,1.529999971,,0.769999981,0.850000024,0.870000005,0.779999971,0.25,1.019999981,0.018
1.40E+14,Hartikote,Ground water,Cgwb,Karnataka,Chitradurga,Hiriyur,Manual,Hiriyur,Hartikote,14.05,76.55,05-01-1996,16-08-2024,Dug well,Unconfined,15.65,HGZ,MANUAL-Water Level,m,3.680000067,6.449999809,4.079999924,3.200000048,3.450000048,5.929999828,7.5,4.599999905,4.239999771,,,4.909999847,5.0,8.279999733,9.399999619,8.18999958,8.06000042,9.949999809,8.93999958,,11.02000046,,8.699999809,5.650000095,5.110000134,7.449999809,4.849999905,4.840000153,6.070000172,14.80000019,8.909999847,5.5,4.78000021,6.550000191,7.099999905,5.400000095,6.309999943,7.400000095,5.349999905,5.059999943,,5.099999905,6.360000134,3.789999962,2.900000095,5.480000019,6.78000021,7.420000076,8.100000381,,,7.579999924,14.80000019,9.800000191,14.80000019,7.090000153,8.270000458,10.89000034,9.369999886,7.349999905,5.550000191,6.809999943,9.75,6.360000134,,14.80000019,10.85000038,12.35000038,13.64999962,14.80000019,14.80000019,5.25,5.650000095,6.050000191,8.350000381,8.949999809,,15.0,9.789999962,,5.5,,,4.309999943,4.550000191,,6.230000019,4.03000021,4.5,3.410000086,0.180000007,3.0,0.018
1.40E+14,R.nulenur,Ground water,Cgwb,Karnataka,Chitradurga,Holalkere,Manual,Holalkere,R.nulenur,14.025,76.125,05-01-1996,16-08-2024,Dug well,Unconfined,8.5,HGZ,MANUAL-Water Level,m,1.149999976,3.670000076,2.099999905,0.980000019,1.320000052,6.03000021,4.619999886,4.119999886,5.71999979,7.650000095,5.28000021,2.619999886,3.579999924,10.88000011,,4.800000191,6.610000134,7.099999905,1.230000019,1.909999967,2.380000114,,,1.149999976,1.570000052,3.150000095,,,,5.099999905,1.860000014,0.99000001,1.769999981,3.029999971,2.299999952,1.299999952,1.669999957,4.150000095,5.5,0.550000012,0.800000012,1.399999976,1.210000038,1.059999943,1.769999981,1.850000024,2.049999952,0.980000019,2.890000105,2.599999905,,3.069999933,4.099999905,4.079999924,3.400000095,2.710000038,5.010000229,5.829999924,6.599999905,4.25,4.079999924,1.230000019,2.299999952,1.100000024,,2.900000095,2.75,3.950000048,7.349999905,7.5,7.5,2.400000095,4.150000095,1.470000029,2.0,1.799999952,1.649999976,,7.5,2.049999952,4.139999866,,,3.809999943,2.849999905,,1.909999967,1.149999976,1.659999967,2.380000114,0.180000007,1.100000024,0.018
1.42E+14,Siddavvanadurga,Ground water,Cgwb,Karnataka,Chitradurga,Chitradurga,Manual,Chitradurga,Siddavvanadurga,14.3583,76.3167,05-11-1996,16-08-2024,Dug well,Unconfined,12.23,HGZ,MANUAL-Water Level,m,2.380000114,4.869999886,1.350000024,0.649999976,2.029999971,3.650000095,3.099999905,1.220000029,1.980000019,4.150000095,4.170000076,2.210000038,3.359999895,8.800000191,8.75,7.289999962,6.75,8.699999809,6.599999905,5.300000191,7.099999905,8.210000038,6.159999847,1.049999952,2.039999962,3.74000001,4.570000172,5.599999905,8.470000267,,4.460000038,1.340000033,2.150000095,2.630000114,2.829999924,1.789999962,2.710000038,5.25,1.929999948,1.279999971,1.600000024,,1.860000014,1.019999981,0.579999983,2.0,2.299999952,0.819999993,4.039999962,1.100000024,,1.379999995,1.399999976,1.679999948,1.299999952,1.25,2.269999981,0.800000012,0.75,0.899999976,1.399999976,2.680000067,1.100000024,1.299999952,,3.130000114,2.339999914,3.24000001,6.5,6.730000019,7.300000191,1.200000048,2.450000048,1.600000024,2.700000048,2.150000095,,7.070000172,7.550000191,,2.619999886,,,1.460000038,1.480000019,,1.059999943,0.879999995,1.409999967,1.0,0.319999993,1.450000048,0.023
1.26E+14,Adyar,Ground water,Cgwb,Karnataka,Dakshin kannada,Mangalore,Manual,Mangalore,Adya,12.9806,74.8333,05-01-1996,05-01-2024,Dug well,Unconfined,7.43,HGZ,MANUAL-Water Level,m,4.539999962,4.929999828,3.00999999,4.090000153,4.409999847,3.170000076,3.200000048,3.900000095,4.25,3.900000095,2.349999905,3.170000076,3.200000048,4.889999866,2.519999981,3.75,4.289999962,2.74000001,2.700000048,3.410000086,4.320000172,5.050000191,3.779999971,3.400000095,4.289999962,2.440000057,1.200000048,2.440000057,1.809999943,3.799999952,2.119999886,3.200000048,3.849999905,3.74000001,3.650000095,3.859999895,4.150000095,3.519999981,2.700000048,4.5,1.149999976,4.559999943,3.900000095,4.25,4.519999981,,4.099999905,3.299999952,4.300000191,3.900000095,,3.599999905,4.699999809,2.799999952,0.600000024,1.600000024,1.830000043,2.119999886,3.589999914,3.299999952,2.0,4.300000191,3.299999952,3.700000048,,4.400000095,3.0,3.680000067,4.449999809,4.199999809,0.400000006,2.0,3.950000048,1.200000048,0.660000026,3.5,3.079999924,4.800000191,2.450000048,2.299999952,4.5,,,3.849999905,3.400000095,,1.75,3.200000048,,1.950000048,0.349999994,1.399999976,0.023
1.30E+14,Alandangadi,Ground water,Cgwb,Karnataka,Dakshin kannada,Beltangadi,Manual,Beltangadi,Alandangadi,13.0417,75.2167,05-01-1996,05-01-2024,Dug well,Unconfined,13.0,HGZ,MANUAL-Water Level,m,5.389999866,7.449999809,0.75999999,4.239999771,4.840000153,7.75,2.599999905,4.099999905,5.429999828,7.630000114,0.300000012,3.170000076,5.300000191,4.210000038,1.080000043,4.519999981,5.690000057,6.480000019,1.5,4.46999979,5.619999886,8.050000191,1.070000052,3.960000038,5.099999905,5.900000095,1.919999957,6.849999905,6.5,7.679999828,2.150000095,10.38000011,11.85000038,6.349999905,2.339999914,4.440000057,5.539999962,7.46999979,2.700000048,3.920000076,4.550000191,6.880000114,4.349999905,3.700000048,4.929999828,6.699999809,0.649999976,2.75999999,5.260000229,7.0,,4.0,5.599999905,7.800000191,0.400000006,3.099999905,5.150000095,8.18999958,1.470000029,3.5,4.900000095,6.5,3.25999999,4.400000095,,7.380000114,3.5,4.570000172,5.300000191,7.699999809,4.900000095,5.300000191,5.199999809,7.300000191,1.0,4.849999905,10.64999962,8.699999809,0.699999988,1.870000005,6.5,,,5.480000019,4.619999886,,2.0,3.299999952,,7.400000095,0.340000004,4.849999905,0.023
1.23E+14,Aranthodu,Ground water,Cgwb,Karnataka,Dakshin kannada,Sulya,Manual,Sulya,Aranthodu,12.5208,75.475,05-01-1996,05-01-2024,Dug well,Unconfined,20.0,HGZ,MANUAL-Water Level,m,11.34000015,13.57999992,9.520000458,13.05000019,12.07999992,14.5,,10.73999977,11.43000031,14.67000008,8.619999886,11.0,13.34000015,,8.020000458,11.10000038,13.34000015,,9.0,11.40999985,12.97000027,,8.550000191,10.25,11.0,12.80000019,9.399999619,7.400000095,11.44999981,13.60000038,9.460000038,10.38000011,11.39999962,14.35000038,10.35000038,10.80000019,13.14999962,19.20000076,9.050000191,11.15999985,13.25,19.20000076,8.899999619,9.550000191,,15.19999981,9.25,9.800000191,10.60000038,15.19999981,,10.21000004,10.94999981,,8.5,10.69999981,11.85000038,13.30000019,8.899999619,10.30000019,11.64999962,9.699999809,8.100000381,9.100000381,,14.0,5.949999809,10.53999996,13.0,19.20000076,5.0,10.30000019,19.20000076,12.0,,14.0,,10.10000038,8.0,8.180000305,12.0,,,10.90999985,9.199999809,,9.0,10.19999981,10.75,12.26000023,12.26000023,10.55000019,0.023
1.24E+14,Balpa,Ground water,Cgwb,Karnataka,Dakshin kannada,Sulya,Manual,Sulya,Balpa,12.675,75.5333,05-01-1996,05-01-2024,Dug well,Unconfined,12.57,HGZ,MANUAL-Water Level,m,10.25,11.60000038,5.050000191,7.150000095,7.449999809,12.0,3.0,7.679999828,9.569999695,10.96000004,4.25,7.599999905,9.550000191,11.72999954,3.670000076,7.670000076,9.06000042,10.15999985,4.699999809,7.449999809,9.970000267,12.05000019,4.400000095,8.0,4.570000172,10.36999989,4.5,8.699999809,8.930000305,11.07999992,4.909999847,6.670000076,8.699999809,10.73999977,6.53000021,7.5,9.649999619,11.01000023,4.300000191,7.260000229,9.800000191,11.38000011,4.829999924,6.0,8.670000076,9.840000153,4.849999905,6.28000021,8.859999657,10.67000008,,7.769999981,9.600000381,,4.96999979,6.199999809,8.300000191,8.520000458,6.110000134,6.900000095,9.029999733,4.75,7.46999979,8.350000381,,10.5,4.849999905,7.949999809,9.0,10.60000038,4.119999886,8.0,8.75,9.100000381,5.599999905,7.300000191,9.350000381,11.19999981,,,9.350000381,,,8.850000381,9.649999619,,,6.21999979,8.279999733,6.849999905,4.889999866,9.020000458,0.023
1.25E+14,Bantwal1,Ground water,Cgwb,Karnataka,Dakshin kannada,Bantval,Manual,Bantval,Bantwal,12.8833,75.0333,05-01-1996,05-01-2024,Dug well,Unconfined,10.6,HGZ,MANUAL-Water Level,m,4.019999981,4.53000021,3.059999943,5.110000134,4.550000191,4.809999943,0.899999976,4.829999924,4.570000172,5.46999979,1.659999967,3.539999962,4.599999905,4.96999979,1.830000043,4.760000229,3.700000048,2.859999895,2.900000095,4.010000229,4.460000038,5.5,2.710000038,4.78000021,8.100000381,5.0,2.849999905,2.849999905,4.679999828,5.480000019,2.569999933,4.340000153,5.25,5.71999979,3.349999905,4.96999979,5.460000038,5.380000114,1.5,4.75,5.25,5.25,1.899999976,3.849999905,5.25,5.179999828,1.350000024,3.380000114,5.199999809,7.050000191,,4.349999905,5.199999809,5.559999943,2.150000095,2.299999952,5.400000095,5.519999981,2.910000086,1.299999952,5.449999809,4.929999828,3.460000038,6.519999981,,5.300000191,1.799999952,4.949999809,5.199999809,5.320000172,0.75,4.900000095,5.050000191,4.599999905,1.600000024,4.300000191,,5.5,1.600000024,2.140000105,4.5,,,4.199999809,4.099999905,,2.299999952,3.650000095,3.900000095,3.5,0.600000024,4.019999981,0.023
1.24E+14,Bellare,Ground water,Cgwb,Karnataka,Dakshin kannada,Sulya,Manual,Sulya,Bellare,12.6667,75.3944,05-01-1996,05-01-2024,Dug well,Unconfined,16.5,HGZ,MANUAL-Water Level,m,7.630000114,10.22999954,6.949999809,5.420000076,5.71999979,,6.5,9.449999809,10.15999985,9.350000381,3.950000048,5.550000191,7.900000095,10.30000019,4.699999809,4.840000153,5.71999979,15.60000038,6.5,5.079999924,5.880000114,8.869999886,2.410000086,4.289999962,5.260000229,,5.599999905,9.399999619,8.180000305,7.429999828,6.480000019,9.739999771,12.39999962,6.909999847,3.150000095,11.05000019,13.0,7.929999828,6.599999905,10.14000034,12.19999981,15.35000038,6.900000095,2.5,11.60999966,6.760000229,6.550000191,6.860000134,11.52999973,15.19999981,,9.619999886,11.5,14.77999973,5.800000191,9.449999809,11.80000019,13.94999981,6.570000172,9.800000191,12.05000019,14.5,9.430000305,10.69999981,,8.600000381,2.299999952,11.02000046,12.5,14.19999981,5.699999809,11.30000019,13.19999981,15.69999981,6.519999981,5.400000095,13.64999962,10.0,2.200000048,2.75,7.519999981,,,10.97000027,5.880000114,,2.650000095,7.0,11.30000019,14.85000038,7.78000021,11.10000038,0.023
1.26E+14,Belthangadi,Ground water,Cgwb,Karnataka,Dakshin kannada,Beltangadi,Manual,Beltangadi,Belthangadi,12.9917,75.2917,05-11-1999,05-01-2024,Bore well,Semi-confined,50.0,HGZ,MANUAL-Water Level,m,,6.53000021,,4.590000153,5.050000191,7.869999886,,4.050000191,,7.480000019,2.380000114,5.429999828,6.199999809,5.409999847,4.320000172,6.429999828,6.349999905,5.440000057,3.119999886,4.610000134,6.400000095,6.519999981,3.019999981,4.210000038,5.349999905,8.260000229,3.410000086,2.720000029,5.929999828,7.789999962,3.109999895,3.819999933,5.800000191,6.659999847,3.49000001,4.409999847,6.449999809,7.340000153,2.200000048,4.25,5.300000191,6.449999809,,,5.519999981,7.900000095,2.549999952,3.220000029,5.78000021,8.699999809,,4.269999981,6.400000095,6.679999828,0.300000012,4.800000191,5.849999905,5.5,3.0,3.900000095,5.199999809,6.400000095,3.900000095,,,,2.319999933,4.699999809,6.300000191,,5.440000057,,6.150000095,7.449999809,2.700000048,5.0,6.550000191,10.19999981,2.710000038,3.829999924,6.53000021,,,4.059999943,5.329999924,,3.619999886,2.75,5.460000038,6.860000134,2.359999895,4.369999886,0.023
1.30E+14,Belthangadi1,Ground water,Cgwb,Karnataka,Dakshin kannada,Beltangadi,Manual,Beltangadi,Belthangadi,13.0,75.2833,05-01-1996,05-01-2024,Dug well,Unconfined,11.03,HGZ,MANUAL-Water Level,m,6.25,6.920000076,2.819999933,5.579999924,7.150000095,7.829999924,1.720000029,4.659999847,6.199999809,7.480000019,1.399999976,3.549999952,6.099999905,8.300000191,2.069999933,5.159999847,6.730000019,6.139999866,2.799999952,5.559999943,7.099999905,7.800000191,1.480000019,4.739999771,6.559999943,6.360000134,2.700000048,3.599999905,5.630000114,8.350000381,3.049999952,4.429999828,6.699999809,7.579999924,4.010000229,4.550000191,5.820000172,7.949999809,2.549999952,5.21999979,6.199999809,7.130000114,2.650000095,3.349999905,6.579999924,7.150000095,2.700000048,3.549999952,6.739999771,7.400000095,,5.099999905,6.900000095,8.600000381,0.949999988,3.5,5.420000076,6.449999809,3.309999943,4.400000095,6.820000172,6.599999905,4.170000076,5.139999866,,7.150000095,2.849999905,5.670000076,6.949999809,8.529999733,2.279999971,5.449999809,6.900000095,7.150000095,2.900000095,6.099999905,6.349999905,11.0,2.799999952,3.049999952,7.71999979,,,5.489999771,6.28000021,,2.680000067,3.75,6.550000191,6.760000229,2.75,5.199999809,0.023
1.30E+14,Haleangady,Ground water,Cgwb,Karnataka,Dakshin kannada,Mangalore,Manual,Mangalore,Haleangady,13.0417,74.7958,05-01-1996,05-01-2024,Dug well,Unconfined,9.86,HGZ,MANUAL-Water Level,m,,7.230000019,2.50999999,4.300000191,5.639999866,7.099999905,2.410000086,3.799999952,4.989999771,6.619999886,2.230000019,3.5,4.949999809,7.460000038,2.900000095,4.349999905,5.510000229,6.099999905,2.650000095,4.409999847,5.460000038,7.650000095,2.720000029,4.0,4.800000191,6.53000021,,3.599999905,4.690000057,6.510000229,2.170000076,3.960000038,5.0,6.099999905,2.890000105,4.320000172,5.449999809,6.900000095,2.349999905,4.349999905,4.650000095,6.570000172,2.099999905,3.299999952,4.480000019,6.420000076,1.75,3.400000095,4.769999981,6.650000095,,4.150000095,6.050000191,7.179999828,2.349999905,,5.050000191,6.599999905,2.650000095,4.650000095,4.949999809,6.230000019,3.549999952,3.75,,6.550000191,2.789999962,6.019999981,5.25,6.309999943,1.899999976,4.150000095,4.849999905,6.400000095,2.700000048,4.650000095,5.25,8.199999809,1.299999952,3.349999905,5.900000095,,,4.210000038,4.699999809,,2.599999905,3.5,4.369999886,6.420000076,1.779999971,4.429999828,0.023
1.24E+14,Jalsur,Ground water,Cgwb,Karnataka,Dakshin kannada,Sulya,Manual,Sulya,Jalsur,12.5917,75.3458,05-01-1996,05-01-2024,Dug well,Unconfined,12.1,HGZ,MANUAL-Water Level,m,7.170000076,8.56000042,3.170000076,6.940000057,7.110000134,9.149999619,3.25,6.949999809,7.130000114,7.03000021,3.049999952,5.980000019,7.099999905,8.430000305,2.539999962,6.96999979,7.269999981,5.429999828,4.550000191,7.039999962,7.260000229,10.10000038,2.480000019,6.650000095,6.889999866,5.78000021,4.25,7.420000076,7.28000021,9.930000305,4.599999905,6.28000021,7.650000095,9.050000191,4.710000038,6.900000095,7.349999905,9.850000381,3.75,6.909999847,6.900000095,7.730000019,4.03000021,5.650000095,7.130000114,8.550000191,3.470000029,6.300000191,7.110000134,10.14999962,,6.550000191,8.100000381,10.10000038,2.75,3.650000095,7.199999809,7.150000095,2.650000095,5.050000191,7.199999809,5.349999905,5.449999809,6.300000191,,10.13000011,3.099999905,6.659999847,7.25,2.410000086,1.25,6.650000095,7.21999979,10.25,3.559999943,6.949999809,7.25,,2.299999952,4.059999943,8.0,,,6.170000076,7.099999905,,3.349999905,5.050000191,6.949999809,6.340000153,4.849999905,6.900000095,0.023
1.25E+14,Kalladka,Ground water,Cgwb,Karnataka,Dakshin kannada,Bantval,Manual,Bantval,Kalladka,12.8417,75.0667,05-01-1996,05-01-2024,Dug well,Unconfined,11.2,HGZ,MANUAL-Water Level,m,8.260000229,,2.369999886,4.260000229,7.429999828,,1.149999976,4.050000191,4.489999771,10.81000042,1.950000048,3.0,6.050000191,,2.109999895,4.019999981,7.349999905,10.98999977,2.400000095,4.050000191,7.130000114,5.5,2.160000086,4.789999962,6.510000229,19.14999962,2.150000095,3.150000095,6.170000076,19.14999962,4.150000095,3.390000105,5.949999809,10.03999996,2.24000001,4.070000172,6.630000114,19.14999962,2.0,4.599999905,5.5,19.14999962,2.150000095,3.25,4.730000019,5.400000095,1.700000048,3.089999914,5.869999886,19.14999962,,3.589999914,7.400000095,,1.820000052,2.650000095,5.449999809,10.35000038,1.720000029,2.869999886,5.550000191,10.35000038,5.400000095,5.28000021,,10.02000046,2.150000095,4.610000134,5.650000095,10.35000038,1.649999976,4.550000191,7.650000095,10.25,1.950000048,5.019999981,9.149999619,,1.350000024,4.070000172,10.35000038,,,4.269999981,4.440000057,,2.269999981,3.349999905,4.949999809,,1.429999948,4.559999943,0.023
1.24E+14,Kudupadaru,Ground water,Cgwb,Karnataka,Dakshin kannada,Bantval,Manual,Bantval,Kudupadaru,12.7167,75.1111,05-01-1996,05-01-2024,Dug well,Unconfined,13.36,HGZ,MANUAL-Water Level,m,8.41,10.68,6.79,5.95,6.58,8.78,2.73,7.87,8.31,10.42,4.48,7.4,8.33,11.52,5.58,7.93,8.61,6.15,6.93,7.96,8.65,11.33,5.78,7.91,8.21,,6.63,7.13,8.51,11.31,6.48,7.48,8.43,9.23,7.24,7.85,8.53,11.75,8.88,7.85,5.18,10.57,6.13,7.63,8.09,10.03,3.96,7.19,8.39,11.53,,7.68,9.7,11.6,5.77,7.63,8.33,9.45,6.98,6.83,8.33,10.83,7.41,7.98,,11.83,5.63,7.99,8.83,12.09,2.55,7.98,8.58,10.8,6.9,10.63,,12.1,5.33,7.13,9.8,,,7.91,8.18,,4.03,7.53,8.13,8.25,3.49,7.98,0.023
1.25E+14,Mittur,Ground water,Cgwb,Karnataka,Dakshin kannada,Bantval,Manual,Bantval,Mittur,12.8,75.1417,05-01-1996,05-01-2024,Dug well,Unconfined,10.0,HGZ,MANUAL-Water Level,m,5.099999905,4.78000021,1.389999986,5.090000153,5.079999924,8.699999809,1.100000024,7.940000057,8.340000153,5.699999809,1.049999952,3.200000048,5.25,6.699999809,1.0,5.059999943,5.25,2.900000095,1.299999952,5.119999886,5.420000076,5.449999809,1.139999986,5.019999981,4.78000021,4.449999809,5.199999809,4.300000191,,6.289999962,4.650000095,7.150000095,5.25,5.340000153,4.53000021,5.0,5.199999809,5.579999924,1.0,7.920000076,5.150000095,8.81000042,1.100000024,6.5,8.25,5.150000095,0.850000024,2.49000001,4.900000095,5.0,,4.829999924,5.800000191,5.25,0.800000012,1.600000024,4.949999809,5.090000153,1.419999957,6.650000095,4.809999943,3.700000048,2.579999924,4.869999886,,5.889999866,0.800000012,5.889999866,6.199999809,8.399999619,6.550000191,7.75,5.400000095,5.5,0.800000012,4.949999809,5.340000153,6.800000191,0.699999988,1.340000033,4.269999981,,,6.300000191,3.049999952,,1.100000024,2.200000048,,4.71999979,0.839999974,,0.023
1.25E+14,Puttur1,Ground water,Cgwb,Karnataka,Dakshin kannada,Puttur,Manual,Puttur,Puttur,12.7667,75.2,05-01-1996,05-01-2024,Dug well,Unconfined,14.5,HGZ,MANUAL-Water Level,m,10.59000015,12.31000042,5.989999771,9.81000042,10.17000008,13.02999973,5.230000019,9.930000305,10.18000031,,4.809999943,8.329999924,10.43000031,,4.929999828,10.07999992,10.60999966,12.85999966,6.730000019,9.930000305,10.75,,5.519999981,9.729999542,10.43000031,12.43999958,7.230000019,9.029999733,10.35000038,13.21000004,5.730000019,8.659999847,9.829999924,12.97999954,6.78000021,9.529999733,10.82999992,13.44999981,5.880000114,9.649999619,9.880000114,12.60000038,6.480000019,8.680000305,9.449999809,12.32999992,5.730000019,8.630000114,10.39000034,13.63000011,,9.659999847,11.60000038,13.72999954,4.579999924,10.32999992,10.75,13.07999992,7.539999962,9.329999924,10.43000031,10.52999973,7.179999828,9.779999733,,13.72999954,6.329999924,11.07999992,13.72999954,13.72999954,3.730000019,11.02999973,13.72999954,13.72999954,6.239999771,12.02999973,,,2.380000114,7.820000172,13.35000038,,,8.829999924,12.07999992,,5.78000021,7.929999828,10.72999954,11.93000031,2.130000114,11.22999954,0.023
1.24E+14,Subramanya1,Ground water,Cgwb,Karnataka,Dakshin kannada,Sulya,Manual,Sulya,Subramanya,12.6667,75.6194,05-01-1996,05-01-2024,Dug well,Unconfined,9.0,HGZ,MANUAL-Water Level,m,5.71999979,6.510000229,2.529999971,4.369999886,5.300000191,5.429999828,1.330000043,4.159999847,5.300000191,5.5,0.810000002,3.839999914,5.179999828,6.53000021,1.059999943,5.380000114,5.380000114,3.430000067,1.629999995,5.099999905,5.369999886,5.300000191,2.109999895,3.299999952,5.010000229,1.909999967,2.230000019,4.349999905,4.96999979,5.320000172,2.849999905,4.019999981,6.53000021,5.389999866,2.609999895,4.730000019,5.349999905,5.090000153,2.529999971,4.980000019,4.329999924,5.25,2.180000067,2.920000076,5.150000095,4.690000057,3.779999971,4.019999981,5.559999943,5.730000019,,6.230000019,7.199999809,6.579999924,1.730000019,3.799999952,5.53000021,6.380000114,3.140000105,4.130000114,6.230000019,5.53000021,4.090000153,5.679999828,,7.130000114,2.329999924,5.769999981,5.929999828,5.980000019,1.429999948,6.130000114,5.579999924,5.579999924,2.75999999,6.630000114,6.550000191,8.100000381,2.450000048,3.160000086,7.400000095,,,6.130000114,7.28000021,,2.630000114,3.950000048,6.300000191,4.900000095,2.930000067,4.829999924,0.023
1.25E+14,Talapady,Ground water,Cgwb,Karnataka,Dakshin kannada,Mangalore,Manual,Mangalore,Talapady,12.7625,74.875,05-01-1996,05-01-2024,Dug well,Unconfined,11.25,HGZ,MANUAL-Water Level,m,4.0,5.349999905,3.170000076,3.519999981,4.400000095,3.970000029,1.299999952,1.539999962,2.160000086,3.180000067,2.900000095,3.25,4.099999905,6.829999924,2.75,3.480000019,4.610000134,2.730000019,3.200000048,3.25999999,4.119999886,6.480000019,3.130000114,6.409999847,3.25,2.059999943,2.599999905,,,5.409999847,3.180000067,7.119999886,3.900000095,3.720000029,3.079999924,6.769999981,8.670000076,3.819999933,2.5,3.480000019,8.199999809,7.679999828,1.850000024,6.699999809,3.579999924,5.019999981,2.400000095,2.869999886,3.799999952,10.39999962,,3.039999962,4.599999905,9.960000038,4.0,5.550000191,7.349999905,6.429999828,5.199999809,4.150000095,6.349999905,6.329999924,2.950000048,2.890000105,,8.800000191,3.5,2.579999924,2.579999924,6.75,1.610000014,5.28000021,2.799999952,6.949999809,3.150000095,5.25,6.699999809,7.400000095,1.700000048,3.200000048,8.850000381,,,4.829999924,7.340000153,,3.299999952,4.300000191,7.449999809,10.21000004,1.25,7.099999905,0.023
1.30E+14,Venur,Ground water,Cgwb,Karnataka,Dakshin kannada,Beltangadi,Manual,Beltangadi,Venur,13.0111,75.1444,05-01-1996,05-01-2024,Dug well,Unconfined,14.0,HGZ,MANUAL-Water Level,m,8.369999886,8.760000229,3.829999924,5.53000021,8.289999962,9.329999924,2.880000114,,7.980000019,9.029999733,2.789999962,4.78000021,8.079999924,9.479999542,2.380000114,7.449999809,8.520000458,7.929999828,4.679999828,7.769999981,8.25,9.079999924,4.300000191,7.050000191,5.679999828,8.680000305,5.239999771,5.0,7.789999962,9.340000153,4.829999924,6.0,7.679999828,8.840000153,5.53000021,7.78000021,8.600000381,9.430000305,3.980000019,7.110000134,7.829999924,9.050000191,3.029999971,5.929999828,7.909999847,9.050000191,3.230000019,5.28000021,7.980000019,8.229999542,,7.480000019,8.949999809,9.479999542,3.75999999,6.679999828,7.980000019,9.180000305,4.739999771,6.880000114,7.679999828,8.329999924,6.630000114,6.230000019,,9.210000038,5.679999828,7.699999809,8.380000114,12.69999981,2.559999943,7.460000038,8.229999542,9.329999924,3.50999999,3.730000019,,10.19999981,2.880000114,6.179999828,9.180000305,,,10.65999985,8.0,,3.930000067,7.03000021,7.980000019,,2.809999943,7.579999924,0.023
1.41E+14,Daginakatte,Ground water,Cgwb,Karnataka,Davanagere,Channagiri,Manual,Channagiri,Daginakatte,14.2,75.7833,05-01-1996,05-01-2024,Dug well,Unconfined,17.8,HGZ,MANUAL-Water Level,m,,,11.75,1.529999971,2.940000057,8.600000381,2.359999895,2.75,6.46999979,,3.210000038,2.970000029,8.529999733,,,4.849999905,10.64999962,,3.309999943,4.269999981,10.55000019,,1.379999995,1.029999971,2.74000001,4.400000095,2.349999905,3.269999981,7.079999924,13.64999962,2.450000048,1.370000005,2.549999952,5.809999943,2.670000076,2.75,3.549999952,5.650000095,1.950000048,1.440000057,1.610000014,4.550000191,1.330000043,1.190000057,1.450000048,3.0,2.650000095,2.730000019,3.619999886,2.349999905,,2.579999924,5.199999809,6.599999905,2.170000076,1.870000005,2.710000038,2.559999943,2.420000076,1.320000052,2.25,4.800000191,2.549999952,,,5.050000191,4.050000191,4.849999905,7.550000191,6.449999809,4.050000191,4.5,2.640000105,3.299999952,2.819999933,1.950000048,3.319999933,3.180000067,1.830000043,,2.400000095,,,1.350000024,1.690000057,,1.269999981,1.200000048,1.399999976,1.330000043,1.25,1.350000024,0.023
1.41E+14,Kanivebilachi,Ground water,Cgwb,Karnataka,Davanagere,Channagiri,Manual,Channagiri,Kanivebilachi,14.1792,75.8458,05-01-1996,25-08-2024,Dug well,Unconfined,6.0,HGZ,MANUAL-Water Level,m,,3.450000048,2.450000048,2.49000001,3.569999933,3.279999971,2.380000114,2.450000048,2.980000019,3.299999952,2.789999962,1.529999971,3.519999981,3.529999971,3.359999895,2.50999999,4.300000191,3.549999952,2.019999981,2.549999952,3.170000076,3.150000095,1.450000048,1.649999976,3.799999952,3.230000019,2.650000095,1.659999967,4.130000114,2.849999905,1.649999976,2.099999905,5.349999905,2.450000048,1.409999967,2.150000095,3.569999933,2.25,1.159999967,1.769999981,2.650000095,2.519999981,1.399999976,1.210000038,2.299999952,2.0,2.109999895,2.029999971,3.880000114,1.950000048,,1.210000038,3.349999905,1.350000024,1.279999971,1.850000024,2.900000095,2.0,1.129999995,1.330000043,3.25,1.799999952,1.679999948,1.549999952,,1.799999952,1.519999981,1.950000048,3.029999971,2.849999905,,3.349999905,4.400000095,1.5,1.679999948,0.409999996,3.109999895,2.75999999,1.570000052,,2.690000057,,,1.49000001,3.119999886,,1.970000029,1.220000029,1.960000038,1.350000024,1.25,1.679999948,0.023
1.42E+14,Malebennur,Ground water,Cgwb,Karnataka,Davanagere,Harihar,Manual,Harihar,Malebennur,14.4,75.7667,05-01-1996,25-08-2024,Dug well,Unconfined,10.26,HGZ,MANUAL-Water Level,m,7.699999809,8.479999542,7.079999924,5.429999828,6.980000019,7.320000172,6.880000114,6.360000134,7.079999924,6.880000114,6.340000153,6.360000134,7.559999943,8.569999695,7.960000038,5.980000019,7.539999962,9.680000305,6.730000019,6.860000134,7.650000095,,,3.380000114,5.599999905,6.769999981,5.480000019,5.150000095,6.480000019,6.360000134,3.480000019,3.230000019,5.880000114,5.929999828,4.539999962,4.78000021,5.980000019,6.78000021,4.019999981,3.5,4.920000076,6.349999905,5.980000019,1.690000057,2.680000067,5.510000229,5.269999981,5.079999924,6.619999886,6.28000021,,5.539999962,6.800000191,6.53000021,4.75,5.019999981,6.599999905,5.679999828,4.550000191,3.380000114,4.980000019,5.829999924,5.159999847,4.079999924,,6.179999828,4.579999924,4.980000019,6.300000191,8.779999733,9.43999958,5.480000019,8.079999924,6.630000114,5.0,4.320000172,4.760000229,6.489999771,4.230000019,2.609999895,5.03000021,,,2.029999971,3.460000038,,2.680000067,3.529999971,2.480000019,2.420000076,0.930000007,2.029999971,0.023
1.41E+14,Santhebennur,Ground water,Cgwb,Karnataka,Davanagere,Channagiri,Manual,Channagiri,Santhebennur,14.1667,76.0,05-01-1996,25-08-2024,Dug well,Unconfined,14.5,HGZ,MANUAL-Water Level,m,,9.550000191,8.75,6.230000019,7.199999809,9.100000381,7.300000191,,7.699999809,8.649999619,7.590000153,6.929999828,7.199999809,8.619999886,8.680000305,8.109999657,8.479999542,9.5,7.5,7.550000191,8.010000229,9.75,6.130000114,2.970000029,4.050000191,5.75,5.480000019,5.429999828,6.119999886,7.710000038,6.880000114,7.380000114,7.650000095,7.349999905,6.449999809,6.28000021,6.53000021,7.849999905,4.849999905,2.359999895,3.25,4.860000134,4.320000172,2.0,1.850000024,4.150000095,4.0,4.320000172,4.449999809,4.889999866,,3.809999943,4.329999924,5.150000095,2.670000076,2.910000086,3.549999952,4.449999809,3.480000019,1.100000024,2.849999905,3.950000048,1.850000024,1.889999986,,4.429999828,3.410000086,4.099999905,4.849999905,5.949999809,7.550000191,4.349999905,5.099999905,5.199999809,5.300000191,4.650000095,6.349999905,10.64999962,5.53000021,2.309999943,5.53000021,,,1.919999957,3.25,,1.0,0.850000024,2.400000095,1.649999976,0.800000012,1.120000005,0.023
1.41E+14,Thyavanige,Ground water,Cgwb,Karnataka,Davanagere,Channagiri,Manual,Channagiri,Thyavanige,14.2458,75.8833,05-01-1996,25-08-2024,Dug well,Unconfined,11.0,HGZ,MANUAL-Water Level,m,,3.769999981,1.870000005,1.769999981,2.670000076,2.269999981,2.769999981,,3.269999981,3.970000029,,3.470000029,4.880000114,,,3.920000076,4.570000172,,4.570000172,3.470000029,4.400000095,4.46999979,,0.970000029,3.069999933,3.589999914,2.670000076,2.339999914,3.470000029,3.029999971,1.419999957,1.799999952,3.269999981,2.670000076,1.960000038,2.309999943,3.029999971,2.769999981,1.549999952,1.789999962,1.970000029,2.710000038,1.669999957,0.600000024,1.919999957,2.410000086,2.430000067,2.170000076,2.440000057,2.089999914,,1.169999957,2.069999933,1.019999981,1.350000024,1.519999981,1.820000052,1.669999957,0.699999988,0.949999988,2.069999933,1.769999981,1.470000029,1.470000029,,2.470000029,2.130000114,1.820000052,2.170000076,3.670000076,4.440000057,2.119999886,3.069999933,2.609999895,2.289999962,1.75,2.190000057,3.069999933,1.399999976,0.970000029,2.950000048,,,1.039999962,2.039999962,,1.24000001,0.769999981,1.620000005,1.120000005,0.850000024,1.419999957,0.023
1.42E+14,Vasana,Ground water,Cgwb,Karnataka,Davanagere,Harihar,Manual,Harihar,Vasana,14.4083,75.6625,05-01-1996,25-08-2024,Dug well,Unconfined,14.04,HGZ,MANUAL-Water Level,m,8.5,8.850000381,5.949999809,4.619999886,7.389999866,6.269999981,6.199999809,,4.599999905,8.800000191,9.510000229,6.260000229,4.789999962,7.050000191,9.930000305,8.350000381,8.210000038,11.85000038,8.869999886,6.150000095,8.300000191,8.350000381,5.349999905,2.269999981,8.460000038,7.769999981,6.400000095,5.849999905,8.81000042,7.25,5.599999905,4.099999905,5.849999905,4.550000191,4.050000191,3.700000048,4.050000191,5.650000095,3.049999952,3.900000095,6.239999771,4.550000191,3.809999943,1.799999952,4.190000057,4.46999979,4.53000021,4.179999828,5.380000114,4.349999905,,4.739999771,8.699999809,6.349999905,5.150000095,4.139999866,4.199999809,4.349999905,3.579999924,3.150000095,7.550000191,3.650000095,6.630000114,5.099999905,,5.849999905,6.829999924,,6.579999924,9.850000381,6.550000191,1.549999952,4.75,4.150000095,,1.940000057,4.940000057,4.75,3.779999971,3.200000048,6.050000191,,,2.049999952,3.029999971,,1.019999981,1.399999976,1.350000024,1.330000043,1.340000033,2.319999933,0.023
1.54E+14,Belavaniki,Ground water,Cgwb,Karnataka,Gadag,Ron,Manual,Ron,Belavaniki,15.6667,75.5667,05-01-1996,25-08-2024,Dug well,Unconfined,11.97,HGZ,MANUAL-Water Level,m,9.600000381,8.520000458,9.920000076,6.820000172,7.369999886,6.889999866,7.329999924,6.769999981,7.659999847,8.859999657,9.470000267,8.300000191,8.470000267,10.52000046,10.31999969,11.22000027,8.319999695,10.75,8.350000381,8.329999924,7.860000134,8.859999657,8.640000343,7.519999981,7.670000076,7.320000172,,6.920000076,6.670000076,7.019999981,7.21999979,7.0,6.880000114,6.369999886,6.960000038,5.639999866,6.769999981,6.320000172,6.230000019,4.929999828,5.320000172,11.97000027,5.320000172,5.119999886,5.320000172,5.71999979,5.519999981,5.420000076,5.369999886,6.019999981,,6.239999771,6.619999886,6.840000153,6.449999809,5.679999828,5.139999866,6.309999943,6.239999771,5.71999979,6.159999847,6.670000076,,6.170000076,,10.98999977,6.71999979,6.96999979,7.239999771,7.670000076,7.880000114,6.670000076,6.920000076,7.019999981,7.519999981,7.619999886,7.199999809,8.0,7.119999886,5.570000172,6.949999809,,,4.170000076,4.590000153,,4.320000172,2.369999886,4.559999943,4.800000191,3.75999999,2.369999886,0.023
1.51E+14,Chabbi,Ground water,Cgwb,Karnataka,Gadag,Shirhatti,Manual,Shirhatti,Chabbi,15.1625,75.5917,05-01-1996,25-08-2024,Dug well,Unconfined,13.0,HGZ,MANUAL-Water Level,m,7.199999809,8.449999809,5.599999905,4.75,5.400000095,5.710000038,5.550000191,4.710000038,6.329999924,6.889999866,7.650000095,9.239999771,8.800000191,10.14999962,9.789999962,7.510000229,9.5,,9.779999733,9.729999542,9.420000076,10.71000004,7.820000172,9.0,6.25,7.78000021,,5.300000191,6.650000095,7.5,6.0,4.599999905,5.119999886,5.199999809,7.110000134,5.099999905,5.300000191,5.699999809,6.480000019,4.909999847,5.300000191,4.300000191,5.840000153,4.5,5.460000038,6.099999905,5.400000095,6.0,6.449999809,7.349999905,,7.550000191,7.099999905,8.0,6.679999828,5.519999981,5.730000019,6.239999771,3.99000001,3.970000029,5.010000229,12.56999969,,8.199999809,,9.789999962,9.649999619,8.199999809,11.81999969,9.920000076,12.38000011,6.949999809,7.690000057,7.699999809,7.5,9.699999809,9.899999619,9.800000191,7.340000153,5.110000134,6.849999905,,,4.300000191,4.510000229,,4.650000095,4.199999809,4.489999771,4.070000172,2.980000019,3.75,0.018
1.53E+14,Hulkoti,Ground water,Cgwb,Karnataka,Gadag,Gadag,Manual,Gadag,Hulkoti,15.4292,75.55,05-01-1996,25-08-2024,Dug well,Unconfined,13.03,HGZ,MANUAL-Water Level,m,5.449999809,6.309999943,3.75999999,2.059999943,2.50999999,3.269999981,3.50999999,2.619999886,3.519999981,,5.809999943,5.889999866,5.610000134,7.409999847,7.610000134,5.360000134,7.920000076,8.510000229,6.550000191,5.659999847,6.119999886,10.77000046,5.519999981,4.409999847,4.559999943,6.510000229,,5.409999847,5.659999847,6.710000038,5.110000134,2.569999933,3.109999895,,2.210000038,3.809999943,3.00999999,5.110000134,4.610000134,3.069999933,2.210000038,,1.690000057,1.320000052,1.620000005,2.359999895,2.210000038,2.210000038,2.559999943,3.609999895,,2.549999952,2.609999895,4.409999847,4.610000134,2.119999886,2.730000019,3.190000057,2.49000001,1.409999967,2.049999952,3.460000038,,2.609999895,,4.989999771,5.309999943,4.960000038,6.010000229,7.739999771,8.529999733,6.409999847,7.510000229,6.610000134,6.309999943,6.309999943,7.809999943,11.0,8.279999733,2.890000105,3.839999914,,,1.830000043,1.929999948,,1.309999943,1.669999957,1.929999948,1.529999971,1.409999967,1.529999971,0.023
1.51E+14,Magdi,Ground water,Cgwb,Karnataka,Gadag,Shirhatti,Manual,Shirhatti,Magdi,15.2083,75.5167,05-01-1996,25-08-2024,Dug well,Unconfined,14.5,HGZ,MANUAL-Water Level,m,7.900000095,9.369999886,8.869999886,4.769999981,5.769999981,8.800000191,9.649999619,6.010000229,6.769999981,9.510000229,11.17000008,11.03999996,11.67000008,8.569999695,7.989999771,10.35999966,10.36999989,10.47999954,9.130000114,9.029999733,9.529999733,10.97999954,10.40999985,7.019999981,7.71999979,8.369999886,,7.269999981,7.269999981,7.71999979,7.869999886,4.110000134,7.179999828,5.670000076,6.679999828,7.090000153,5.71999979,6.769999981,6.28000021,3.319999933,4.320000172,6.099999905,6.570000172,3.369999886,3.869999886,5.869999886,6.570000172,5.21999979,6.570000172,8.470000267,,7.670000076,7.96999979,9.170000076,7.039999962,6.989999771,5.849999905,6.820000172,4.320000172,5.820000172,5.920000076,7.110000134,,9.840000153,,6.980000019,10.44999981,13.17000008,12.42000008,11.17000008,6.619999886,6.96999979,7.230000019,1.269999981,0.469999999,1.200000048,8.369999886,9.649999619,1.019999981,0.620000005,3.900000095,,,3.069999933,4.769999981,,5.409999847,5.21999979,4.320000172,3.920000076,2.170000076,2.170000076,0.018
1.51E+14,Ramgeri,Ground water,Cgwb,Karnataka,Gadag,Shirhatti,Manual,Shirhatti,Ramgeri,15.1394,75.4342,05-01-1996,25-08-2024,Dug well,Unconfined,29.0,HGZ,MANUAL-Water Level,m,20.60000038,19.56999969,19.96999931,18.62000084,17.37000084,16.86000061,16.5,16.70000076,17.89999962,18.70999908,19.27000046,20.5,21.77000046,22.17000008,21.37000084,18.42000008,21.46999931,24.13999939,22.43000031,23.05999947,23.90999985,24.32999992,23.90999985,23.67000008,23.71999931,24.35000038,,21.56999969,23.62000084,24.37000084,22.77000046,19.68000031,20.97999954,18.77000046,20.35000038,20.77000046,19.77000046,18.21999931,19.95000076,19.56999969,18.21999931,19.56999969,18.27000046,16.56999969,16.37000084,16.81999969,16.56999969,16.46999931,16.77000046,18.02000046,,18.12000084,18.87000084,24.70000076,19.27000046,17.34000015,18.21999931,18.87999916,17.27000046,14.47000027,14.28999996,15.35000038,,13.67000008,,16.73999977,16.88999939,11.02000046,18.5,18.39999962,14.56999969,13.27000046,18.35000038,16.46999931,17.37000084,16.67000008,15.67000008,19.5,16.23999977,10.27000046,12.5,,,8.239999771,9.529999733,,6.869999886,4.46999979,5.820000172,3.670000076,2.269999981,2.00999999,0.018
1.51E+14,Shirhatti1,Ground water,Cgwb,Karnataka,Gadag,Shirhatti,Manual,Shirhatti,Shirhatti,15.2292,75.575,05-01-1996,25-08-2024,Dug well,Unconfined,12.84,HGZ,MANUAL-Water Level,m,5.800000191,6.289999962,4.190000057,2.940000057,4.289999962,4.710000038,4.28000021,2.890000105,4.369999886,5.0,5.789999962,,5.989999771,7.289999962,7.090000153,6.019999981,7.789999962,8.529999733,7.849999905,7.25,8.539999962,10.60999966,6.489999771,5.590000153,6.46999979,8.539999962,,5.989999771,6.590000153,7.940000057,5.389999866,2.849999905,4.440000057,5.190000057,5.46999979,5.440000057,5.389999866,6.840000153,5.849999905,2.980000019,4.389999866,5.989999771,5.409999847,2.710000038,3.49000001,4.989999771,4.289999962,3.24000001,4.139999866,5.090000153,,7.289999962,3.99000001,5.420000076,4.420000076,3.549999952,5.110000134,5.460000038,5.150000095,2.640000105,2.900000095,3.730000019,,3.089999914,,4.630000114,4.440000057,4.519999981,5.570000172,7.090000153,7.190000057,3.74000001,5.389999866,4.590000153,4.090000153,5.989999771,6.489999771,8.399999619,4.139999866,3.269999981,5.28000021,,,3.789999962,3.99000001,,4.409999847,3.660000086,4.389999866,3.410000086,1.870000005,2.559999943,0.018
1.71E+14,Afzalpur1,Ground water,Cgwb,Karnataka,Kalaburagi,Afzalpur,Manual,Afzalpur,Afzalpur,17.2,76.3583,05-01-1996,25-08-2024,Dug well,Unconfined,14.9,HGZ,MANUAL-Water Level,m,3.730000019,8.0,1.590000033,1.5,1.710000038,5.289999962,6.369999886,4.920000076,5.570000172,8.270000458,5.889999866,4.050000191,5.71999979,7.03000021,5.849999905,3.700000048,4.900000095,6.599999905,4.800000191,4.599999905,5.010000229,7.099999905,4.300000191,3.519999981,4.0,4.659999847,4.659999847,1.539999962,2.25999999,,3.799999952,1.049999952,3.450000048,5.349999905,1.480000019,1.279999971,2.319999933,5.28000021,2.200000048,1.25999999,1.75,7.400000095,1.220000029,1.059999943,2.170000076,4.5,3.400000095,2.769999981,3.900000095,6.0,,2.450000048,3.799999952,4.0,4.099999905,1.649999976,2.880000114,3.700000048,3.980000019,1.950000048,2.25,3.799999952,7.849999905,3.799999952,,8.300000191,,2.400000095,1.99000001,6.440000057,3.119999886,1.049999952,1.700000048,5.699999809,4.800000191,5.25,4.300000191,,6.449999809,1.149999976,2.599999905,,,0.649999976,2.349999905,,2.950000048,2.5,2.549999952,8.300000191,1.0,1.799999952,0.02
1.74E+14,Ainapur1,Ground water,Cgwb,Karnataka,Kalaburagi,Chincholi,Manual,Chincholi,Ainapur,17.6083,77.225,05-01-1996,25-08-2024,Dug well,Unconfined,9.0,HGZ,MANUAL-Water Level,m,2.789999962,6.0,3.359999895,2.950000048,3.180000067,4.239999771,5.400000095,3.789999962,4.409999847,,6.269999981,3.619999886,5.21999979,,1.600000024,2.400000095,3.150000095,3.200000048,2.450000048,1.950000048,2.269999981,3.099999905,1.399999976,2.599999905,1.559999943,5.920000076,1.49000001,1.379999995,3.130000114,5.010000229,2.779999971,3.150000095,3.819999933,4.28000021,2.420000076,3.380000114,4.079999924,5.019999981,3.75,4.309999943,4.869999886,5.690000057,2.230000019,,3.849999905,5.199999809,,4.03000021,4.75,6.0,,3.299999952,3.680000067,5.150000095,3.200000048,3.200000048,3.359999895,3.200000048,3.849999905,3.75999999,4.25,4.25,3.5,,,7.210000038,2.299999952,2.519999981,3.299999952,5.0,3.039999962,2.470000029,3.200000048,4.199999809,3.359999895,3.160000086,4.320000172,7.099999905,2.700000048,2.549999952,4.449999809,,,2.349999905,4.150000095,,2.700000048,3.829999924,5.400000095,,2.650000095,3.470000029,0.02
1.65E+14,Alur2,Ground water,Cgwb,Karnataka,Kalaburagi,Yadrami,Manual,Yadrami,Alur,16.8861,76.6222,05-01-1996,25-08-2024,Dug well,Unconfined,13.25,HGZ,MANUAL-Water Level,m,5.650000095,9.579999924,2.200000048,2.440000057,3.0,7.139999866,8.350000381,6.21999979,6.480000019,9.56000042,5.639999866,4.0,5.650000095,7.679999828,,8.550000191,9.31000042,9.5,7.150000095,6.150000095,6.590000153,8.880000114,4.949999809,3.369999886,,7.050000191,7.909999847,4.739999771,6.610000134,7.900000095,3.269999981,2.069999933,4.179999828,4.869999886,3.75,3.49000001,5.039999962,7.329999924,6.760000229,1.779999971,2.210000038,6.869999886,3.069999933,1.980000019,3.25999999,6.25,6.25,7.900000095,8.699999809,11.60000038,,10.0,10.52000046,,1.950000048,5.989999771,6.190000057,8.470000267,9.5,9.180000305,9.649999619,11.69999981,11.35000038,11.55000019,,12.69999981,11.0,6.25,7.03000021,10.06999969,11.84000015,5.949999809,6.449999809,9.350000381,7.989999771,8.909999847,9.930000305,12.35000038,11.69999981,10.64999962,12.72000027,,,0.699999988,2.829999924,,1.929999948,1.200000048,4.159999847,7.449999809,1.5,1.559999943,0.023
1.72E+14,Battarga,Ground water,Cgwb,Karnataka,Kalaburagi,Aland,Manual,Aland,Hithal sirur,17.3833,76.5625,05-01-1996,25-08-2024,Dug well,Unconfined,16.25,HGZ,MANUAL-Water Level,m,7.150000095,9.109999657,6.630000114,6.440000057,6.809999943,6.449999809,7.800000191,6.039999962,5.929999828,6.929999828,7.619999886,4.119999886,4.809999943,,,6.800000191,,6.449999809,6.449999809,6.400000095,9.100000381,8.029999733,6.349999905,6.150000095,6.869999886,7.380000114,6.380000114,6.150000095,6.510000229,10.96000004,6.550000191,6.150000095,7.099999905,8.350000381,3.609999895,5.179999828,6.119999886,7.289999962,4.849999905,2.710000038,6.119999886,7.71999979,5.920000076,3.579999924,4.909999847,5.349999905,3.849999905,5.019999981,5.349999905,4.650000095,,4.349999905,5.550000191,5.670000076,5.820000172,5.170000076,5.570000172,6.800000191,6.849999905,4.869999886,,6.699999809,7.75,6.650000095,,11.89000034,5.449999809,5.199999809,6.099999905,,6.019999981,5.699999809,6.25,6.050000191,5.769999981,6.610000134,6.400000095,7.400000095,10.75,5.480000019,6.650000095,,,3.150000095,4.75,,3.450000048,2.099999905,2.099999905,5.849999905,2.599999905,3.599999905,0.02
1.65E+14,Chigerahalli,Ground water,Cgwb,Karnataka,Kalaburagi,Jevargi,Manual,Jevargi,Yalwar,16.8861,76.7611,05-01-1996,25-08-2024,Dug well,Unconfined,12.2,HGZ,MANUAL-Water Level,m,1.850000024,4.010000229,0.819999993,0.75,1.309999943,4.659999847,3.700000048,3.309999943,3.579999924,5.309999943,3.299999952,1.399999976,3.559999943,3.359999895,2.710000038,2.809999943,3.180000067,3.00999999,2.609999895,1.909999967,2.019999981,3.309999943,0.75999999,1.139999986,2.170000076,2.109999895,2.670000076,1.789999962,2.950000048,11.46000004,0.379999995,1.159999967,2.410000086,3.410000086,1.25999999,2.369999886,3.190000057,11.51000023,0.74000001,1.620000005,2.410000086,4.110000134,1.679999948,10.96000004,1.970000029,2.160000086,1.110000014,2.049999952,2.789999962,11.51000023,,2.309999943,2.839999914,11.51000023,4.610000134,1.710000038,2.619999886,3.220000029,11.51000023,2.559999943,2.710000038,3.609999895,2.609999895,2.410000086,,11.51000023,3.109999895,1.559999943,2.579999924,11.51000023,2.710000038,1.179999948,2.309999943,2.50999999,2.910000086,2.890000105,3.410000086,,3.089999914,2.339999914,3.470000029,,,0.159999996,1.360000014,,0.610000014,0.439999998,2.460000038,,0.25999999,1.360000014,0.023
1.73E+14,Chincholi,Ground water,Cgwb,Karnataka,Kalaburagi,Chincholi,Manual,Chincholi,Anwar,17.4167,77.4208,05-01-1996,25-08-2024,Dug well,Unconfined,13.4,HGZ,MANUAL-Water Level,m,7.050000191,7.300000191,6.539999962,6.980000019,7.199999809,9.829999924,10.0,7.579999924,8.020000458,8.130000114,7.539999962,5.610000134,6.579999924,,7.150000095,7.849999905,8.729999542,9.050000191,8.800000191,7.699999809,8.020000458,8.899999619,7.050000191,5.5,6.78000021,8.119999886,6.869999886,6.559999943,7.960000038,8.640000343,4.800000191,4.599999905,6.25,6.960000038,3.839999914,5.889999866,10.52999973,8.220000267,6.769999981,5.809999943,7.28000021,8.369999886,1.179999948,3.630000114,4.639999866,7.0,4.0,8.579999924,8.949999809,9.800000191,,4.599999905,9.5,9.699999809,5.300000191,6.139999866,7.349999905,8.0,7.940000057,5.769999981,7.550000191,8.630000114,8.300000191,8.550000191,,12.39999962,4.699999809,4.630000114,6.25,8.149999619,,5.789999962,7.5,9.050000191,9.199999809,8.93999958,9.649999619,11.30000019,7.800000191,6.400000095,9.199999809,,,2.5,7.699999809,,,3.200000048,7.179999828,8.25,4.789999962,4.900000095,0.023
1.64E+14,Doranahalli,Ground water,Cgwb,Karnataka,Kalaburagi,Shahpur,Manual,Shahpur,Doranhalli,16.7417,76.85,05-01-1996,25-08-2024,Dug well,Unconfined,8.11,HGZ,MANUAL-Water Level,m,2.660000086,4.599999905,1.299999952,1.190000057,1.25999999,5.159999847,4.71999979,3.650000095,2.700000048,3.829999924,3.210000038,2.660000086,2.849999905,3.410000086,2.700000048,2.450000048,2.200000048,2.950000048,2.549999952,1.899999976,2.130000114,2.549999952,2.25,4.039999962,2.75999999,2.400000095,3.440000057,2.269999981,1.950000048,3.109999895,1.970000029,1.75,2.349999905,2.529999971,1.970000029,1.860000014,2.269999981,3.5,3.940000057,2.019999981,2.329999924,3.49000001,1.559999943,1.299999952,1.600000024,2.5,2.099999905,2.029999971,2.299999952,3.599999905,,1.899999976,2.099999905,3.349999905,2.900000095,2.799999952,3.230000019,4.539999962,4.21999979,3.0,1.5,2.200000048,2.049999952,1.649999976,,4.670000076,2.700000048,1.600000024,1.899999976,4.820000172,3.940000057,0.860000014,1.700000048,2.5,2.450000048,2.160000086,2.599999905,3.900000095,4.400000095,2.569999933,3.779999971,,,1.0,1.549999952,,1.350000024,1.049999952,1.779999971,2.5,1.049999952,1.549999952,0.023
1.65E+14,Gurmitkal1,Ground water,Cgwb,Karnataka,Kalaburagi,Yadgir,Manual,Yadgir,Gurmatkal,16.875,77.4,15-05-1996,25-08-2024,Dug well,Unconfined,14.2,HGZ,MANUAL-Water Level,m,6.849999905,11.19999981,4.679999828,4.949999809,5.269999981,9.010000229,8.989999771,6.96999979,7.289999962,8.729999542,6.099999905,5.429999828,7.579999924,,6.349999905,8.100000381,9.239999771,9.899999619,9.5,5.699999809,5.96999979,10.69999981,5.400000095,4.599999905,3.720000029,10.64999962,,5.800000191,12.02000046,12.02000046,5.980000019,5.400000095,7.949999809,8.329999924,7.190000057,9.529999733,9.25,13.39999962,5.829999924,3.279999971,6.25,9.140000343,3.329999924,1.669999957,3.039999962,6.5,1.100000024,,4.099999905,6.050000191,,2.150000095,5.269999981,3.619999886,1.340000033,1.919999957,3.349999905,6.059999943,6.21999979,6.039999962,7.349999905,8.960000038,6.5,6.5,,7.420000076,3.450000048,2.779999971,4.449999809,7.619999886,4.119999886,2.0,4.400000095,7.099999905,1.820000052,5.659999847,6.400000095,8.220000267,,1.549999952,4.369999886,,,1.629999995,5.300000191,,0.899999976,1.899999976,6.039999962,10.14999962,0.939999998,3.150000095,0.023
1.62E+14,Kakkeri,Ground water,Cgwb,Karnataka,Kalaburagi,Shorapur,Manual,Shorapur,Kakkera,16.3667,76.5833,05-01-1996,25-08-2024,Dug well,Unconfined,20.0,HGZ,MANUAL-Water Level,m,2.440000057,5.28000021,0.939999998,0.99000001,1.080000043,2.960000038,2.349999905,1.580000043,1.590000033,2.549999952,2.380000114,1.389999986,1.49000001,2.410000086,4.139999866,3.089999914,2.539999962,2.140000105,2.690000057,3.190000057,3.470000029,2.470000029,1.440000057,2.589999914,2.039999962,3.289999962,2.690000057,2.50999999,3.75,3.24000001,1.710000038,1.789999962,2.99000001,2.849999905,1.75,3.849999905,3.910000086,5.519999981,2.170000076,2.569999933,3.25,3.559999943,3.589999914,4.880000114,3.450000048,4.190000057,3.589999914,4.039999962,4.510000229,4.190000057,,4.690000057,4.889999866,5.090000153,4.03000021,3.140000105,3.089999914,3.589999914,3.940000057,3.569999933,3.24000001,3.190000057,3.390000105,3.690000057,,5.260000229,3.690000057,3.74000001,3.99000001,5.329999924,4.389999866,3.49000001,5.889999866,6.090000153,4.550000191,4.900000095,6.489999771,6.019999981,2.710000038,2.140000105,2.779999971,,,3.440000057,3.690000057,,3.589999914,3.650000095,4.050000191,5.039999962,3.190000057,4.889999866,0.023
1.72E+14,Kallur,Ground water,Cgwb,Karnataka,Kalaburagi,Chincholi,Manual,Chincholi,Kallur,17.3833,77.4667,05-01-1996,25-08-2024,Dug well,Unconfined,12.2,HGZ,MANUAL-Water Level,m,5.420000076,9.050000191,4.28000021,4.369999886,5.269999981,8.18999958,8.569999695,5.349999905,6.190000057,9.569999695,7.949999809,5.570000172,6.650000095,4.099999905,3.25,4.800000191,5.389999866,7.349999905,6.199999809,5.800000191,6.329999924,7.519999981,8.199999809,3.25,4.579999924,10.22000027,4.480000019,5.210000038,5.739999771,10.94999981,7.070000172,3.680000067,9.25,9.460000038,5.329999924,5.489999771,7.630000114,11.39000034,5.429999828,5.900000095,6.449999809,9.989999771,2.369999886,4.210000038,6.300000191,10.5,7.900000095,4.849999905,5.199999809,6.099999905,,3.799999952,4.550000191,2.950000048,1.5,3.900000095,4.849999905,5.820000172,5.400000095,4.159999847,6.0,5.900000095,4.699999809,5.599999905,,8.300000191,2.75,3.799999952,4.900000095,5.25,9.409999847,,5.199999809,6.800000191,5.079999924,7.300000191,8.399999619,8.600000381,5.300000191,4.800000191,7.480000019,,,2.799999952,4.300000191,,0.400000006,2.599999905,5.03000021,5.300000191,2.299999952,4.25,0.023
1.74E+14,Karahari,Ground water,Cgwb,Karnataka,Kalaburagi,Aland,Manual,Aland,Karhari,17.6083,76.7833,05-01-1996,25-08-2024,Dug well,Unconfined,14.25,HGZ,MANUAL-Water Level,m,1.5,4.800000191,3.910000086,3.730000019,3.900000095,6.489999771,5.78000021,3.660000086,4.090000153,4.21999979,3.609999895,3.109999895,4.090000153,9.130000114,6.510000229,3.710000038,4.860000134,8.260000229,7.809999943,3.710000038,4.300000191,6.210000038,2.309999943,1.710000038,2.690000057,,2.869999886,6.28000021,5.289999962,9.359999657,7.380000114,3.630000114,4.309999943,7.590000153,3.210000038,1.889999986,3.670000076,7.210000038,6.519999981,2.289999962,3.99000001,7.710000038,5.510000229,1.830000043,3.180000067,7.510000229,3.410000086,2.579999924,4.110000134,9.609999657,,10.31000042,4.170000076,7.159999847,3.809999943,3.220000029,3.880000114,5.539999962,6.880000114,2.569999933,4.059999943,7.010000229,7.260000229,7.210000038,,,0.810000002,1.50999999,3.329999924,6.46999979,3.710000038,2.180000067,3.609999895,5.710000038,3.599999905,5.28000021,6.210000038,9.800000191,6.659999847,4.010000229,5.949999809,,,0.460000008,3.109999895,,0.310000002,1.129999995,3.980000019,4.639999866,1.710000038,2.809999943,0.02
1.64E+14,Khanapur2,Ground water,Cgwb,Karnataka,Kalaburagi,Shahpur,Manual,Shahpur,Khanapur,16.725,77.0167,05-01-1996,05-01-2024,Dug well,Unconfined,11.0,HGZ,MANUAL-Water Level,m,3.75,4.260000229,2.650000095,2.609999895,3.75,4.449999809,4.25,3.950000048,4.059999943,5.440000057,3.559999943,3.299999952,3.50999999,6.670000076,4.550000191,4.349999905,3.75,,5.800000191,4.25,4.559999943,5.599999905,5.650000095,3.589999914,5.989999771,5.849999905,5.539999962,4.949999809,4.800000191,6.269999981,4.929999828,5.170000076,5.099999905,6.449999809,5.139999866,4.71999979,6.25,6.21999979,5.769999981,4.579999924,5.699999809,8.470000267,3.680000067,3.289999962,5.449999809,6.25,4.650000095,5.699999809,7.599999905,7.849999905,,5.650000095,6.150000095,8.149999619,7.949999809,4.150000095,6.400000095,8.369999886,7.349999905,4.190000057,6.150000095,7.099999905,6.449999809,5.679999828,,9.550000191,8.050000191,5.550000191,7.400000095,9.729999542,9.659999847,5.599999905,7.650000095,10.44999981,8.289999962,8.729999542,9.949999809,,10.5,8.149999619,9.710000038,,,3.700000048,5.550000191,,5.550000191,3.109999895,5.489999771,7.300000191,4.599999905,4.599999905,0.023
1.65E+14,Madarki,Ground water,Cgwb,Karnataka,Kalaburagi,Shahpur,Manual,Shahpur,Madkeri,16.7833,76.7667,05-01-1996,25-08-2024,Dug well,Unconfined,9.2,HGZ,MANUAL-Water Level,m,2.99000001,3.559999943,3.410000086,3.170000076,3.25,4.0,3.50999999,3.359999895,3.00999999,4.010000229,2.730000019,2.460000038,2.549999952,3.269999981,1.960000038,1.409999967,2.160000086,3.410000086,2.50999999,1.809999943,2.0,3.24000001,2.210000038,,1.460000038,2.710000038,3.390000105,0.949999988,2.329999924,4.309999943,1.370000005,1.600000024,1.679999948,3.369999886,1.769999981,1.539999962,2.170000076,4.610000134,1.50999999,1.850000024,1.980000019,4.360000134,2.390000105,1.399999976,1.74000001,3.50999999,1.710000038,1.159999967,2.109999895,5.710000038,,1.409999967,1.909999967,5.210000038,2.109999895,1.809999943,1.50999999,4.409999847,2.619999886,1.110000014,1.360000014,3.460000038,2.410000086,1.809999943,,6.059999943,2.359999895,1.409999967,1.110000014,5.019999981,1.710000038,1.659999967,2.109999895,4.809999943,1.679999948,1.980000019,3.49000001,6.050000191,2.549999952,,2.579999924,,,1.210000038,1.25999999,,0.409999996,1.850000024,1.879999995,1.960000038,1.190000057,1.409999967,0.023
1.74E+14,Margutti,Ground water,Cgwb,Karnataka,Kalaburagi,Kamalapur,Manual,Kamalapur,Marguthi,17.6167,77.0667,05-01-1996,25-08-2024,Dug well,Unconfined,19.12,HGZ,MANUAL-Water Level,m,6.28000021,8.93999958,5.710000038,5.570000172,7.940000057,11.63000011,13.78999996,10.03999996,11.43000031,12.81999969,9.739999771,9.010000229,9.479999542,12.64000034,2.690000057,5.289999962,6.190000057,6.489999771,,4.940000057,5.510000229,5.489999771,3.99000001,1.370000005,4.889999866,,4.300000191,4.289999962,5.579999924,5.539999962,1.190000057,3.210000038,5.289999962,,5.389999866,2.130000114,5.559999943,6.0,3.339999914,3.579999924,5.639999866,,2.109999895,1.970000029,4.53000021,,0.49000001,4.090000153,5.389999866,5.840000153,,3.440000057,4.960000038,5.940000057,0.49000001,2.309999943,4.739999771,5.309999943,5.150000095,4.539999962,6.190000057,5.320000172,0.790000021,6.590000153,,,3.890000105,2.24000001,4.789999962,5.409999847,4.409999847,2.339999914,5.289999962,7.389999866,6.099999905,7.099999905,5.090000153,,1.960000038,1.860000014,5.849999905,,,1.190000057,4.389999866,,0.589999974,0.680000007,2.559999943,7.389999866,0.389999986,2.49000001,0.02
1.73E+14,Moghe,Ground water,Cgwb,Karnataka,Kalaburagi,Chincholi,Manual,Chincholi,Narnal,17.4833,77.2333,15-05-1996,25-08-2024,Dug well,Unconfined,9.25,HGZ,MANUAL-Water Level,m,1.330000043,4.46999979,1.389999986,1.129999995,1.409999967,4.78000021,3.670000076,2.670000076,2.920000076,5.079999924,2.470000029,2.220000029,2.75,,0.949999988,1.850000024,3.99000001,3.799999952,1.25,3.799999952,1.519999981,3.25999999,,4.199999809,2.579999924,6.21999979,0.779999971,1.00999999,4.260000229,5.869999886,0.850000024,1.279999971,2.25,1.960000038,0.50999999,1.450000048,2.470000029,5.900000095,1.360000014,1.600000024,2.559999943,6.760000229,1.519999981,0.850000024,1.580000043,3.5,0.800000012,1.950000048,2.700000048,5.0,,0.75,,3.75,0.709999979,0.810000002,1.5,3.200000048,0.800000012,1.350000024,1.850000024,3.069999933,0.800000012,1.399999976,,3.680000067,0.699999988,1.149999976,1.570000052,4.820000172,1.230000019,0.800000012,0.600000024,2.5,1.950000048,1.850000024,3.349999905,,0.800000012,0.930000007,2.74000001,,,0.699999988,2.0,,0.699999988,0.75,2.059999943,3.400000095,0.889999986,1.049999952,0.023
1.65E+14,Mudbal,Ground water,Cgwb,Karnataka,Kalaburagi,Shahpur,Manual,Shahpur,Mudbal,16.8,76.7933,05-01-1996,25-08-2024,Dug well,Unconfined,16.9,HGZ,MANUAL-Water Level,m,6.190000057,11.0,7.170000076,6.409999847,7.960000038,11.90999985,10.64999962,8.300000191,9.090000153,10.72999954,8.449999809,7.46999979,7.329999924,,7.21999979,6.619999886,4.820000172,8.119999886,8.319999695,4.269999981,4.510000229,1.120000005,4.619999886,2.680000067,3.180000067,6.170000076,3.390000105,2.390000105,3.480000019,10.02000046,2.329999924,2.690000057,3.24000001,4.119999886,2.599999905,2.5,3.980000019,11.59000015,1.899999976,2.440000057,2.980000019,7.550000191,4.300000191,2.430000067,3.119999886,10.42000008,2.519999981,3.539999962,4.269999981,,,3.720000029,4.019999981,8.819999695,4.619999886,3.900000095,3.150000095,5.239999771,7.869999886,2.930000067,,2.319999933,8.020000458,1.559999943,,4.239999771,3.720000029,2.269999981,2.25,3.480000019,2.670000076,1.820000052,1.919999957,1.919999957,1.659999967,1.279999971,3.369999886,4.699999809,3.119999886,1.370000005,3.950000048,,,1.220000029,1.269999981,,1.549999952,1.720000029,1.830000043,2.900000095,1.269999981,1.320000052,0.023
1.64E+14,Naikal,Ground water,Cgwb,Karnataka,Kalaburagi,Shahpur,Manual,Shahpur,Naikal,16.7333,77.05,05-01-1996,25-08-2024,Dug well,Unconfined,9.43,HGZ,MANUAL-Water Level,m,2.19,3.54,1.99,1.86,1.9,4.34,3.0,2.34,2.09,3.04,2.21,1.39,1.64,6.15,4.59,3.94,4.59,6.04,5.49,3.89,,6.39,4.59,5.32,5.28,4.04,4.39,3.75,4.39,7.31,4.99,2.91,3.14,3.79,3.82,3.13,4.43,5.32,5.55,3.9,4.21,3.65,3.39,1.99,2.72,3.99,2.19,3.04,3.49,4.49,,2.94,3.8,7.44,3.89,2.08,2.79,4.03,2.99,2.33,2.54,4.49,3.99,3.44,,4.1,3.49,3.09,3.46,4.71,4.31,2.84,3.39,3.79,3.8,4.25,4.52,5.75,5.33,3.29,4.15,,,0.89,2.09,,0.99,0.66,1.81,2.39,0.86,1.59,0.023
1.72E+14,Nimbarga,Ground water,Cgwb,Karnataka,Kalaburagi,Aland,Manual,Aland,Nimberga,17.3833,76.5792,05-01-1996,25-08-2024,Dug well,Unconfined,14.5,HGZ,MANUAL-Water Level,m,8.899999619,10.35000038,7.550000191,7.159999847,7.380000114,,,6.75,7.630000114,10.06000042,7.449999809,6.789999962,7.570000172,14.10999966,11.0,9.25,12.0,9.800000191,,7.550000191,8.100000381,14.06000042,7.150000095,4.070000172,4.900000095,11.19999981,8.720000267,9.630000114,10.14000034,13.39999962,10.14999962,6.539999962,8.289999962,10.31999969,8.380000114,4.949999809,5.690000057,9.960000038,7.300000191,4.739999771,6.559999943,9.739999771,7.260000229,12.0,3.420000076,3.700000048,1.700000048,3.299999952,4.300000191,3.700000048,,2.0,4.840000153,12.35000038,2.299999952,6.550000191,8.800000191,9.020000458,10.35000038,6.28000021,10.30000019,9.859999657,7.699999809,7.5,,10.25,5.800000191,3.400000095,5.699999809,13.69999981,5.900000095,4.050000191,4.699999809,8.199999809,6.389999866,8.020000458,8.229999542,14.0,10.69999981,5.619999886,8.319999695,,,2.25,5.400000095,,3.049999952,1.549999952,6.300000191,7.550000191,1.950000048,4.050000191,0.02
1.73E+14,Pathan,Ground water,Cgwb,Karnataka,Kalaburagi,Aland,Manual,Aland,Gola b,17.425,76.725,15-05-1996,25-08-2024,Dug well,Unconfined,12.07,HGZ,MANUAL-Water Level,m,5.380000114,8.229999542,4.630000114,4.409999847,5.889999866,8.359999657,8.210000038,5.989999771,6.699999809,8.380000114,6.769999981,4.690000057,5.440000057,8.319999695,5.349999905,5.449999809,10.19999981,,6.849999905,5.550000191,6.179999828,11.06000042,2.25,4.099999905,4.949999809,9.109999657,4.96999979,4.170000076,8.010000229,11.31999969,5.550000191,3.700000048,6.75,7.369999886,6.03000021,5.420000076,6.300000191,11.31999969,2.819999933,3.279999971,3.75,11.31999969,2.609999895,3.109999895,2.880000114,8.149999619,4.449999809,4.150000095,6.599999905,8.75,,4.25,6.199999809,12.06999969,2.920000076,0.189999998,4.510000229,7.170000076,7.809999943,5.050000191,,7.349999905,4.940000057,6.150000095,,11.31999969,2.549999952,2.869999886,5.449999809,6.25,5.010000229,2.690000057,4.849999905,6.650000095,5.78000021,7.659999847,7.199999809,8.699999809,3.769999981,2.789999962,6.050000191,,,2.049999952,4.449999809,,3.349999905,2.00999999,,4.75,0.569999993,3.5,0.02
1.66E+14,Revannur,Ground water,Cgwb,Karnataka,Kalaburagi,Jevargi,Manual,Jevargi,Revnnor,16.9917,76.725,05-01-1996,25-08-2024,Dug well,Unconfined,8.17,HGZ,MANUAL-Water Level,m,2.25,4.159999847,2.470000029,2.25,2.549999952,4.659999847,3.839999914,2.970000029,3.230000019,3.869999886,2.460000038,2.109999895,2.400000095,4.28000021,4.940000057,3.539999962,3.789999962,4.389999866,2.940000057,2.289999962,2.970000029,4.210000038,1.090000033,1.289999962,1.570000052,,2.940000057,1.899999976,2.130000114,,1.24000001,1.639999986,1.539999962,1.629999995,0.889999986,1.49000001,1.639999986,2.160000086,0.99000001,1.470000029,1.639999986,2.339999914,1.24000001,0.699999988,1.649999976,2.289999962,,1.690000057,1.690000057,1.539999962,,0.939999998,0.860000014,,1.350000024,1.190000057,0.939999998,2.150000095,1.710000038,2.890000105,0.970000029,1.590000033,1.539999962,1.090000033,,3.440000057,2.190000057,1.090000033,1.090000033,2.549999952,2.380000114,0.970000029,1.49000001,1.539999962,2.029999971,1.169999957,1.730000019,4.050000191,2.589999914,1.309999943,1.850000024,,,0.939999998,1.539999962,,2.089999914,0.949999988,,1.940000057,1.340000033,1.039999962,0.023
1.74E+14,Salgar,Ground water,Cgwb,Karnataka,Kalaburagi,Kamalapur,Manual,Kamalapur,Salgera,17.6333,76.7833,05-01-1996,25-08-2024,Dug well,Unconfined,12.02,HGZ,MANUAL-Water Level,m,1.49000001,4.989999771,3.549999952,3.170000076,3.25,6.849999905,6.150000095,5.070000172,4.679999828,5.679999828,4.260000229,3.319999933,4.050000191,4.139999866,3.049999952,3.0,4.349999905,4.099999905,4.400000095,2.900000095,3.190000057,5.050000191,2.049999952,1.649999976,2.519999981,3.920000076,3.119999886,2.099999905,3.99000001,3.819999933,2.539999962,2.450000048,4.099999905,3.589999914,1.600000024,2.359999895,2.75999999,3.859999895,3.140000105,2.450000048,2.930000067,4.150000095,1.429999948,1.50999999,1.730000019,3.700000048,1.649999976,2.400000095,2.150000095,3.700000048,,,3.75,7.019999981,2.200000048,2.140000105,3.539999962,3.680000067,2.799999952,1.919999957,2.099999905,3.5,,,,,2.200000048,2.5,2.450000048,,,2.099999905,3.299999952,3.700000048,1.269999981,2.450000048,2.799999952,7.199999809,1.169999957,0.970000029,3.470000029,,,0.400000006,1.899999976,,0.289999992,0.600000024,3.5,2.450000048,0.25999999,1.100000024,0.02
1.73E+14,Sasargaon,Ground water,Cgwb,Karnataka,Kalaburagi,Chincholi,Manual,Chincholi,Ranapur,17.4958,77.2167,15-05-1996,25-08-2024,Dug well,Unconfined,9.79,HGZ,MANUAL-Water Level,m,2.069999933,4.440000057,1.419999957,1.200000048,2.089999914,6.989999771,7.590000153,3.819999933,4.309999943,6.199999809,4.78000021,3.690000057,4.880000114,,0.839999974,0.74000001,,7.739999771,0.889999986,0.239999995,1.24000001,3.789999962,,,3.420000076,4.670000076,0.140000001,0.74000001,1.440000057,7.46999979,1.139999986,0.790000021,1.389999986,1.289999962,0.239999995,0.779999971,1.350000024,3.039999962,2.5,0.879999995,1.669999957,3.839999914,1.860000014,0.100000001,0.75,2.140000105,0.74000001,0.680000007,0.939999998,3.890000105,,0.959999979,1.080000043,3.089999914,2.24000001,0.239999995,0.970000029,2.839999914,1.24000001,0.460000008,0.99000001,1.49000001,0.839999974,1.389999986,,3.809999943,0.300000012,0.100000001,1.200000048,2.529999971,0.699999988,0.600000024,1.799999952,2.0,0.400000006,1.110000014,2.039999962,4.5,0.460000008,0.01,1.399999976,,,0.200000003,,,0.100000001,0.200000003,1.190000057,1.899999976,0.300000012,0.550000012,0.023
1.66E+14,Sona,Ground water,Cgwb,Karnataka,Kalaburagi,Jevargi,Manual,Jevargi,Soan,16.9917,76.6333,05-01-1996,25-08-2024,Dug well,Unconfined,21.72,HGZ,MANUAL-Water Level,m,6.260000229,10.75,2.5,2.099999905,3.359999895,10.35000038,9.760000229,5.949999809,6.739999771,7.909999847,6.639999866,4.730000019,5.940000057,8.779999733,8.699999809,4.900000095,5.340000153,5.300000191,5.5,4.300000191,5.190000057,4.900000095,0.699999988,3.529999971,4.03000021,3.799999952,4.119999886,3.119999886,3.799999952,,2.5,3.299999952,3.720000029,,3.730000019,3.299999952,3.599999905,5.840000153,1.080000043,3.660000086,4.599999905,5.139999866,3.25999999,2.940000057,3.339999914,5.099999905,3.299999952,3.589999914,3.450000048,6.199999809,,2.849999905,3.200000048,5.900000095,5.010000229,2.799999952,2.470000029,,3.25,3.160000086,2.819999933,4.599999905,3.299999952,3.099999905,,,5.300000191,2.700000048,3.269999981,,4.679999828,2.930000067,3.299999952,5.400000095,3.769999981,3.230000019,4.300000191,7.550000191,4.800000191,2.369999886,4.380000114,,,1.5,2.700000048,,1.600000024,1.700000048,1.700000048,3.660000086,1.450000048,1.950000048,0.023
1.65E+14,Ukinal,Ground water,Cgwb,Karnataka,Kalaburagi,Yadrami,Manual,Yadrami,Mallabad,16.7583,76.6333,15-05-1996,25-08-2024,Dug well,Unconfined,25.5,HGZ,MANUAL-Water Level,m,6.150000095,8.909999847,4.570000172,4.289999962,5.25,9.149999619,9.390000343,5.460000038,6.230000019,8.119999886,5.329999924,3.970000029,4.730000019,12.32999992,7.78000021,8.0,8.180000305,10.38000011,7.480000019,7.929999828,8.470000267,13.07999992,9.279999733,4.460000038,6.510000229,6.78000021,7.349999905,5.449999809,7.110000134,12.13000011,2.75999999,3.339999914,5.429999828,,5.130000114,5.039999962,6.75,9.680000305,8.640000343,3.309999943,5.380000114,,1.429999948,4.489999771,6.199999809,6.78000021,5.480000019,6.510000229,7.429999828,7.480000019,,4.579999924,6.130000114,11.13000011,7.079999924,2.880000114,4.900000095,5.389999866,5.980000019,3.450000048,4.730000019,6.179999828,6.929999828,6.429999828,,7.699999809,4.079999924,4.630000114,4.050000191,5.670000076,5.480000019,3.450000048,4.579999924,5.380000114,5.820000172,4.840000153,5.639999866,12.05000019,6.150000095,3.430000067,6.849999905,,,1.029999971,2.480000019,,1.389999986,1.470000029,3.839999914,3.930000067,1.820000052,2.420000076,0.023
1.21E+14,Ammatti,Ground water,Cgwb,Karnataka,Kodagu,Virajpet,Manual,Virajpet,Ammatti,12.2417,75.8667,05-01-1996,05-01-2024,Dug well,Unconfined,14.2,HGZ,MANUAL-Water Level,m,10.65999985,10.35000038,6.460000038,6.980000019,10.28999996,12.22999954,7.53000021,8.130000114,8.880000114,10.43999958,8.430000305,7.300000191,8.760000229,10.38000011,7.510000229,8.479999542,8.970000267,9.829999924,5.28000021,9.0,9.199999809,12.30000019,5.289999962,6.960000038,8.029999733,10.88000011,5.179999828,4.610000134,8.569999695,9.739999771,4.360000134,6.429999828,8.479999542,9.279999733,6.28000021,7.730000019,8.710000038,9.590000153,6.480000019,7.730000019,8.649999619,9.630000114,7.079999924,7.579999924,8.340000153,9.380000114,5.980000019,7.809999943,8.829999924,9.880000114,,8.039999962,8.979999542,9.979999542,4.78000021,7.480000019,8.819999695,9.779999733,5.679999828,7.449999809,8.699999809,9.239999771,7.179999828,7.75,,9.399999619,7.980000019,9.199999809,9.510000229,10.65999985,8.130000114,7.760000229,9.229999542,9.979999542,4.409999847,6.480000019,8.529999733,10.30000019,4.179999828,6.989999771,9.770000458,,,7.440000057,8.829999924,,10.75,6.050000191,8.880000114,9.56000042,5.929999828,7.619999886,0.023
1.22E+14,Bhagamandala1,Ground water,Cgwb,Karnataka,Kodagu,Madikeri,Manual,Madikeri,Bhagamandala,12.3833,75.5333,05-01-1996,05-01-2024,Dug well,Unconfined,7.5,HGZ,MANUAL-Water Level,m,3.539999962,3.599999905,0.379999995,2.799999952,3.960000038,4.099999905,0.800000012,2.670000076,3.690000057,3.720000029,1.169999957,2.400000095,,4.599999905,0.879999995,1.720000029,3.890000105,2.400000095,1.350000024,2.809999943,4.050000191,4.349999905,1.029999971,2.390000105,3.150000095,0.699999988,1.200000048,2.299999952,,4.230000019,6.380000114,2.299999952,3.400000095,3.900000095,1.799999952,2.670000076,4.099999905,4.179999828,1.200000048,2.799999952,3.099999905,4.300000191,,1.730000019,3.779999971,3.099999905,1.299999952,,,3.5,,3.099999905,4.599999905,5.019999981,2.299999952,2.529999971,3.049999952,3.799999952,1.340000033,2.849999905,3.0,3.220000029,0.949999988,2.299999952,,3.75,2.349999905,3.049999952,3.210000038,4.25,0.699999988,2.579999924,3.799999952,3.200000048,0.600000024,1.600000024,3.369999886,6.349999905,0.400000006,2.0,3.75,,,2.119999886,2.25,,0.779999971,1.850000024,3.730000019,,6.199999809,6.5,0.023
1.21E+14,Cheyyandane,Ground water,Cgwb,Karnataka,Kodagu,Madikeri,Manual,Madikeri,Cheyyandane,12.2278,75.6917,05-01-1996,05-01-2024,Dug well,Unconfined,14.0,HGZ,MANUAL-Water Level,m,11.52000046,11.17000008,7.179999828,10.39999962,10.60999966,12.19999981,,10.46000004,10.47999954,10.90999985,10.35000038,10.47999954,12.10000038,11.06999969,10.5,10.60000038,10.60000038,10.77999973,11.39999962,10.61999989,10.80000019,11.5,10.35000038,10.48999977,10.35000038,,11.5,10.80000019,12.22999954,11.28999996,11.93000031,,10.5,10.80000019,11.80000019,10.36999989,11.10000038,11.92000008,12.0,12.19999981,12.22999954,11.43999958,11.94999981,11.89999962,12.14999962,12.35000038,11.75,,12.10000038,12.30000019,,11.89000034,12.25,12.18999958,12.10000038,12.10000038,12.25,13.10000038,11.75,12.19999981,12.19999981,12.18000031,11.80000019,12.0,,11.94999981,11.93999958,12.19999981,12.27000046,12.25,10.82999992,11.96000004,12.30000019,11.5,11.85000038,11.85000038,12.10999966,12.94999981,10.44999981,,13.75,,,12.14999962,12.17000008,,10.39999962,11.85000038,12.02999973,11.86999989,11.60000038,12.0,0.023
1.21E+14,Gonikoppal,Ground water,Cgwb,Karnataka,Kodagu,Virajpet,Manual,Virajpet,Gonikoppal,12.2167,75.9417,05-01-1996,05-01-2024,Dug well,Unconfined,9.47,HGZ,MANUAL-Water Level,m,4.739999771,5.690000057,2.869999886,4.21999979,4.289999962,5.46999979,4.039999962,3.880000114,4.570000172,5.150000095,3.74000001,4.019999981,4.46999979,5.019999981,3.700000048,4.170000076,4.369999886,4.46999979,2.720000029,4.230000019,4.519999981,5.619999886,3.470000029,3.720000029,5.119999886,3.450000048,3.170000076,4.619999886,,5.010000229,6.400000095,3.920000076,4.619999886,4.519999981,3.920000076,4.119999886,4.539999962,4.539999962,3.890000105,4.619999886,4.570000172,4.840000153,4.070000172,4.46999979,4.820000172,2.720000029,3.920000076,2.75999999,4.570000172,,,4.269999981,4.519999981,5.420000076,3.519999981,4.119999886,4.360000134,4.71999979,4.079999924,3.970000029,4.840000153,2.339999914,4.019999981,4.21999979,,4.71999979,3.880000114,5.369999886,5.050000191,4.820000172,2.519999981,4.099999905,,3.420000076,3.019999981,3.49000001,4.139999866,5.25,3.220000029,1.870000005,3.75999999,,,4.03000021,4.119999886,,3.869999886,3.450000048,4.070000172,3.819999933,3.569999933,3.920000076,0.023
1.22E+14,Heravanadu,Ground water,Cgwb,Karnataka,Kodagu,Madikeri,Manual,Madikeri,Heravanadu,12.3792,75.7083,05-01-1996,05-01-2024,Dug well,Unconfined,10.98,HGZ,MANUAL-Water Level,m,7.260000229,8.350000381,3.160000086,6.179999828,7.300000191,9.779999733,5.349999905,6.28000021,6.75,8.180000305,5.449999809,5.980000019,,8.43999958,5.380000114,6.400000095,6.929999828,8.180000305,5.230000019,6.5,5.78000021,9.159999847,4.699999809,5.929999828,6.480000019,7.880000114,4.78000021,6.079999924,6.889999866,8.359999657,4.679999828,6.03000021,6.78000021,7.78000021,5.480000019,6.340000153,6.78000021,8.420000076,5.179999828,6.28000021,6.679999828,8.149999619,2.579999924,5.829999924,6.579999924,8.180000305,5.03000021,6.380000114,6.909999847,8.380000114,,6.380000114,8.680000305,9.109999657,4.28000021,5.980000019,7.320000172,8.079999924,5.210000038,6.599999905,6.900000095,7.829999924,4.860000134,6.28000021,,8.229999542,6.380000114,6.380000114,7.03000021,8.479999542,5.329999924,8.779999733,6.760000229,,4.579999924,8.430000305,8.880000114,9.699999809,7.480000019,5.980000019,3.819999933,,,6.139999866,6.78000021,,4.860000134,6.079999924,6.880000114,6.849999905,5.53000021,6.28000021,0.023
1.21E+14,Hudikeri,Ground water,Cgwb,Karnataka,Kodagu,Virajpet,Manual,Virajpet,Hudikeri,12.0833,75.9458,05-01-1996,05-01-2024,Dug well,Unconfined,15.5,HGZ,MANUAL-Water Level,m,8.449999809,10.69999981,6.409999847,7.579999924,9.640000343,10.13000011,6.130000114,7.699999809,8.359999657,10.15999985,6.260000229,7.070000172,8.279999733,10.15999985,6.579999924,7.539999962,8.300000191,9.470000267,5.53000021,7.559999943,8.630000114,10.22999954,4.349999905,6.920000076,7.630000114,9.550000191,,6.730000019,8.149999619,9.699999809,5.340000153,6.829999924,9.229999542,9.329999924,5.429999828,6.989999771,7.880000114,9.529999733,6.230000019,7.130000114,8.229999542,9.5,5.53000021,6.929999828,7.78000021,6.980000019,5.53000021,6.860000134,7.889999866,,,6.980000019,8.029999733,9.829999924,4.579999924,7.400000095,8.18999958,8.819999695,5.059999943,8.130000114,9.130000114,9.130000114,6.329999924,7.429999828,,9.880000114,8.079999924,7.880000114,9.949999809,10.18000031,6.550000191,7.03000021,8.329999924,11.52999973,4.789999962,7.690000057,3.109999895,,4.230000019,7.119999886,8.079999924,,,6.849999905,8.159999847,,5.239999771,6.579999924,8.100000381,8.279999733,5.78000021,7.269999981,0.023
1.23E+14,Igoor,Ground water,Cgwb,Karnataka,Kodagu,Somvarpet,Manual,Somvarpet,Igoor,12.5361,75.8456,05-01-1996,05-01-2024,Dug well,Unconfined,6.32,HGZ,MANUAL-Water Level,m,4.360000134,,0.660000026,3.880000114,4.869999886,,1.580000043,4.059999943,4.699999809,,2.079999924,3.940000057,4.78000021,,1.879999995,4.03000021,4.360000134,4.369999886,2.180000067,1.950000048,4.699999809,5.28000021,1.659999967,2.970000029,3.779999971,3.980000019,1.980000019,4.199999809,4.789999962,5.599999905,2.960000038,3.579999924,5.019999981,5.599999905,3.579999924,4.079999924,5.179999828,5.269999981,3.579999924,4.03000021,4.679999828,5.0,3.5,4.409999847,5.380000114,5.480000019,2.880000114,2.49000001,5.25,5.599999905,,4.610000134,5.599999905,5.599999905,2.329999924,3.579999924,5.380000114,5.599999905,2.859999895,4.699999809,5.230000019,4.460000038,2.779999971,4.099999905,,5.599999905,5.599999905,4.800000191,4.980000019,4.730000019,1.100000024,4.340000153,3.730000019,3.029999971,,,,5.349999905,1.080000043,,4.079999924,,,2.559999943,3.579999924,,0.829999983,1.929999948,3.230000019,1.879999995,2.029999971,2.680000067,0.023
1.25E+14,Kodlipet,Ground water,Cgwb,Karnataka,Kodagu,Somvarpet,Manual,Somvarpet,Kodlipet,12.8,75.8833,05-01-1996,05-01-2024,Dug well,Unconfined,13.6,HGZ,MANUAL-Water Level,m,7.420000076,10.46000004,4.539999962,5.369999886,1.399999976,,6.300000191,7.179999828,8.130000114,10.63000011,7.820000172,7.5,8.699999809,11.18999958,8.100000381,7.599999905,8.81000042,11.05000019,4.699999809,6.920000076,8.449999809,11.05000019,3.640000105,4.78000021,6.550000191,8.68999958,,5.050000191,7.53000021,,4.289999962,4.699999809,7.199999809,9.300000191,4.75,6.25,7.840000153,10.27000046,5.400000095,6.699999809,7.900000095,9.970000267,6.420000076,6.659999847,7.380000114,9.5,4.849999905,5.630000114,7.380000114,9.300000191,,6.730000019,8.199999809,9.5,4.760000229,6.5,8.069999695,9.75,4.659999847,6.320000172,7.699999809,9.600000381,5.599999905,7.5,,10.19999981,6.099999905,8.239999771,9.140000343,10.47999954,5.21999979,6.320000172,8.779999733,9.800000191,4.699999809,5.849999905,8.100000381,10.75,4.0,6.199999809,8.409999847,,,6.170000076,8.149999619,,2.200000048,6.179999828,7.800000191,8.449999809,4.800000191,6.349999905,0.023
1.23E+14,Madalapura,Ground water,Cgwb,Karnataka,Kodagu,Somvarpet,Manual,Somvarpet,Madalapura,12.5042,75.9417,05-01-1996,05-01-2024,Dug well,Unconfined,7.8,HGZ,MANUAL-Water Level,m,1.639999986,2.559999943,,0.920000017,3.480000019,,4.769999981,0.75,1.830000043,1.580000043,0.790000021,0.920000017,3.049999952,1.639999986,0.819999993,0.899999976,2.470000029,2.819999933,1.120000005,0.920000017,6.019999981,2.819999933,0.870000005,1.120000005,1.669999957,1.879999995,0.620000005,1.019999981,2.349999905,,0.980000019,0.769999981,2.220000029,3.119999886,1.120000005,0.99000001,0.769999981,3.089999914,0.720000029,0.5,0.920000017,0.689999998,0.550000012,0.479999989,2.460000038,5.070000172,2.720000029,1.419999957,3.119999886,6.519999981,,3.819999933,5.170000076,,1.570000052,0.519999981,1.970000029,5.239999771,2.269999981,3.089999914,4.119999886,5.940000057,3.470000029,3.180000067,,6.820000172,3.920000076,4.769999981,6.059999943,3.670000076,0.370000005,2.960000038,5.550000191,5.690000057,,2.670000076,4.699999809,,3.450000048,2.230000019,4.670000076,,,3.089999914,2.839999914,,2.019999981,2.099999905,5.96999979,4.369999886,2.569999933,3.119999886,0.023
1.22E+14,Nanjarajpatna,Ground water,Cgwb,Karnataka,Kodagu,Somvarpet,Manual,Somvarpet,Nanjarajpatna,12.3736,75.8972,05-01-1996,05-01-2024,Dug well,Unconfined,8.5,HGZ,MANUAL-Water Level,m,2.25,1.029999971,0.560000002,1.029999971,6.889999866,4.130000114,1.230000019,1.940000057,2.660000086,5.78000021,1.330000043,1.230000019,2.730000019,,1.049999952,2.329999924,5.070000172,4.53000021,1.580000043,1.909999967,3.279999971,5.28000021,0.829999983,0.699999988,1.080000043,,0.629999995,1.149999976,,3.579999924,0.75999999,0.680000007,3.730000019,7.53000021,1.129999995,0.860000014,3.109999895,4.210000038,1.129999995,0.980000019,1.529999971,3.130000114,1.409999967,0.810000002,1.100000024,1.580000043,0.829999983,0.709999979,1.029999971,7.730000019,,3.029999971,3.730000019,3.930000067,1.080000043,0.829999983,2.75,3.789999962,3.25999999,2.549999952,3.339999914,3.630000114,1.080000043,2.029999971,,7.730000019,7.730000019,,7.730000019,4.230000019,1.929999948,2.960000038,4.079999924,6.239999771,0.980000019,1.080000043,2.779999971,,1.330000043,8.399999619,2.380000114,,,1.440000057,3.680000067,,1.830000043,1.230000019,2.529999971,1.299999952,1.029999971,,0.023
1.22E+14,Napoklu,Ground water,Cgwb,Karnataka,Kodagu,Madikeri,Manual,Madikeri,Napoklu,12.3042,75.6917,05-01-1996,05-01-2024,Dug well,Unconfined,12.5,HGZ,MANUAL-Water Level,m,6.059999943,8.210000038,6.230000019,7.300000191,5.940000057,8.43999958,5.440000057,5.929999828,6.010000229,6.239999771,5.829999924,5.940000057,5.96999979,7.940000057,,8.380000114,7.659999847,7.710000038,5.590000153,7.300000191,,8.340000153,4.630000114,6.610000134,7.139999866,,4.840000153,6.239999771,7.460000038,7.699999809,4.869999886,6.539999962,7.940000057,7.440000057,5.940000057,7.039999962,7.769999981,,6.340000153,8.239999771,,8.840000153,6.039999962,10.28999996,7.579999924,,6.139999866,7.039999962,7.889999866,8.039999962,,7.389999866,7.840000153,,7.139999866,7.940000057,10.64000034,,7.039999962,,8.789999962,7.440000057,7.239999771,7.190000057,,7.539999962,6.619999886,7.239999771,7.420000076,7.840000153,7.190000057,7.289999962,7.340000153,10.53999996,6.989999771,7.090000153,7.409999847,9.619999886,6.039999962,7.239999771,10.30000019,,,3.619999886,,,7.190000057,7.239999771,7.340000153,7.840000153,7.139999866,7.289999962,0.023
1.24E+14,Shanivarasante,Ground water,Cgwb,Karnataka,Kodagu,Somvarpet,Manual,Somvarpet,Shanivarasante,12.725,75.8958,05-01-1996,05-01-2024,Dug well,Unconfined,14.87,HGZ,MANUAL-Water Level,m,6.539999962,6.940000057,3.549999952,4.920000076,5.420000076,6.420000076,4.519999981,5.239999771,5.670000076,6.760000229,4.679999828,6.090000153,5.619999886,6.96999979,4.71999979,5.199999809,5.800000191,6.519999981,4.21999979,4.940000057,5.650000095,6.920000076,3.839999914,4.449999809,4.670000076,4.880000114,3.789999962,3.920000076,5.210000038,6.210000038,4.380000114,4.420000076,5.119999886,5.71999979,4.519999981,4.840000153,5.21999979,5.809999943,4.920000076,6.019999981,5.21999979,6.119999886,4.96999979,4.820000172,5.070000172,5.920000076,4.619999886,4.380000114,5.239999771,6.019999981,,5.119999886,5.519999981,6.420000076,4.21999979,4.71999979,5.570000172,5.96999979,4.599999905,5.369999886,5.5,5.96999979,4.820000172,5.420000076,,6.820000172,4.929999828,5.769999981,5.820000172,6.71999979,4.21999979,4.920000076,5.929999828,6.769999981,4.239999771,4.670000076,5.519999981,7.800000191,4.519999981,4.900000095,5.940000057,,,5.369999886,6.019999981,,3.5,4.920000076,5.369999886,5.619999886,4.519999981,5.119999886,0.023
1.24E+14,Somvarpet1,Ground water,Cgwb,Karnataka,Kodagu,Somvarpet,Manual,Somvarpet,Somvarpet,12.6,75.8333,05-01-1996,05-01-2024,Dug well,Unconfined,17.97,HGZ,MANUAL-Water Level,m,12.81999969,14.52000046,9.289999962,11.42000008,6.800000191,15.35000038,12.05000019,12.18000031,12.92000008,15.05000019,11.44999981,11.68000031,12.78999996,15.27000046,12.82999992,12.85000038,13.44999981,14.67000008,9.949999809,11.05000019,12.89999962,15.47000027,7.800000191,11.13000011,13.64999962,,8.550000191,11.75,12.72000027,13.90999985,9.199999809,11.35000038,15.5,13.69999981,9.449999809,11.69999981,12.75,14.38000011,11.44999981,11.21000004,12.60000038,13.75,4.900000095,12.19999981,13.18999958,14.64999962,11.64999962,12.55000019,12.64999962,14.05000019,,12.28999996,14.55000019,15.85000038,8.050000191,11.64999962,13.17000008,14.39999962,9.510000229,12.11999989,12.85000038,14.06999969,12.35000038,12.39999962,,16.54999924,11.35000038,14.55000019,14.35000038,14.94999981,11.85000038,11.81999969,13.67000008,12.75,8.149999619,4.75,13.22999954,16.39999962,10.25,11.80000019,14.68000031,,,11.60000038,12.85999966,,8.550000191,12.5,14.10000038,9.449999809,9.899999619,11.55000019,0.023
1.23E+14,Suntikoppa,Ground water,Cgwb,Karnataka,Kodagu,Madikeri,Manual,Madikeri,Suntikoppa,12.4486,75.8236,05-01-1996,05-01-2024,Dug well,Unconfined,8.6,HGZ,MANUAL-Water Level,m,4.599999905,5.420000076,1.679999948,4.159999847,5.53000021,,3.0,4.5,4.900000095,5.78000021,3.539999962,4.329999924,5.230000019,6.019999981,3.599999905,4.860000134,5.409999847,5.570000172,3.599999905,4.610000134,4.699999809,6.599999905,3.00999999,4.239999771,4.5,4.21999979,0.800000012,1.320000052,3.180000067,5.730000019,1.049999952,4.099999905,4.949999809,7.699999809,3.900000095,4.5,4.900000095,5.710000038,3.799999952,4.699999809,4.199999809,5.550000191,4.949999809,5.5,5.800000191,0.899999976,4.199999809,4.800000191,5.650000095,0.649999976,,5.480000019,5.599999905,6.440000057,3.099999905,4.5,5.0,5.5,3.549999952,4.800000191,4.900000095,4.900000095,3.450000048,4.199999809,,5.150000095,3.799999952,4.699999809,5.03000021,5.550000191,2.799999952,4.199999809,5.150000095,5.400000095,2.75,3.619999886,4.5,6.179999828,3.200000048,3.849999905,5.510000229,,,4.300000191,4.800000191,,2.349999905,3.589999914,4.449999809,4.21999979,3.5,4.0,0.023
1.33E+14,Pura,Ground water,Cgwb,Karnataka,Kolar,Gauribidanur,Manual,Gauribidanur,Pura,13.5389,77.6056,05-01-1996,05-01-2024,Dug well,Unconfined,7.5,HGZ,MANUAL-Water Level,m,3.619999886,6.119999886,3.0,1.24000001,3.940000057,4.349999905,2.769999981,1.090000033,2.869999886,6.269999981,5.269999981,6.320000172,7.650000095,8.770000458,,5.940000057,7.0,7.019999981,8.069999695,5.079999924,6.389999866,8.640000343,,1.669999957,3.069999933,,3.549999952,1.690000057,3.569999933,3.519999981,1.370000005,1.690000057,2.25999999,3.170000076,2.029999971,1.690000057,2.230000019,2.640000105,,1.570000052,2.430000067,3.49000001,1.269999981,1.029999971,1.580000043,2.369999886,3.069999933,1.190000057,2.670000076,2.829999924,,1.480000019,2.170000076,3.559999943,3.470000029,2.039999962,3.0,5.119999886,5.900000095,4.849999905,6.46999979,,,4.409999847,,5.679999828,1.970000029,3.400000095,4.269999981,5.260000229,4.96999979,2.369999886,3.769999981,3.559999943,4.230000019,4.920000076,5.869999886,7.199999809,6.71999979,3.089999914,6.570000172,,1.669999957,2.440000057,3.230000019,,1.519999981,0.850000024,1.049999952,1.679999948,0.569999993,0.870000005,0.023
1.34E+14,Thondebhavi,Ground water,Cgwb,Karnataka,Kolar,Gauribidanur,Manual,Gauribidanur,Thondebhavi,13.5833,77.5833,05-01-1996,05-01-2023,Dug well,Unconfined,11.76,HGZ,MANUAL-Water Level,m,2.5,2.700000048,0.779999971,1.149999976,2.0,2.630000114,1.799999952,0.75,2.049999952,3.200000048,2.430000067,2.809999943,3.460000038,,,2.0,2.75,1.710000038,2.150000095,1.019999981,1.960000038,3.700000048,,1.299999952,3.099999905,3.880000114,2.299999952,1.299999952,2.349999905,,0.699999988,1.019999981,1.720000029,,,0.469999999,1.480000019,1.100000024,,0.779999971,,1.929999948,0.639999986,0.529999971,1.049999952,1.799999952,0.790000021,0.870000005,1.269999981,1.360000014,,1.210000038,1.429999948,3.099999905,3.099999905,1.639999986,2.150000095,3.0,1.950000048,1.370000005,2.150000095,1.899999976,1.289999962,1.230000019,,2.299999952,1.25,1.610000014,1.379999995,1.159999967,1.279999971,0.850000024,,,1.25,2.230000019,2.200000048,3.430000067,2.400000095,1.600000024,,,2.0,1.600000024,,,1.450000048,0.600000024,,,0.280000001,0.180000007,0.023
1.52E+14,Hosabandiharlapur,Ground water,Cgwb,Karnataka,Koppal,Koppal,Manual,Koppal,Bandiharlapur,15.375,76.3708,05-01-1996,05-01-2024,Dug well,Unconfined,7.8,HGZ,MANUAL-Water Level,m,1.69,2.2,1.85,1.75,2.61,2.7,1.3,1.45,1.75,,1.89,1.74,3.46,2.52,4.56,1.57,,2.21,1.9,1.7,3.2,2.4,1.4,,1.8,,2.15,3.51,4.35,2.1,1.15,1.2,1.7,,1.75,1.9,1.8,3.61,3.02,1.5,1.65,1.49,0.9,0.6,1.6,1.91,0.98,1.32,1.7,2.14,,0.68,1.7,1.61,,,,1.4,1.5,0.9,1.17,1.67,1.47,1.18,,1.9,1.33,1.35,1.78,2.0,1.63,2.25,1.44,1.36,1.02,1.37,,2.9,1.86,1.2,2.5,,,1.2,1.35,,0.85,1.14,1.4,1.55,0.8,1.1,0.023
1.52E+14,Hoshalli,Ground water,Cgwb,Karnataka,Koppal,Koppal,Manual,Koppal,Hoshalli,15.3125,76.3167,05-01-1996,09-08-2024,Dug well,Unconfined,22.0,HGZ,MANUAL-Water Level,m,2.44,,1.4,1.23,2.82,5.43,1.48,1.12,3.48,7.02,3.33,1.9,3.42,,4.48,1.9,3.65,8.4,2.84,1.88,2.85,4.6,1.45,1.4,2.1,5.58,1.95,4.6,5.03,3.5,0.8,0.65,1.1,1.65,0.9,1.12,0.95,2.84,1.1,0.85,1.0,1.66,0.65,1.0,1.4,2.79,1.2,1.48,1.88,1.97,,0.81,1.55,2.02,1.3,1.7,1.6,1.5,,,1.26,1.59,1.23,1.3,,2.35,4.75,1.25,2.35,6.9,4.36,1.3,1.75,5.4,1.45,6.8,1.84,,1.56,,7.9,,,1.35,1.55,,1.36,1.45,1.31,1.41,1.22,1.33,0.023
1.23E+14,Arakere1,Ground water,Cgwb,Karnataka,Mandya,Shrirangapattana,Manual,Shrirangapattana,Arakere,12.4167,76.8,05-01-1996,05-01-2024,Dug well,Unconfined,20.0,HGZ,MANUAL-Water Level,m,2.390000105,3.00999999,2.279999971,1.059999943,2.359999895,1.830000043,2.019999981,0.610000014,2.769999981,3.410000086,,1.440000057,1.909999967,0.720000029,1.960000038,1.110000014,1.809999943,1.75999999,1.559999943,1.159999967,1.929999948,1.100000024,0.49000001,0.170000002,1.360000014,1.139999986,1.879999995,1.769999981,1.809999943,2.099999905,2.75999999,0.610000014,1.50999999,1.860000014,1.110000014,1.690000057,2.359999895,2.660000086,1.399999976,1.120000005,1.789999962,1.460000038,1.460000038,1.00999999,1.659999967,0.879999995,1.460000038,1.25999999,1.600000024,1.129999995,,1.220000029,2.059999943,2.160000086,2.210000038,1.610000014,1.529999971,1.74000001,1.659999967,1.149999976,1.570000052,0.75999999,1.50999999,0.810000002,,1.659999967,1.710000038,2.00999999,1.529999971,2.210000038,0.400000006,1.029999971,1.50999999,0.769999981,1.960000038,2.029999971,1.659999967,3.0,1.860000014,1.559999943,2.650000095,,1.360000014,1.50999999,1.730000019,,0.99000001,0.560000002,1.600000024,0.959999979,0.730000019,1.879999995,0.023
1.24E+14,Basaralu,Ground water,Cgwb,Karnataka,Mandya,Mandya,Manual,Mandya,Basaralu,12.7167,76.7833,15-05-1996,05-01-2024,Dug well,Unconfined,12.0,HGZ,MANUAL-Water Level,m,1.220000029,3.440000057,1.159999967,0.970000029,1.679999948,2.660000086,2.690000057,1.710000038,2.720000029,4.460000038,5.610000134,3.349999905,4.130000114,7.380000114,6.53000021,4.289999962,5.349999905,4.53000021,4.309999943,1.730000019,2.380000114,5.110000134,3.430000067,0.310000002,1.870000005,3.859999895,5.139999866,4.659999847,6.920000076,5.730000019,6.929999828,3.210000038,3.400000095,5.710000038,6.159999847,2.440000057,5.599999905,6.519999981,7.420000076,3.369999886,2.549999952,2.559999943,2.559999943,0.649999976,0.850000024,1.460000038,2.900000095,1.620000005,1.600000024,1.980000019,,3.980000019,5.300000191,9.399999619,7.050000191,6.829999924,9.090000153,9.300000191,11.10000038,3.650000095,2.599999905,6.050000191,5.199999809,3.599999905,,8.199999809,8.350000381,8.300000191,9.350000381,11.10000038,11.10000038,,3.24000001,4.269999981,3.799999952,2.450000048,3.099999905,7.570000172,11.10000038,3.380000114,5.300000191,,5.260000229,,2.900000095,,4.639999866,1.0,1.549999952,0.980000019,1.019999981,0.699999988,0.023
1.25E+14,Kawdley,Ground water,Cgwb,Karnataka,Mandya,Maddur,Manual,Maddur,Kawdley,12.7667,76.9333,05-01-1996,05-01-2024,Dug well,Unconfined,16.1,HGZ,MANUAL-Water Level,m,2.75,7.480000019,1.860000014,2.880000114,5.210000038,7.869999886,6.659999847,1.580000043,6.059999943,10.84000015,,6.909999847,7.659999847,9.409999847,8.109999657,5.119999886,5.800000191,6.510000229,4.659999847,3.710000038,5.590000153,4.909999847,3.279999971,1.470000029,4.03000021,5.309999943,5.46999979,4.320000172,4.760000229,5.710000038,4.409999847,2.140000105,4.460000038,4.789999962,4.860000134,2.319999933,5.480000019,6.159999847,5.380000114,3.829999924,4.849999905,6.079999924,5.869999886,2.309999943,4.460000038,5.809999943,5.090000153,3.0,6.159999847,5.849999905,,5.139999866,6.110000134,9.659999847,9.609999657,3.660000086,5.519999981,7.110000134,5.909999847,3.089999914,3.849999905,3.00999999,2.910000086,1.610000014,,7.03000021,3.00999999,5.03000021,5.760000229,10.14000034,7.0,2.24000001,3.130000114,7.110000134,5.309999943,3.190000057,4.139999866,5.71999979,4.010000229,3.869999886,5.199999809,,,2.450000048,3.660000086,,3.400000095,1.610000014,4.010000229,,2.809999943,4.170000076,0.023
1.24E+14,Koppa1,Ground water,Cgwb,Karnataka,Mandya,Maddur,Manual,Maddur,Koppa,12.7167,76.9667,05-01-1996,05-01-2024,Dug well,Unconfined,10.04,HGZ,MANUAL-Water Level,m,,3.380000114,0.769999981,0.670000017,2.369999886,3.140000105,2.769999981,1.360000014,3.480000019,3.920000076,3.690000057,2.319999933,2.720000029,4.179999828,2.549999952,1.25999999,2.150000095,2.220000029,2.119999886,1.370000005,2.369999886,2.299999952,,0.689999998,1.940000057,1.639999986,2.559999943,2.180000067,2.569999933,2.170000076,1.570000052,1.039999962,1.769999981,2.690000057,2.119999886,1.519999981,2.569999933,,2.029999971,1.75,2.019999981,2.230000019,1.940000057,1.049999952,1.720000029,1.899999976,1.909999967,1.269999981,1.99000001,1.289999962,,2.720000029,2.950000048,4.019999981,3.210000038,1.620000005,1.850000024,1.460000038,1.950000048,1.389999986,1.929999948,1.649999976,1.5,1.049999952,,1.909999967,1.5,2.5,2.25,3.400000095,2.420000076,1.399999976,1.5,1.419999957,1.850000024,1.649999976,2.170000076,2.700000048,1.970000029,1.49000001,2.599999905,,1.870000005,1.360000014,2.190000057,,1.549999952,1.0,1.850000024,1.600000024,1.200000048,1.480000019,0.023
1.24E+14,Maddur2,Ground water,Cgwb,Karnataka,Mandya,Maddur,Manual,Maddur,Maddur,12.6,77.05,05-01-1996,05-01-2024,Dug well,Unconfined,4.5,HGZ,MANUAL-Water Level,m,1.539999962,1.75999999,1.269999981,1.080000043,1.620000005,1.970000029,1.720000029,1.120000005,1.600000024,2.299999952,2.069999933,,1.720000029,2.200000048,3.269999981,1.889999986,1.669999957,1.820000052,1.620000005,1.320000052,1.669999957,1.549999952,1.129999995,0.460000008,1.5,1.429999948,1.820000052,1.379999995,1.610000014,1.669999957,1.470000029,1.330000043,1.450000048,1.580000043,1.090000033,1.350000024,2.579999924,1.299999952,1.25999999,1.409999967,1.220000029,1.559999943,1.559999943,1.100000024,1.600000024,1.399999976,1.149999976,1.450000048,1.549999952,0.569999993,,1.730000019,1.799999952,2.599999905,,,,,2.650000095,1.190000057,1.600000024,1.399999976,1.200000048,1.0,,1.860000014,,1.600000024,,,1.340000033,1.070000052,1.309999943,1.230000019,2.0,1.429999948,1.330000043,2.549999952,1.100000024,,2.299999952,,1.090000033,1.070000052,1.570000052,,0.920000017,0.850000024,1.669999957,2.380000114,0.930000007,0.870000005,0.023
1.22E+14,Mahadevapura1,Ground water,Cgwb,Karnataka,Mandya,Shrirangapattana,Manual,Shrirangapattana,Mahadevapura,12.4,76.7667,05-01-1996,05-01-2024,Dug well,Unconfined,21.0,HGZ,MANUAL-Water Level,m,4.289999962,5.079999924,4.139999866,0.959999979,4.429999828,5.230000019,4.010000229,2.700000048,5.420000076,7.75,7.300000191,3.829999924,4.28000021,6.989999771,7.610000134,3.059999943,,7.179999828,4.78000021,,5.329999924,6.130000114,3.420000076,1.5,3.99000001,4.809999943,4.960000038,4.019999981,4.46999979,5.739999771,4.71999979,1.75999999,3.900000095,4.989999771,2.470000029,4.050000191,4.920000076,5.21999979,4.210000038,1.929999948,3.819999933,4.369999886,4.369999886,1.769999981,3.220000029,2.630000114,4.070000172,2.470000029,4.420000076,4.340000153,,4.190000057,3.769999981,6.119999886,5.269999981,2.890000105,4.699999809,4.659999847,5.119999886,2.829999924,3.920000076,3.519999981,5.71999979,2.819999933,,7.320000172,6.300000191,6.360000134,5.869999886,,3.380000114,1.799999952,4.96999979,3.50999999,4.71999979,3.309999943,4.070000172,8.329999924,3.319999933,,4.800000191,,5.440000057,3.720000029,4.449999809,,4.53000021,1.340000033,4.019999981,1.769999981,2.940000057,3.769999981,0.023
1.22E+14,Mandya koppalu,Ground water,Cgwb,Karnataka,Mandya,Shrirangapattana,Manual,Shrirangapattana,Mandya koppalu,12.3917,76.8,05-01-1996,05-01-2024,Dug well,Unconfined,12.6,HGZ,MANUAL-Water Level,m,4.460000038,6.019999981,4.010000229,0.569999993,0.800000012,0.930000007,0.340000004,0.289999992,1.149999976,,0.5,0.519999981,1.5,,0.349999994,0.610000014,1.950000048,,0.620000005,0.699999988,5.019999981,4.400000095,0.319999993,0.059999999,0.829999983,0.529999971,0.449999988,0.629999995,,5.130000114,0.300000012,0.370000005,1.700000048,1.049999952,0.400000006,0.730000019,1.019999981,3.5,0.569999993,0.629999995,0.639999986,0.670000017,0.670000017,0.550000012,1.450000048,0.419999987,0.150000006,0.449999988,0.200000003,0.180000007,,0.050000001,0.600000024,0.75999999,0.200000003,0.100000001,0.170000002,0.219999999,0.150000006,0.300000012,0.639999986,0.25,0.25,0.170000002,,0.370000005,0.430000007,0.430000007,0.540000021,0.340000004,0.109999999,0.180000007,0.150000006,0.219999999,0.200000003,0.330000013,0.460000008,1.24000001,0.600000024,0.779999971,1.399999976,,2.24000001,1.059999943,0.029999999,,0.01,,0.100000001,0.800000012,0.709999979,0.07,0.023
1.25E+14,Nagamangala2,Ground water,Cgwb,Karnataka,Mandya,Nagamangala,Manual,Nagamangala,Nagamangala,12.825,76.7583,05-01-1996,05-01-2024,Dug well,Unconfined,9.8,HGZ,MANUAL-Water Level,m,2.450000048,3.049999952,2.440000057,1.25999999,2.359999895,3.809999943,3.109999895,1.460000038,3.160000086,5.46999979,6.460000038,2.890000105,4.309999943,5.570000172,3.220000029,2.00999999,4.510000229,0.310000002,3.609999895,1.75999999,2.380000114,1.809999943,1.440000057,0.270000011,1.960000038,3.359999895,2.599999905,3.779999971,3.50999999,4.510000229,2.410000086,1.230000019,2.329999924,2.839999914,3.410000086,1.690000057,3.049999952,1.25999999,2.599999905,0.970000029,2.710000038,1.799999952,1.809999943,1.460000038,2.160000086,2.309999943,2.650000095,1.50999999,3.029999971,2.720000029,,3.950000048,4.610000134,4.110000134,2.849999905,3.24000001,5.869999886,3.609999895,2.609999895,2.049999952,3.430000067,2.890000105,1.610000014,1.610000014,,3.660000086,2.079999924,5.710000038,6.510000229,4.179999828,1.840000033,1.399999976,3.569999933,2.319999933,3.910000086,3.609999895,3.910000086,2.349999905,1.809999943,1.769999981,2.700000048,,1.559999943,1.50999999,1.950000048,,,0.709999979,1.629999995,1.340000033,0.959999979,1.289999962,0.023
1.22E+14,Naguvanahalli,Ground water,Cgwb,Karnataka,Mandya,Shrirangapattana,Manual,Shrirangapattana,Naguvanahalli,12.3889,76.6833,05-01-1996,05-01-2024,Dug well,Unconfined,4.6,HGZ,MANUAL-Water Level,m,1.200000048,0.709999979,1.0,0.75,2.549999952,0.850000024,0.769999981,1.799999952,1.110000014,1.350000024,0.769999981,0.949999988,0.899999976,2.069999933,0.519999981,0.790000021,1.220000029,1.850000024,0.75,0.920000017,0.800000012,0.699999988,0.699999988,0.119999997,1.279999971,0.870000005,0.829999983,0.860000014,0.829999983,1.220000029,0.899999976,0.939999998,1.549999952,0.819999993,0.709999979,0.839999974,1.330000043,0.899999976,0.870000005,0.829999983,0.899999976,0.949999988,1.110000014,1.0,0.649999976,0.980000019,0.99000001,0.899999976,0.800000012,0.200000003,,0.720000029,0.899999976,1.899999976,,0.639999986,0.569999993,0.620000005,0.649999976,0.810000002,2.599999905,1.75,0.550000012,0.529999971,,2.150000095,0.600000024,0.620000005,1.220000029,1.24000001,0.550000012,0.600000024,0.610000014,,0.75,0.800000012,0.319999993,1.879999995,0.699999988,0.709999979,1.409999967,,,1.399999976,0.75,,0.629999995,0.300000012,1.350000024,,0.600000024,,0.023
1.26E+14,Nelligere,Ground water,Cgwb,Karnataka,Mandya,Nagamangala,Manual,Nagamangala,Nelligere,12.95,76.8,05-01-1996,05-01-2024,Dug well,Unconfined,11.0,HGZ,MANUAL-Water Level,m,2.730000019,3.630000114,1.570000052,1.200000048,3.670000076,3.849999905,4.619999886,2.289999962,4.610000134,5.570000172,5.949999809,2.390000105,4.630000114,5.599999905,4.380000114,3.789999962,5.099999905,5.46999979,3.289999962,1.269999981,3.400000095,7.070000172,2.960000038,0.730000019,3.519999981,4.360000134,4.340000153,4.630000114,5.619999886,5.650000095,4.570000172,1.970000029,4.309999943,3.170000076,3.420000076,2.220000029,5.309999943,5.119999886,5.239999771,2.869999886,3.670000076,3.140000105,3.140000105,1.919999957,5.019999981,3.789999962,3.519999981,1.470000029,3.849999905,4.579999924,,4.5,7.369999886,,4.809999943,2.099999905,4.46999979,5.809999943,4.920000076,2.420000076,4.5,3.220000029,4.170000076,1.169999957,,4.420000076,2.069999933,5.389999866,5.869999886,7.150000095,,2.420000076,5.039999962,4.079999924,4.769999981,4.050000191,5.570000172,6.599999905,3.869999886,1.629999995,3.900000095,,2.119999886,2.019999981,4.239999771,,1.74000001,0.720000029,2.420000076,1.029999971,1.309999943,2.420000076,0.023
1.21E+14,Gowdagere,Ground water,Cgwb,Karnataka,Mysore,Hunsur,Manual,Hunsur,Gowdikere,12.1917,76.375,05-01-1996,05-11-2022,Dug well,Unconfined,9.6,HGZ,MANUAL-Water Level,m,2.890000105,3.25999999,2.880000114,2.190000057,2.829999924,2.730000019,2.170000076,1.330000043,3.109999895,3.630000114,3.359999895,2.349999905,2.529999971,3.380000114,2.579999924,2.160000086,3.420000076,4.010000229,2.019999981,2.119999886,3.049999952,2.900000095,2.440000057,0.25,2.269999981,3.109999895,2.390000105,1.769999981,3.180000067,8.579999924,7.130000114,5.519999981,6.309999943,7.349999905,1.899999976,1.929999948,2.769999981,3.119999886,3.319999933,1.769999981,2.599999905,7.929999828,1.960000038,0.469999999,1.220000029,2.599999905,1.870000005,1.370000005,2.369999886,3.470000029,,2.519999981,3.269999981,4.920000076,,1.970000029,2.829999924,5.170000076,6.369999886,1.470000029,2.069999933,4.980000019,4.570000172,0.670000017,,6.070000172,6.670000076,,8.770000458,7.25,8.770000458,1.99000001,2.74000001,4.070000172,1.519999981,0.949999988,2.420000076,4.400000095,1.570000052,0.839999974,1.559999943,,,8.069999695,8.270000458,,,7.239999771,8.319999695,5.170000076,7.570000172,7.519999981,0.023
1.21E+14,Hullahalli,Ground water,Cgwb,Karnataka,Mysore,Nanjangud,Manual,Nanjangud,Hullahalli,12.095,76.6689,05-01-1996,05-01-2024,Dug well,Unconfined,10.65,HGZ,MANUAL-Water Level,m,2.960000038,8.010000229,0.870000005,0.649999976,5.329999924,1.799999952,0.680000007,0.610000014,2.170000076,,0.879999995,1.029999971,1.330000043,,0.819999993,0.370000005,3.450000048,8.239999771,0.899999976,0.839999974,2.640000105,1.620000005,4.039999962,3.039999962,5.25,6.389999866,5.920000076,4.409999847,6.340000153,7.579999924,6.579999924,3.170000076,3.980000019,4.610000134,6.510000229,5.190000057,5.889999866,8.140000343,5.730000019,4.659999847,5.619999886,8.06000042,7.340000153,4.489999771,5.090000153,6.420000076,5.889999866,4.690000057,5.539999962,6.690000057,,6.940000057,7.789999962,9.739999771,7.190000057,5.690000057,,8.590000153,6.210000038,4.590000153,5.690000057,5.289999962,6.090000153,5.090000153,,9.739999771,8.529999733,7.590000153,7.900000095,9.739999771,9.739999771,7.96999979,9.739999771,7.739999771,6.289999962,5.090000153,6.25,9.329999924,4.190000057,3.130000114,4.920000076,,,4.590000153,6.670000076,,,6.590000153,8.640000343,7.340000153,3.839999914,2.940000057,0.023
1.21E+14,Saragur,Ground water,Cgwb,Karnataka,Mysore,Heggadadevankote,Manual,Heggadadevankote,Saragur,12.1208,76.4667,05-01-1996,05-01-2024,Dug well,Unconfined,17.0,HGZ,MANUAL-Water Level,m,3.940000057,5.349999905,2.569999933,1.75,3.200000048,4.789999962,5.269999981,2.289999962,3.619999886,5.309999943,5.869999886,3.420000076,4.25,6.5,6.550000191,5.519999981,6.699999809,7.53000021,7.510000229,7.119999886,,,7.260000229,6.019999981,7.860000134,8.119999886,7.199999809,4.849999905,7.849999905,8.880000114,6.849999905,4.510000229,7.579999924,6.920000076,5.269999981,6.059999943,7.559999943,7.769999981,6.340000153,6.639999866,7.389999866,7.909999847,6.960000038,6.150000095,7.269999981,6.050000191,6.809999943,6.860000134,7.710000038,7.860000134,,7.159999847,8.43999958,8.960000038,4.510000229,4.050000191,6.409999847,5.610000134,2.74000001,3.410000086,6.010000229,5.739999771,6.110000134,5.809999943,,6.909999847,5.730000019,6.860000134,7.130000114,7.460000038,5.420000076,2.650000095,6.590000153,3.710000038,2.710000038,3.579999924,5.880000114,7.099999905,1.409999967,4.730000019,7.0,,,5.71999979,6.159999847,,4.650000095,2.539999962,5.309999943,4.710000038,3.359999895,3.660000086,0.023
1.21E+14,Somanathapura,Ground water,Cgwb,Karnataka,Mysore,Tirumakudal-narsipur,Manual,Tirumakudal-narsipur,Somanathapura,12.1333,76.9417,05-01-1996,05-01-2024,Dug well,Unconfined,17.25,HGZ,MANUAL-Water Level,m,3.140000105,5.519999981,4.630000114,2.180000067,2.650000095,4.639999866,5.599999905,4.25,4.46999979,5.03000021,8.619999886,5.5,4.949999809,6.75,7.429999828,4.449999809,4.53000021,7.260000229,5.96999979,3.869999886,5.0,6.619999886,6.079999924,1.360000014,4.400000095,6.760000229,6.599999905,1.769999981,4.789999962,7.0,5.300000191,3.5,4.0,3.670000076,6.409999847,2.650000095,5.46999979,5.829999924,5.880000114,2.74000001,3.799999952,5.869999886,6.389999866,1.850000024,3.549999952,5.590000153,6.849999905,2.799999952,2.970000029,6.050000191,,5.070000172,4.5,,8.050000191,2.99000001,3.799999952,6.480000019,7.449999809,2.880000114,3.789999962,11.72000027,,4.880000114,,8.699999809,,6.349999905,6.389999866,8.949999809,8.75,3.950000048,5.699999809,8.050000191,3.5,2.230000019,5.690000057,9.619999886,9.069999695,2.049999952,5.730000019,,,2.5,6.150000095,,6.869999886,0.800000012,5.989999771,3.960000038,4.0,2.609999895,0.023
1.60E+14,Bagalwad,Ground water,Cgwb,Karnataka,Raichur,Manvi,Manual,Manvi,Bagalwad,16.05,76.8917,15-05-1996,05-01-2024,Dug well,-,7.15,HGZ,MANUAL-Water Level,m,3.859999895,5.0,4.5,2.369999886,2.599999905,3.799999952,4.579999924,1.769999981,2.150000095,3.680000067,4.070000172,5.550000191,4.75,5.699999809,5.940000057,4.5,6.150000095,6.099999905,5.300000191,4.25,4.0,,,1.600000024,1.899999976,3.150000095,3.549999952,2.799999952,3.0,4.050000191,2.900000095,1.649999976,2.099999905,2.450000048,3.099999905,2.099999905,2.200000048,3.799999952,3.519999981,1.580000043,1.899999976,1.899999976,,2.0,,3.50999999,,3.710000038,3.599999905,4.349999905,,3.0,3.049999952,4.849999905,2.900000095,1.460000038,1.899999976,2.650000095,1.899999976,1.5,1.669999957,2.5,2.900000095,2.099999905,,3.799999952,3.700000048,3.099999905,3.200000048,6.0,4.619999886,1.460000038,1.799999952,3.200000048,4.409999847,3.450000048,,5.199999809,5.75,2.0,3.920000076,,,1.350000024,1.5,,2.150000095,1.649999976,1.75999999,1.950000048,1.0,1.220000029,0.023
1.56E+14,Hirekotankal,Ground water,Cgwb,Karnataka,Raichur,Manvi,Manual,Manvi,Hirekotankal,15.9625,76.9528,05-01-1996,05-01-2024,Dug well,Unconfined,8.0,HGZ,MANUAL-Water Level,m,4.849999905,10.35000038,8.350000381,6.429999828,7.369999886,9.149999619,7.730000019,3.109999895,3.799999952,4.489999771,,8.100000381,5.449999809,8.5,6.710000038,7.25,6.170000076,,8.75,8.699999809,8.550000191,,,3.049999952,4.349999905,4.5,,3.650000095,3.75,5.199999809,4.150000095,3.650000095,2.650000095,6.03000021,4.449999809,3.150000095,3.849999905,7.829999924,6.650000095,3.329999924,2.950000048,5.0,2.700000048,3.349999905,2.950000048,4.059999943,,4.869999886,5.0,6.590000153,,4.699999809,3.25,4.960000038,4.349999905,1.950000048,2.450000048,4.349999905,4.25,3.150000095,3.349999905,4.409999847,5.050000191,3.25,,5.349999905,4.769999981,3.599999905,4.0,4.920000076,4.75,2.700000048,2.410000086,4.25,,4.349999905,,5.480000019,5.690000057,3.349999905,3.559999943,,,1.700000048,1.950000048,,1.710000038,1.220000029,2.0,1.899999976,1.00999999,1.049999952,0.023
1.62E+14,Kakargal,Ground water,Cgwb,Karnataka,Raichur,Devadurga,Manual,Devadurga,Kakargal,16.35,77.0667,05-01-1996,05-01-2024,Dug well,Unconfined,12.9,HGZ,MANUAL-Water Level,m,5.980000019,7.409999847,6.980000019,6.300000191,6.300000191,6.849999905,6.659999847,5.650000095,5.300000191,6.510000229,6.550000191,5.929999828,5.800000191,7.550000191,7.829999924,8.390000343,,9.149999619,9.550000191,9.399999619,9.93999958,10.80000019,10.14999962,7.550000191,7.050000191,7.5,7.25,7.150000095,7.300000191,8.649999619,6.650000095,4.849999905,5.75,5.599999905,5.349999905,4.75,4.400000095,7.920000076,4.650000095,2.75,2.559999943,1.899999976,1.899999976,1.149999976,4.400000095,2.329999924,,1.860000014,2.150000095,3.269999981,,1.549999952,2.00999999,4.050000191,1.950000048,0.75,1.600000024,2.849999905,3.049999952,5.349999905,3.910000086,6.429999828,4.789999962,2.400000095,,8.25,6.099999905,2.75,3.089999914,7.849999905,4.949999809,1.5,3.359999895,7.150000095,4.070000172,3.269999981,6.289999962,5.71999979,6.510000229,4.300000191,7.099999905,,,3.549999952,10.30000019,,10.64999962,6.949999809,7.5,10.06999969,8.0,4.849999905,0.023
1.55E+14,Turvihal,Ground water,Cgwb,Karnataka,Raichur,Sindhnur,Manual,Sindhnur,Turvihal,15.7667,76.6,05-01-1996,05-01-2024,Dug well,Unconfined,7.84,HGZ,MANUAL-Water Level,m,5.369999886,6.760000229,5.099999905,4.71999979,5.090000153,6.829999924,5.610000134,3.630000114,3.5,6.550000191,5.510000229,3.779999971,5.519999981,,6.659999847,4.21999979,4.5,7.0,5.119999886,3.75,4.800000191,,5.300000191,3.849999905,4.449999809,6.519999981,5.25,3.700000048,4.0,6.699999809,3.200000048,2.700000048,3.299999952,4.889999866,4.0,2.900000095,2.700000048,5.449999809,4.420000076,2.549999952,2.690000057,4.71999979,,2.700000048,2.5,3.99000001,,3.369999886,3.400000095,5.989999771,,3.099999905,3.599999905,5.170000076,4.199999809,2.950000048,3.5,4.150000095,4.099999905,2.900000095,3.019999981,4.349999905,5.329999924,2.970000029,,7.539999962,4.71999979,3.0,4.5,7.539999962,5.900000095,3.079999924,2.950000048,4.349999905,3.24000001,2.769999981,,5.400000095,5.579999924,2.900000095,3.339999914,,,2.400000095,2.599999905,,2.900000095,2.349999905,2.460000038,2.299999952,2.099999905,2.299999952,0.023
1.40E+14,Anandapuram,Ground water,Cgwb,Karnataka,Shivamogga,Sagar,Manual,Sagar,Anandapuram,14.0667,75.2167,05-01-1996,25-05-2023,Dug well,Unconfined,11.05,HGZ,MANUAL-Water Level,m,4.119999886,7.329999924,1.200000048,2.380000114,4.630000114,7.599999905,1.649999976,3.049999952,4.849999905,8.0,1.519999981,2.25,5.0,9.449999809,1.75,1.850000024,5.159999847,4.599999905,1.269999981,0.949999988,6.079999924,7.449999809,1.25,3.170000076,5.019999981,6.050000191,1.200000048,2.549999952,4.96999979,8.899999619,1.25,1.690000057,4.440000057,5.380000114,1.070000052,2.769999981,5.550000191,6.610000134,1.070000052,2.680000067,4.599999905,6.110000134,1.350000024,1.200000048,3.220000029,6.980000019,1.350000024,2.849999905,3.910000086,5.099999905,,2.299999952,5.360000134,8.369999886,1.379999995,1.850000024,5.349999905,7.380000114,1.450000048,1.549999952,4.829999924,4.579999924,2.099999905,1.929999948,,8.25,1.549999952,4.449999809,5.349999905,7.449999809,2.150000095,2.75,5.849999905,4.650000095,1.100000024,2.75,7.25,7.579999924,1.129999995,1.649999976,7.0,,,2.75,4.099999905,,1.299999952,1.299999952,,1.830000043,1.200000048,3.049999952,0.023
1.40E+14,Ayanur,Ground water,Cgwb,Karnataka,Shivamogga,Shimoga,Manual,Shimoga,Ayanur,14.0083,75.5583,05-01-1996,25-08-2024,Dug well,Unconfined,17.85,HGZ,MANUAL-Water Level,m,4.190000057,9.340000153,0.649999976,1.24000001,4.820000172,8.069999695,6.739999771,8.079999924,10.30000019,11.67000008,1.909999967,4.25,9.130000114,11.13000011,11.05000019,1.200000048,5.980000019,12.84000015,0.720000029,1.389999986,11.22999954,10.14999962,1.700000048,0.709999979,1.690000057,9.350000381,0.629999995,1.230000019,2.900000095,9.090000153,0.600000024,0.709999979,1.799999952,2.019999981,1.0,1.350000024,2.319999933,4.960000038,0.579999983,0.930000007,3.839999914,1.830000043,1.049999952,0.709999979,1.340000033,1.600000024,0.939999998,1.149999976,1.570000052,1.549999952,,0.720000029,1.480000019,2.210000038,0.330000013,1.070000052,2.329999924,2.549999952,0.649999976,1.129999995,1.850000024,3.289999962,1.299999952,1.070000052,,1.639999986,1.149999976,1.649999976,3.150000095,10.55000019,0.949999988,1.230000019,1.549999952,1.950000048,0.699999988,2.549999952,14.55000019,,0.639999986,1.75,4.880000114,,,1.480000019,3.200000048,,0.800000012,0.800000012,,0.870000005,0.75,2.150000095,0.018
1.35E+14,Bhadravati1,Ground water,Cgwb,Karnataka,Shivamogga,Bhadravati,Manual,Bhadravati,Bhadravati,13.8667,75.7333,05-01-1996,25-08-2024,Dug well,Unconfined,8.25,HGZ,MANUAL-Water Level,m,,1.970000029,0.150000006,0.529999971,1.539999962,1.929999948,0.810000002,1.200000048,1.879999995,1.75,0.550000012,0.449999988,1.320000052,,0.800000012,0.400000006,,1.649999976,0.230000004,0.560000002,1.440000057,4.0,1.200000048,2.430000067,1.110000014,4.599999905,0.119999997,0.079999998,1.190000057,1.779999971,1.279999971,0.159999996,1.279999971,1.200000048,0.100000001,3.25,0.899999976,0.5,0.129999995,0.300000012,0.660000026,3.420000076,0.200000003,0.300000012,0.870000005,1.049999952,0.239999995,0.449999988,0.889999986,0.949999988,,0.569999993,0.74000001,1.24000001,0.119999997,0.439999998,0.819999993,0.579999983,0.029999999,0.150000006,0.649999976,0.75,0.200000003,0.25999999,,1.090000033,1.0,,2.25,0.850000024,1.700000048,2.460000038,0.75,1.049999952,0.100000001,0.600000024,2.799999952,1.769999981,0.119999997,0.300000012,1.25999999,,,0.550000012,0.469999999,,0.349999994,0.349999994,,0.629999995,0.400000006,0.800000012,0.023
1.43E+14,Chandraguthi,Ground water,Cgwb,Karnataka,Shivamogga,Sorab,Manual,Sorab,Chandraguthi,14.4333,74.9583,05-01-1996,25-08-2024,Dug well,Unconfined,10.75,HGZ,MANUAL-Water Level,m,7.610000134,9.5,1.019999981,5.019999981,7.5,9.800000191,1.950000048,6.519999981,9.050000191,9.399999619,1.470000029,4.820000172,8.029999733,10.69999981,2.25,5.5,7.710000038,9.380000114,2.049999952,5.5,4.900000095,9.600000381,2.970000029,4.670000076,6.239999771,,1.100000024,5.0,6.5,9.949999809,2.599999905,3.970000029,5.980000019,7.78000021,3.069999933,5.650000095,6.599999905,8.409999847,3.420000076,4.889999866,5.650000095,6.559999943,3.599999905,3.579999924,4.889999866,7.989999771,2.450000048,4.599999905,5.389999866,7.460000038,,4.28000021,5.880000114,7.349999905,1.289999962,3.599999905,5.019999981,6.260000229,1.480000019,4.440000057,5.71999979,6.840000153,4.400000095,3.140000105,,9.170000076,2.599999905,5.599999905,6.650000095,8.649999619,3.299999952,4.849999905,6.0,7.75,1.0,4.550000191,5.239999771,8.180000305,1.090000033,3.970000029,6.400000095,,,4.449999809,5.650000095,,2.299999952,2.299999952,,4.400000095,1.850000024,4.849999905,0.018
1.35E+14,Gajanur,Ground water,Cgwb,Karnataka,Shivamogga,Shimoga,Manual,Shimoga,Gajanur,13.85,75.55,05-01-1998,25-08-2024,Dug well,Unconfined,19.5,HGZ,MANUAL-Water Level,m,3.170000076,4.289999962,0.870000005,1.440000057,3.059999943,4.21999979,1.519999981,2.74000001,3.690000057,4.619999886,2.200000048,1.690000057,3.369999886,4.789999962,2.890000105,1.279999971,3.369999886,4.230000019,1.649999976,2.720000029,4.03000021,4.639999866,1.139999986,1.149999976,3.200000048,5.489999771,0.779999971,2.089999914,3.309999943,4.690000057,1.00999999,0.970000029,1.789999962,3.690000057,0.860000014,1.690000057,2.019999981,3.00999999,0.720000029,1.149999976,1.889999986,1.649999976,0.889999986,0.870000005,1.169999957,1.529999971,0.889999986,1.190000057,2.289999962,1.159999967,,0.639999986,2.069999933,2.789999962,0.699999988,0.970000029,1.370000005,2.619999886,0.610000014,0.689999998,1.129999995,2.839999914,0.939999998,1.039999962,,3.940000057,1.230000019,2.089999914,2.789999962,4.809999943,0.439999998,0.569999993,3.839999914,2.089999914,0.550000012,1.289999962,3.690000057,,0.540000021,0.860000014,5.300000191,,,1.129999995,3.690000057,,1.039999962,1.039999962,,0.649999976,0.589999974,1.090000033,0.018
1.35E+14,Guddekoppa,Ground water,Cgwb,Karnataka,Shivamogga,Tirthahalli,Manual,Tirthahalli,Guddekoppa,13.7708,75.2472,05-01-1996,25-08-2024,Dug well,Unconfined,18.0,HGZ,MANUAL-Water Level,m,9.949999809,12.69999981,5.949999809,8.550000191,10.55000019,13.05000019,6.690000057,9.140000343,10.40999985,12.85999966,5.829999924,8.81000042,10.17000008,13.22999954,9.130000114,8.829999924,9.420000076,,4.929999828,8.729999542,10.60000038,12.72999954,2.130000114,7.849999905,9.359999657,,4.059999943,8.460000038,9.710000038,12.63000011,2.140000105,6.860000134,9.710000038,12.47999954,2.650000095,9.130000114,10.32999992,12.94999981,5.079999924,8.119999886,10.01000023,11.13000011,4.579999924,5.610000134,9.25,12.39000034,2.549999952,8.579999924,9.649999619,12.60000038,,6.860000134,9.949999809,12.85999966,2.279999971,8.229999542,9.729999542,16.04000092,1.99000001,8.0,9.979999542,12.75,7.579999924,8.430000305,,12.75,6.110000134,8.229999542,9.529999733,11.30000019,7.329999924,7.329999924,9.229999542,12.47999954,1.970000029,8.329999924,14.52999973,11.97000027,1.850000024,7.099999905,9.949999809,,,7.570000172,9.199999809,,2.930000067,2.930000067,,10.82999992,2.319999933,8.130000114,0.023
1.35E+14,Hosanagara1,Ground water,Cgwb,Karnataka,Shivamogga,Hosanagara,Manual,Hosanagara,Hosanagara,13.9,75.1,05-01-1996,25-08-2024,Dug well,Unconfined,14.0,HGZ,MANUAL-Water Level,m,11.18000031,13.35999966,8.039999962,8.710000038,10.77999973,13.39000034,8.659999847,10.06000042,11.09000015,,7.570000172,8.710000038,10.26000023,13.14000034,8.659999847,8.710000038,9.380000114,12.88000011,6.659999847,8.609999657,10.48999977,13.10999966,1.909999967,7.639999866,9.340000153,11.90999985,1.950000048,7.909999847,9.579999924,12.68000031,3.079999924,7.210000038,9.479999542,12.23999977,5.059999943,8.359999657,9.960000038,10.93999958,6.03000021,7.699999809,8.210000038,11.60999966,6.960000038,7.28000021,7.699999809,11.81000042,3.160000086,6.610000134,8.319999695,12.03999996,,7.21999979,9.430000305,12.71000004,1.340000033,6.659999847,8.210000038,10.81000042,1.409999967,5.789999962,9.899999619,12.27999973,6.159999847,7.260000229,,12.31000042,9.859999657,5.659999847,11.65999985,12.56000042,10.46000004,6.710000038,10.96000004,13.15999985,4.159999847,8.56000042,9.659999847,13.17000008,0.079999998,4.760000229,10.30000019,,,6.610000134,10.73999977,,4.460000038,4.460000038,,11.51000023,1.809999943,7.860000134,0.018
1.35E+14,Humacha,Ground water,Cgwb,Karnataka,Shivamogga,Hosanagara,Manual,Hosanagara,Humacha,13.8583,75.2083,05-01-1996,25-08-2024,Dug well,Unconfined,10.4,HGZ,MANUAL-Water Level,m,5.190000057,7.550000191,2.660000086,3.640000105,5.340000153,7.840000153,2.359999895,4.739999771,5.889999866,7.880000114,3.059999943,3.789999962,5.440000057,9.489999771,3.339999914,4.039999962,5.920000076,5.940000057,5.170000076,5.440000057,6.199999809,9.18999958,4.710000038,5.619999886,5.53000021,5.539999962,2.829999924,5.289999962,5.760000229,8.600000381,3.039999962,5.019999981,5.760000229,5.519999981,4.789999962,3.74000001,5.639999866,5.860000134,2.799999952,3.539999962,4.789999962,5.489999771,3.039999962,3.359999895,5.630000114,7.409999847,2.940000057,3.640000105,5.010000229,6.849999905,,5.019999981,5.619999886,6.380000114,3.400000095,4.769999981,5.559999943,5.519999981,4.420000076,4.840000153,5.289999962,5.610000134,4.889999866,4.940000057,,6.170000076,3.539999962,5.139999866,6.340000153,7.539999962,5.0,4.489999771,5.690000057,5.840000153,2.589999914,4.989999771,3.140000105,8.300000191,1.50999999,4.440000057,6.0,,,4.840000153,5.320000172,,4.269999981,4.269999981,,4.800000191,3.339999914,4.889999866,0.023
1.35E+14,Kodur1,Ground water,Cgwb,Karnataka,Shivamogga,Tirthahalli,Manual,Tirthahalli,Kodur,13.7833,75.125,05-01-1996,25-08-2024,Dug well,Unconfined,14.81,HGZ,MANUAL-Water Level,m,9.800000191,12.40999985,6.5,7.480000019,9.300000191,12.51000023,8.56000042,9.079999924,10.57999992,13.81000042,9.829999924,8.840000153,9.949999809,13.09000015,8.380000114,7.159999847,10.73999977,13.22999954,5.739999771,7.650000095,10.02000046,13.02999973,3.960000038,6.510000229,8.359999657,5.579999924,5.25,8.489999771,9.170000076,12.82999992,1.909999967,5.739999771,9.159999847,11.77999973,3.779999971,7.380000114,9.279999733,14.02999973,4.909999847,6.46999979,8.329999924,12.5,5.380000114,6.070000172,8.229999542,12.05000019,4.239999771,7.079999924,9.0,12.43999958,,7.510000229,9.359999657,12.77999973,2.50999999,6.289999962,8.840000153,12.53999996,2.190000057,5.420000076,8.539999962,12.61999989,6.130000114,6.900000095,,12.25,9.529999733,7.880000114,10.27999973,13.22999954,6.880000114,6.639999866,8.829999924,12.32999992,2.859999895,6.480000019,7.079999924,12.69999981,1.909999967,4.880000114,9.5,,,5.380000114,7.480000019,,3.529999971,3.529999971,,9.859999657,1.179999948,5.980000019,0.023
1.36E+14,Melinahanasavadi,Ground water,Cgwb,Karnataka,Shivamogga,Bhadravati,Manual,Bhadravati,Melinahanasavadi,13.9833,75.6889,05-01-1996,25-08-2024,Dug well,Unconfined,8.5,HGZ,MANUAL-Water Level,m,1.450000048,2.150000095,0.870000005,1.690000057,1.730000019,2.519999981,1.25,1.399999976,2.5,2.329999924,1.210000038,1.429999948,1.75,2.819999933,1.299999952,2.0,2.140000105,2.410000086,1.370000005,1.370000005,2.200000048,2.799999952,1.350000024,1.25999999,2.589999914,,1.159999967,1.289999962,2.769999981,2.730000019,1.200000048,1.120000005,2.460000038,2.299999952,1.399999976,1.269999981,1.700000048,1.210000038,,1.360000014,2.0,1.149999976,0.800000012,0.819999993,2.380000114,1.879999995,0.980000019,1.25,2.359999895,1.529999971,,0.680000007,2.380000114,1.399999976,0.920000017,1.149999976,3.109999895,1.49000001,0.779999971,1.139999986,1.870000005,1.570000052,1.299999952,1.320000052,,2.5,1.5,,3.0,2.480000019,1.399999976,1.559999943,3.200000048,1.850000024,2.0,1.5,2.799999952,3.75,0.730000019,1.600000024,2.299999952,,,1.320000052,2.480000019,,0.649999976,0.649999976,,0.970000029,,2.079999924,0.023
1.36E+14,Pillangere,Ground water,Cgwb,Karnataka,Shivamogga,Shimoga,Manual,Shimoga,Pillangere,13.9583,75.6417,15-05-1996,25-08-2024,Dug well,Unconfined,22.0,HGZ,MANUAL-Water Level,m,1.440000057,5.079999924,0.639999986,0.860000014,1.870000005,3.75,3.650000095,3.599999905,7.309999943,,2.369999886,2.130000114,4.550000191,,5.650000095,1.850000024,7.460000038,,0.810000002,1.940000057,2.890000105,1.100000024,0.670000017,0.75999999,1.080000043,,0.709999979,1.350000024,2.019999981,1.039999962,0.860000014,0.75,1.210000038,1.620000005,0.730000019,1.049999952,1.450000048,1.899999976,0.899999976,0.75999999,1.450000048,1.049999952,1.049999952,0.75,1.029999971,1.620000005,0.389999986,1.110000014,1.669999957,1.450000048,,1.169999957,1.75999999,5.869999886,1.049999952,0.899999976,2.880000114,2.349999905,0.709999979,0.670000017,1.570000052,3.910000086,0.949999988,0.829999983,,8.199999809,1.200000048,1.399999976,5.050000191,,1.350000024,1.149999976,2.75,2.450000048,0.449999988,1.100000024,1.649999976,6.289999962,0.600000024,0.850000024,2.450000048,,,0.699999988,1.149999976,,0.699999988,0.699999988,,0.379999995,0.550000012,1.330000043,0.023
1.41E+14,Sagar,Ground water,Cgwb,Karnataka,Shivamogga,Sagar,Manual,Sagar,Sagar,14.1667,75.0333,05-01-1996,25-08-2024,Dug well,Unconfined,11.6,HGZ,MANUAL-Water Level,m,5.909999847,7.949999809,3.319999933,4.800000191,6.179999828,7.449999809,3.339999914,5.75,6.670000076,8.130000114,2.470000029,4.650000095,6.079999924,,3.849999905,4.75,6.25,6.579999924,3.400000095,5.289999962,6.730000019,6.900000095,3.700000048,5.090000153,5.889999866,5.449999809,3.069999933,5.269999981,6.039999962,8.670000076,3.75,4.130000114,5.920000076,6.349999905,3.74000001,5.800000191,9.649999619,6.78000021,3.829999924,5.139999866,5.989999771,5.670000076,3.450000048,4.349999905,5.789999962,6.539999962,3.690000057,4.75,6.03000021,7.869999886,,4.769999981,6.400000095,3.049999952,3.00999999,4.210000038,6.150000095,5.679999828,2.619999886,4.96999979,6.28000021,6.230000019,5.349999905,5.800000191,,7.889999866,4.650000095,6.349999905,6.5,6.869999886,5.150000095,8.460000038,6.150000095,6.449999809,3.75,5.900000095,9.75,8.229999542,3.730000019,5.050000191,6.800000191,,,5.699999809,6.199999809,,3.25,3.25,,5.449999809,4.349999905,5.650000095,0.023
1.42E+14,Sorab,Ground water,Cgwb,Karnataka,Shivamogga,Sorab,Manual,Sorab,Sorab,14.3667,75.1,05-01-1996,25-08-2024,Dug well,Unconfined,22.88,HGZ,MANUAL-Water Level,m,17.25,19.70999908,10.26000023,13.89000034,16.86000061,19.51000023,13.96000004,16.95000076,18.30999947,14.86999989,13.35000038,14.89000034,17.22999954,21.11000061,15.60999966,15.46000004,17.31999969,19.61000061,11.67000008,,17.61000061,21.20999908,11.15999985,13.68000031,16.28000069,19.70999908,8.170000076,14.36999989,15.25,19.06999969,8.960000038,11.85999966,14.53999996,16.69000053,9.170000076,13.85999966,14.21000004,17.71999931,11.68000031,13.02999973,15.27999973,17.93000031,11.21000004,11.93000031,14.86999989,17.37000084,7.96999979,13.56000042,13.77000046,17.80999947,,13.98999977,15.42000008,20.86000061,6.989999771,6.71999979,15.11999989,2.359999895,7.510000229,12.72999954,15.38000011,17.87000084,14.09000015,14.77000046,,21.20999908,13.51000023,16.40999985,18.61000061,22.19000053,,15.51000023,18.40999985,22.19000053,11.90999985,16.87000084,9.81000042,,6.010000229,10.89000034,16.5,,,12.90999985,15.01000023,,9.329999924,9.329999924,,16.15999985,6.409999847,12.90999985,0.023
1.41E+14,Talaguppa1,Ground water,Cgwb,Karnataka,Shivamogga,Sagar,Manual,Sagar,Talaguppa,14.2167,74.9167,05-01-1996,25-08-2024,Dug well,Unconfined,12.5,HGZ,MANUAL-Water Level,m,6.75,9.020000458,3.839999914,5.610000134,6.510000229,9.640000343,3.49000001,5.940000057,6.929999828,9.390000343,3.920000076,5.579999924,6.539999962,10.03999996,5.539999962,5.590000153,6.699999809,9.510000229,3.700000048,5.809999943,6.949999809,10.23999977,,5.449999809,6.409999847,10.03999996,2.819999933,5.789999962,6.340000153,9.069999695,4.739999771,5.289999962,6.170000076,8.270000458,4.739999771,6.239999771,6.949999809,10.21000004,4.75,5.699999809,6.199999809,8.270000458,4.739999771,5.550000191,6.710000038,9.550000191,4.389999866,5.639999866,6.440000057,9.659999847,,6.409999847,7.039999962,10.43999958,2.529999971,6.559999943,6.789999962,9.369999886,4.420000076,5.539999962,6.690000057,10.02000046,5.590000153,5.960000038,,10.09000015,4.25,5.409999847,5.989999771,11.03999996,4.5,,6.820000172,9.590000153,2.140000105,5.989999771,6.840000153,,3.640000105,5.039999962,7.800000191,,,5.639999866,6.340000153,,5.519999981,5.519999981,,8.93999958,3.539999962,5.639999866,0.023
1.36E+14,Tevarachatnahalli,Ground water,Cgwb,Karnataka,Shivamogga,Shimoga,Manual,Shimoga,Tevarachatnahalli,13.95,75.6167,05-01-1996,25-08-2024,Dug well,Unconfined,23.0,HGZ,MANUAL-Water Level,m,3.200000048,6.429999828,1.25,2.799999952,5.269999981,3.579999924,2.970000029,5.199999809,7.150000095,,2.289999962,2.769999981,4.380000114,4.420000076,2.150000095,1.75,2.779999971,2.900000095,1.360000014,2.230000019,2.49000001,2.75,1.730000019,1.820000052,2.470000029,,1.75999999,3.25999999,7.670000076,5.199999809,1.350000024,1.159999967,2.839999914,3.869999886,1.610000014,2.450000048,6.599999905,2.670000076,1.799999952,2.630000114,3.029999971,3.660000086,1.299999952,1.639999986,3.369999886,3.420000076,2.140000105,2.5,3.849999905,3.099999905,,2.269999981,2.75999999,3.039999962,1.210000038,2.670000076,3.349999905,2.700000048,1.029999971,1.730000019,2.680000067,2.299999952,1.549999952,1.899999976,,3.450000048,1.649999976,3.75,3.400000095,3.059999943,1.700000048,2.640000105,3.150000095,5.019999981,1.649999976,3.099999905,2.950000048,,1.120000005,1.429999948,3.900000095,,,1.779999971,3.099999905,,1.549999952,1.549999952,,1.210000038,0.850000024,3.059999943,0.023
1.35E+14,Bidarakere1,Ground water,Cgwb,Karnataka,Tumkur,Madhugiri,Manual,Madhugiri,Bidarakere,13.8728,77.2272,05-01-1996,25-08-2024,Dug well,Unconfined,13.86,HGZ,MANUAL-Water Level,m,3.549999952,5.420000076,5.130000114,1.830000043,3.200000048,4.809999943,,1.950000048,3.109999895,5.199999809,5.599999905,6.099999905,7.099999905,,9.149999619,,,9.0,8.899999619,9.399999619,9.229999542,10.27000046,,2.319999933,3.0,5.039999962,5.199999809,5.050000191,5.130000114,6.050000191,6.820000172,5.369999886,5.400000095,6.03000021,4.550000191,1.789999962,3.049999952,4.699999809,5.25,3.019999981,4.099999905,13.06000042,5.78000021,2.130000114,2.339999914,4.900000095,5.599999905,6.199999809,13.06000042,13.06000042,,7.960000038,7.269999981,8.0,8.050000191,6.320000172,7.360000134,8.359999657,7.300000191,6.5,8.399999619,7.199999809,7.150000095,2.400000095,,,2.349999905,2.799999952,3.0,3.299999952,3.599999905,2.0,2.950000048,3.950000048,2.200000048,3.200000048,5.099999905,7.150000095,8.359999657,2.0,3.799999952,,,2.099999905,2.799999952,,3.160000086,2.25,2.549999952,1.620000005,0.850000024,2.400000095,0.023
1.34E+14,Madhugiri,Ground water,Cgwb,Karnataka,Tumkur,Madhugiri,Manual,Madhugiri,Madhugiri,13.6667,77.2,05-01-1996,25-08-2024,Dug well,Unconfined,13.0,HGZ,MANUAL-Water Level,m,1.720000029,10.23999977,1.139999986,1.139999986,1.679999948,4.039999962,,1.350000024,1.879999995,5.639999866,3.769999981,1.799999952,3.049999952,10.23999977,10.38000011,8.270000458,9.170000076,10.32999992,10.14000034,7.099999905,5.190000057,10.19999981,,0.939999998,1.289999962,4.360000134,2.839999914,1.840000033,3.380000114,6.639999866,1.940000057,1.379999995,0.819999993,4.420000076,1.659999967,0.99000001,1.75999999,3.900000095,0.99000001,1.24000001,2.140000105,4.449999809,4.409999847,0.810000002,0.600000024,3.99000001,3.539999962,2.680000067,3.789999962,5.639999866,,4.059999943,1.74000001,6.539999962,10.17000008,0.899999976,1.659999967,3.460000038,4.039999962,3.890000105,2.539999962,4.300000191,5.239999771,0.860000014,,4.989999771,1.879999995,3.559999943,4.78000021,9.93999958,9.989999771,1.139999986,1.940000057,4.869999886,5.989999771,7.940000057,10.09000015,11.10000038,2.859999895,0.639999986,3.0,,,0.920000017,1.440000057,,0.689999998,0.889999986,1.289999962,0.889999986,4.170000076,1.039999962,0.023
1.33E+14,Mattighatta,Ground water,Cgwb,Karnataka,Tumkur,Chiknayakanhalli,Manual,Chiknayakanhalli,Mattighatta,13.4667,76.4833,05-01-1996,25-08-2024,Dug well,Unconfined,9.5,HGZ,MANUAL-Water Level,m,2.950000048,7.119999886,3.299999952,1.470000029,2.289999962,4.659999847,4.039999962,2.269999981,3.359999895,6.199999809,5.920000076,1.960000038,6.900000095,8.800000191,9.340000153,4.550000191,7.010000229,4.329999924,3.529999971,2.589999914,4.670000076,5.630000114,3.049999952,1.350000024,,2.950000048,3.650000095,2.299999952,3.24000001,5.400000095,4.260000229,1.690000057,2.799999952,3.220000029,3.559999943,2.650000095,3.25999999,4.900000095,3.0,1.74000001,2.400000095,2.460000038,2.720000029,1.200000048,0.879999995,2.849999905,3.400000095,2.49000001,4.900000095,3.200000048,,3.74000001,4.5,5.690000057,5.650000095,4.25,5.820000172,7.860000134,7.75,2.099999905,4.300000191,3.700000048,4.940000057,2.150000095,,3.380000114,2.5,3.980000019,4.880000114,5.099999905,7.699999809,2.900000095,4.050000191,5.300000191,6.099999905,3.599999905,,7.0,5.829999924,,3.529999971,,,2.200000048,7.300000191,,3.200000048,0.949999988,2.150000095,1.820000052,1.5,1.649999976,0.023
1.30E+14,Mayasandra,Ground water,Cgwb,Karnataka,Tumkur,Turuvekere,Manual,Turuvekere,Mayasandra,13.0722,76.7583,15-05-1996,25-08-2023,Dug well,Unconfined,10.92,HGZ,MANUAL-Water Level,m,7.789999962,6.480000019,6.099999905,4.099999905,7.349999905,3.869999886,5.650000095,3.039999962,4.679999828,4.199999809,3.700000048,1.299999952,2.410000086,4.039999962,6.309999943,4.429999828,6.0,5.440000057,,4.429999828,3.630000114,1.840000033,3.019999981,1.5,3.0,5.489999771,4.699999809,4.829999924,3.910000086,2.75,6.130000114,2.970000029,4.400000095,5.349999905,5.099999905,2.24000001,3.599999905,5.75,5.150000095,1.100000024,1.600000024,5.230000019,4.489999771,1.399999976,1.460000038,3.799999952,3.549999952,2.660000086,2.789999962,2.200000048,,3.799999952,4.099999905,,4.559999943,2.900000095,4.320000172,4.639999866,5.599999905,2.400000095,2.75,3.5,2.50999999,1.5,,3.890000105,3.0,3.700000048,4.28000021,4.0,4.230000019,1.899999976,2.450000048,2.099999905,2.700000048,3.200000048,4.25,5.25,3.950000048,,3.700000048,,,4.21999979,2.589999914,,2.369999886,1.360000014,2.339999914,1.370000005,0.899999976,1.460000038,0.023
1.35E+14,Midigeshi,Ground water,Cgwb,Karnataka,Tumkur,Madhugiri,Manual,Madhugiri,Midigeshi,13.8292,77.2042,05-01-1996,25-08-2024,Dug well,Unconfined,10.0,HGZ,MANUAL-Water Level,m,1.830000043,4.619999886,1.019999981,0.25,1.590000033,3.00999999,8.340000153,1.269999981,2.339999914,3.849999905,7.449999809,7.980000019,8.409999847,,0.860000014,2.700000048,6.260000229,4.75,4.849999905,4.590000153,4.119999886,8.329999924,2.420000076,1.049999952,1.350000024,4.099999905,2.430000067,2.950000048,4.159999847,8.0,5.019999981,1.289999962,2.269999981,2.49000001,0.600000024,1.149999976,1.970000029,2.069999933,1.649999976,1.230000019,2.650000095,3.589999914,3.079999924,0.99000001,0.400000006,4.050000191,3.099999905,3.25999999,4.320000172,4.849999905,,0.949999988,2.109999895,3.920000076,4.03000021,3.559999943,2.349999905,3.329999924,3.420000076,1.299999952,2.450000048,1.330000043,2.99000001,1.289999962,,3.769999981,1.549999952,7.550000191,3.599999905,4.400000095,4.28000021,1.049999952,2.130000114,3.150000095,3.650000095,4.25,4.320000172,6.0,4.070000172,0.949999988,2.869999886,,,0.930000007,1.429999948,,1.799999952,0.75,1.75,0.910000026,0.699999988,1.100000024,0.023
1.33E+14,Nagenahalli,Ground water,Cgwb,Karnataka,Tumkur,Koratagere,Manual,Koratagere,Nagenahalli,13.475,77.2417,05-01-1996,25-08-2024,Dug well,Unconfined,10.0,HGZ,MANUAL-Water Level,m,2.5,6.179999828,4.369999886,1.450000048,3.690000057,4.489999771,6.929999828,3.329999924,2.519999981,4.980000019,4.150000095,5.190000057,6.269999981,8.75,8.18999958,4.400000095,5.53000021,8.239999771,7.199999809,8.010000229,8.220000267,9.159999847,6.099999905,0.949999988,1.690000057,3.549999952,3.75,3.519999981,5.730000019,9.050000191,5.170000076,,2.900000095,5.960000038,2.480000019,1.539999962,2.680000067,7.050000191,8.789999962,4.880000114,3.75,9.149999619,5.630000114,9.149999619,9.149999619,6.650000095,3.349999905,9.149999619,3.900000095,3.150000095,,4.599999905,4.199999809,9.149999619,3.150000095,1.700000048,2.25999999,4.079999924,3.440000057,0.850000024,1.75,2.589999914,2.200000048,1.700000048,,4.130000114,1.25,2.200000048,3.0,3.75,4.349999905,1.149999976,2.299999952,3.200000048,2.450000048,2.950000048,4.25,7.570000172,4.320000172,2.700000048,3.200000048,,,1.49000001,2.150000095,,2.650000095,1.350000024,1.700000048,1.679999948,0.819999993,1.25,0.023
1.31E+14,Nonavinakere,Ground water,Cgwb,Karnataka,Tumkur,Tiptur,Manual,Tiptur,Nonavinakere,13.1583,76.5583,05-01-1996,25-08-2024,Dug well,Unconfined,12.6,HGZ,MANUAL-Water Level,m,5.539999962,6.460000038,5.889999866,3.400000095,4.139999866,5.699999809,5.860000134,5.050000191,5.550000191,6.550000191,7.75,5.849999905,6.269999981,7.78000021,8.109999657,6.980000019,5.460000038,6.820000172,6.050000191,5.039999962,4.820000172,5.679999828,5.449999809,3.75,4.050000191,4.730000019,4.550000191,4.099999905,6.71999979,4.150000095,4.019999981,3.069999933,3.099999905,3.109999895,2.849999905,1.950000048,2.25,2.549999952,2.650000095,2.029999971,2.25,2.369999886,1.769999981,1.480000019,1.950000048,2.349999905,2.549999952,2.150000095,3.0,2.950000048,,1.169999957,4.349999905,6.03000021,5.820000172,3.329999924,4.449999809,4.659999847,3.630000114,2.25,2.75,3.630000114,2.970000029,2.049999952,,2.829999924,2.400000095,2.730000019,3.430000067,4.5,,3.049999952,3.900000095,4.150000095,3.75,3.25,4.300000191,5.869999886,3.970000029,2.190000057,3.839999914,,,1.879999995,2.099999905,,2.230000019,1.399999976,1.669999957,1.279999971,1.429999948,1.5,0.023
1.41E+14,Palavalli,Ground water,Cgwb,Karnataka,Tumkur,Pavagada,Manual,Pavagada,Palavalli,14.1583,77.2917,05-01-1996,25-08-2024,Dug well,Unconfined,12.64,HGZ,MANUAL-Water Level,m,2.769999981,5.809999943,5.320000172,1.220000029,1.580000043,4.670000076,5.0,0.879999995,0.889999986,3.019999981,3.75,4.53000021,6.820000172,6.420000076,6.53000021,6.0,1.600000024,6.21999979,5.210000038,5.920000076,6.639999866,6.880000114,3.319999933,1.269999981,1.870000005,4.070000172,5.789999962,6.46999979,6.539999962,7.880000114,8.529999733,7.53000021,7.489999771,7.019999981,1.450000048,1.070000052,1.519999981,3.680000067,4.699999809,3.74000001,2.720000029,4.920000076,5.190000057,2.230000019,1.49000001,4.420000076,5.46999979,5.949999809,7.389999866,7.119999886,,7.670000076,7.019999981,8.859999657,9.600000381,2.769999981,3.920000076,6.300000191,7.820000172,7.559999943,7.71999979,10.01000023,10.73999977,8.170000076,,8.470000267,7.820000172,7.570000172,8.819999695,10.52000046,10.81999969,5.46999979,7.369999886,8.270000458,9.619999886,8.770000458,8.970000267,10.5,9.93999958,6.920000076,9.649999619,,,6.170000076,6.570000172,,9.319999695,2.420000076,2.089999914,3.470000029,0.74000001,0.800000012,0.023
1.32E+14,Siddagangamatha,Ground water,Cgwb,Karnataka,Tumkur,Tumkur,Manual,Tumkur,Siddagangamatha,13.325,77.15,05-01-1996,25-08-2024,Dug well,Unconfined,13.0,HGZ,MANUAL-Water Level,m,5.210000038,4.03000021,2.25,2.5,2.900000095,4.380000114,,,,3.559999943,3.789999962,4.849999905,5.050000191,5.809999943,,,3.410000086,6.21999979,5.349999905,5.309999943,6.210000038,8.260000229,8.350000381,6.570000172,5.050000191,7.559999943,6.949999809,6.849999905,3.619999886,8.300000191,8.06000042,3.069999933,4.090000153,6.679999828,6.909999847,2.789999962,3.940000057,5.349999905,6.0,,6.150000095,7.46999979,6.559999943,2.369999886,2.400000095,4.900000095,4.050000191,4.03000021,5.309999943,5.550000191,,6.210000038,6.449999809,6.929999828,5.809999943,3.559999943,4.170000076,4.329999924,6.599999905,2.069999933,2.5,3.609999895,4.099999905,3.599999905,,5.139999866,4.349999905,4.599999905,5.179999828,6.800000191,6.03000021,2.75,4.099999905,2.75,2.650000095,4.849999905,5.5,7.0,4.849999905,2.160000086,3.230000019,,,3.849999905,1.570000052,,2.680000067,1.330000043,0.589999974,2.75,,,0.023
1.31E+14,Turuvekere,Ground water,Cgwb,Karnataka,Tumkur,Turuvekere,Manual,Turuvekere,Turuvekere,13.1611,76.6667,05-01-1996,25-08-2024,Dug well,Unconfined,12.8,HGZ,MANUAL-Water Level,m,7.960000038,11.89999962,6.449999809,7.650000095,5.53000021,7.989999771,8.229999542,5.21999979,6.199999809,5.5,6.269999981,3.069999933,5.510000229,7.920000076,7.659999847,6.28000021,6.400000095,6.070000172,4.96999979,2.650000095,2.839999914,4.409999847,3.470000029,1.470000029,3.069999933,5.619999886,5.46999979,4.369999886,3.559999943,4.46999979,4.460000038,0.790000021,2.589999914,4.480000019,3.849999905,1.25,2.369999886,5.170000076,1.850000024,0.419999987,0.720000029,3.420000076,1.639999986,1.169999957,1.539999962,1.169999957,3.569999933,0.25999999,3.380000114,4.769999981,,4.300000191,6.170000076,6.869999886,3.369999886,1.070000052,2.069999933,2.319999933,3.319999933,0.270000011,0.889999986,2.559999943,0.879999995,0.370000005,,2.769999981,1.74000001,2.339999914,3.470000029,11.67000008,11.86999989,3.970000029,5.21999979,1.570000052,3.170000076,1.769999981,5.21999979,9.350000381,5.550000191,0.540000021,3.079999924,,,0.670000017,2.670000076,,4.199999809,0.270000011,1.370000005,0.540000021,0.270000011,0.270000011,0.023
1.33E+14,Ardi,Ground water,Cgwb,Karnataka,Udupi,Kundapura,Manual,Kundapura,Ardi,13.5181,74.9744,05-01-1996,05-01-2024,Dug well,Unconfined,13.0,HGZ,MANUAL-Water Level,m,5.09,9.56,2.64,7.45,7.94,9.65,,7.1,,9.34,3.15,6.95,7.92,9.73,2.52,7.24,8.13,9.7,3.6,7.55,8.59,10.25,3.11,7.07,7.6,8.29,2.65,7.09,7.93,9.35,4.68,6.15,8.05,9.53,4.45,7.17,8.4,9.5,3.6,6.47,7.8,9.02,2.5,6.5,7.57,9.06,3.1,6.55,7.8,9.7,,7.27,8.35,10.1,2.65,6.05,7.9,9.2,3.81,6.43,7.8,9.2,5.28,7.35,,9.65,2.75,7.56,8.3,,2.92,7.5,7.9,9.77,2.62,7.75,8.3,11.0,2.27,4.64,9.05,,,7.29,7.72,,3.27,6.8,7.7,9.63,3.25,7.82,0.023
1.35E+14,Baindur 1,Ground water,Cgwb,Karnataka,Udupi,Kundapura,Manual,Kundapura,Baindur,13.8047,74.6758,05-01-1996,05-01-2024,Dug well,Unconfined,12.0,HGZ,MANUAL-Water Level,m,1.029999971,1.340000033,,1.919999957,0.529999971,,0.540000021,0.829999983,0.74000001,2.089999914,0.610000014,1.049999952,1.600000024,3.130000114,0.649999976,1.100000024,1.899999976,0.5,1.399999976,1.610000014,2.279999971,3.809999943,0.819999993,1.0,1.340000033,1.0,0.790000021,0.939999998,1.429999948,3.039999962,0.579999983,0.850000024,1.450000048,2.49000001,0.699999988,0.920000017,1.519999981,2.480000019,0.419999987,0.850000024,0.720000029,1.929999948,0.419999987,0.550000012,0.720000029,,0.419999987,0.389999986,1.100000024,2.420000076,,0.5,1.220000029,2.470000029,0.319999993,0.370000005,1.019999981,2.539999962,0.74000001,0.419999987,1.070000052,2.019999981,,1.919999957,,,3.569999933,0.709999979,1.220000029,2.25,0.419999987,0.670000017,1.370000005,2.390000105,0.07,,,3.5,0.029999999,0.01,1.75,,,0.519999981,0.5,,0.01,0.219999999,0.340000004,0.039999999,0.02,0.439999998,0.023
1.33E+14,Goliangadi,Ground water,Cgwb,Karnataka,Udupi,Udupi,Manual,Udupi,Goliangadi,13.5403,74.9917,05-01-1996,05-01-2024,Dug well,Unconfined,14.64,HGZ,MANUAL-Water Level,m,9.699999809,4.079999924,3.650000095,8.039999962,10.09000015,12.85000038,3.0,8.020000458,9.829999924,13.17000008,4.579999924,7.400000095,9.75,13.10000038,3.5,7.690000057,9.819999695,12.51000023,4.550000191,7.78000021,9.859999657,13.67000008,4.309999943,7.360000134,9.300000191,11.94999981,4.019999981,7.260000229,9.369999886,12.47000027,4.75,6.96999979,8.949999809,12.28999996,5.570000172,7.809999943,9.649999619,12.89000034,4.949999809,7.320000172,8.949999809,12.18000031,4.099999905,6.599999905,7.829999924,12.42000008,4.150000095,8.119999886,9.81000042,13.14999962,,7.75,10.19999981,11.35000038,4.199999809,6.699999809,9.5,13.18000031,5.070000172,12.05000019,9.199999809,12.52999973,6.449999809,7.550000191,,13.05000019,4.5,8.430000305,10.25,12.5,4.409999847,8.199999809,7.900000095,13.25,4.050000191,9.550000191,13.85000038,14.5,3.099999905,3.799999952,2.450000048,,,7.489999771,8.550000191,,3.650000095,5.650000095,7.800000191,10.88000011,3.950000048,7.400000095,0.023
1.31E+14,Kaup,Ground water,Cgwb,Karnataka,Udupi,Udupi,Manual,Udupi,Kaup,13.225,74.75,05-11-1996,05-01-2024,Bore well,Semi-confined,50.0,HGZ,MANUAL-Water Level,m,,8.920000076,,6.820000172,7.650000095,,,6.440000057,,,5.909999847,4.929999828,7.760000229,,,6.78000021,7.949999809,8.010000229,5.900000095,6.659999847,7.920000076,8.899999619,6.099999905,6.949999809,9.289999962,8.649999619,6.090000153,6.610000134,6.400000095,8.81000042,5.5,7.25,7.21999979,8.770000458,4.889999866,6.949999809,7.980000019,8.890000343,5.599999905,6.639999866,7.150000095,8.680000305,6.550000191,6.03000021,7.039999962,8.670000076,5.300000191,6.849999905,7.320000172,8.920000076,,6.639999866,7.5,,5.449999809,6.019999981,7.400000095,8.75,5.659999847,6.400000095,7.5,8.930000305,6.900000095,,,,5.670000076,7.139999866,7.75,,7.849999905,,7.570000172,9.0,5.619999886,8.270000458,,10.28999996,5.809999943,6.900000095,8.800000191,,,6.78000021,7.480000019,,5.920000076,6.440000057,7.420000076,8.739999771,6.099999905,7.409999847,0.023
1.35E+14,Kirimanjeshwar,Ground water,Cgwb,Karnataka,Udupi,Kundapura,Manual,Kundapura,Kirimanjeshwar,13.7833,74.7167,05-01-1996,05-01-2024,Dug well,Unconfined,8.0,HGZ,MANUAL-Water Level,m,,5.53000021,,2.0,2.119999886,2.069999933,0.400000006,2.029999971,1.470000029,1.820000052,0.980000019,1.950000048,2.539999962,4.5,1.649999976,2.700000048,3.470000029,3.589999914,1.100000024,2.599999905,3.359999895,4.550000191,1.950000048,2.630000114,4.980000019,3.799999952,1.809999943,1.450000048,1.779999971,4.570000172,1.399999976,3.329999924,5.099999905,4.329999924,2.779999971,4.079999924,4.980000019,4.550000191,1.200000048,3.680000067,4.400000095,6.070000172,1.5,3.200000048,3.049999952,6.0,1.399999976,3.75,4.800000191,6.300000191,,3.950000048,4.75,6.920000076,2.349999905,3.519999981,4.75,6.5,2.779999971,3.5,4.699999809,6.579999924,3.099999905,3.75,,6.78000021,2.5,5.079999924,5.0,6.519999981,2.519999981,4.050000191,4.650000095,6.46999979,2.470000029,4.619999886,5.159999847,8.0,2.0,1.870000005,5.269999981,,,4.0,4.550000191,,2.329999924,3.400000095,4.25,6.650000095,2.869999886,4.71999979,0.023
1.35E+14,Kollur1,Ground water,Cgwb,Karnataka,Udupi,Kundapura,Manual,Kundapura,Kollur,13.8667,74.8,05-01-1996,05-01-2024,Dug well,Unconfined,13.18,HGZ,MANUAL-Water Level,m,9.739999771,11.88000011,8.109999657,5.889999866,7.159999847,3.75,7.599999905,4.150000095,6.110000134,6.550000191,7.920000076,5.849999905,5.150000095,7.949999809,8.149999619,7.079999924,10.22999954,9.869999886,8.449999809,10.26000023,10.22999954,11.89999962,8.609999657,9.56000042,10.18999958,7.949999809,8.430000305,10.22999954,10.67000008,11.60999966,6.78000021,9.670000076,10.75,11.55000019,9.619999886,10.44999981,11.42000008,12.13000011,6.75,10.07999992,10.05000019,11.07999992,9.0,8.899999619,10.67000008,12.19999981,5.650000095,10.44999981,10.44999981,11.25,,9.93999958,10.35000038,11.25,7.599999905,9.600000381,10.80000019,10.25,8.75,9.949999809,10.39999962,12.15999985,8.850000381,7.949999809,,11.25,,10.22999954,11.75,11.75,10.27000046,10.35000038,10.39999962,10.94999981,4.699999809,,8.600000381,12.80000019,4.349999905,3.549999952,12.10000038,,,10.14999962,10.35000038,,7.400000095,9.600000381,10.77999973,11.18999958,9.079999924,10.64999962,0.023
1.31E+14,Kota,Ground water,Cgwb,Karnataka,Udupi,Udupi,Manual,Udupi,Kota,13.2375,74.7469,05-01-1996,05-01-2024,Dug well,Unconfined,9.0,HGZ,MANUAL-Water Level,m,5.579999924,6.559999943,2.079999924,4.010000229,5.230000019,6.610000134,1.5,3.720000029,5.050000191,5.670000076,2.650000095,3.549999952,5.0,6.75,2.130000114,4.150000095,5.289999962,6.0,2.349999905,3.789999962,5.159999847,6.900000095,1.429999948,3.089999914,3.779999971,5.650000095,0.670000017,2.230000019,3.269999981,5.5,1.090000033,1.830000043,3.849999905,5.269999981,2.529999971,3.630000114,5.0,6.420000076,2.150000095,3.75999999,4.400000095,6.380000114,2.319999933,2.0,4.070000172,6.050000191,1.850000024,,,5.150000095,,4.150000095,5.050000191,5.349999905,2.549999952,1.669999957,3.369999886,4.789999962,3.329999924,2.670000076,5.75,6.789999962,6.050000191,1.950000048,,7.599999905,3.279999971,5.21999979,6.150000095,6.150000095,4.349999905,4.96999979,5.199999809,4.75,0.819999993,5.610000134,4.849999905,7.599999905,2.599999905,3.349999905,3.299999952,,,4.949999809,6.079999924,,2.769999981,3.25,5.179999828,4.590000153,0.850000024,3.130000114,0.023
1.32E+14,Malpe,Ground water,Cgwb,Karnataka,Udupi,Udupi,Manual,Udupi,Malpe,13.35,74.7,05-01-1996,05-01-2024,Dug well,Unconfined,6.5,HGZ,MANUAL-Water Level,m,2.099999905,,0.639999986,2.809999943,3.950000048,3.680000067,1.350000024,2.400000095,3.25999999,2.950000048,1.549999952,2.230000019,3.0,4.0,1.549999952,2.670000076,3.920000076,3.369999886,1.399999976,2.640000105,3.720000029,4.429999828,1.580000043,2.75,3.420000076,4.0,2.140000105,2.940000057,3.529999971,4.340000153,0.850000024,1.700000048,3.0,4.070000172,0.899999976,2.200000048,3.559999943,4.110000134,1.700000048,2.650000095,3.549999952,4.599999905,1.149999976,2.099999905,3.220000029,4.630000114,0.899999976,2.829999924,3.579999924,3.5,,2.970000029,3.950000048,3.599999905,1.470000029,2.450000048,3.779999971,4.900000095,1.799999952,2.5,3.200000048,5.079999924,2.329999924,3.0,,5.099999905,1.399999976,3.579999924,4.099999905,5.21999979,2.549999952,3.299999952,4.0,4.5,1.450000048,2.799999952,2.549999952,5.699999809,0.899999976,4.420000076,4.449999809,,,3.049999952,3.599999905,,1.299999952,1.899999976,3.150000095,4.429999828,1.299999952,3.5,0.023
1.34E+14,Shankarnarayana,Ground water,Cgwb,Karnataka,Udupi,Kundapura,Manual,Kundapura,Shankarnarayana,13.6042,74.8625,05-01-1996,05-01-2024,Dug well,Unconfined,12.15,HGZ,MANUAL-Water Level,m,7.289999962,8.109999657,3.109999895,4.840000153,5.670000076,5.170000076,1.950000048,7.03000021,5.570000172,8.319999695,5.519999981,4.550000191,5.489999771,5.980000019,1.149999976,4.46999979,5.820000172,4.460000038,1.75,3.130000114,5.329999924,8.399999619,1.710000038,4.400000095,5.360000134,1.549999952,1.50999999,3.059999943,5.210000038,5.920000076,3.130000114,2.630000114,5.050000191,5.78000021,2.279999971,5.400000095,7.75,5.139999866,1.350000024,4.349999905,6.349999905,13.47999954,1.350000024,3.5,4.829999924,,,1.679999948,5.070000172,13.64999962,,2.75,4.5,13.64999962,1.25,4.150000095,6.849999905,11.30000019,2.309999943,3.549999952,6.650000095,11.30000019,2.299999952,3.519999981,,5.150000095,1.399999976,4.449999809,8.050000191,4.650000095,1.600000024,5.75,5.050000191,11.30000019,1.450000048,4.949999809,5.650000095,12.0,1.110000014,1.25,6.420000076,,,5.409999847,5.28000021,,1.450000048,2.849999905,5.150000095,12.64999962,1.529999971,9.670000076,0.023
1.34E+14,Siddapura1,Ground water,Cgwb,Karnataka,Udupi,Kundapura,Manual,Kundapura,Siddapura,13.6667,74.9125,05-01-1996,05-01-2024,Dug well,Unconfined,14.0,HGZ,MANUAL-Water Level,m,7.639999866,9.31000042,3.049999952,6.409999847,7.769999981,9.390000343,,6.369999886,7.730000019,10.61999989,3.49000001,6.119999886,7.670000076,10.48999977,2.950000048,6.480000019,7.96999979,9.550000191,3.720000029,6.139999866,7.949999809,11.42000008,3.400000095,5.980000019,7.639999866,6.820000172,3.289999962,5.989999771,7.519999981,11.17000008,2.970000029,5.269999981,7.269999981,9.930000305,4.440000057,6.889999866,8.270000458,11.09000015,3.170000076,6.0,6.96999979,10.19999981,3.220000029,4.940000057,7.179999828,10.17000008,2.920000076,5.050000191,7.699999809,13.02000046,,6.119999886,7.619999886,9.699999809,5.420000076,8.569999695,10.61999989,12.78999996,6.429999828,9.319999695,10.86999989,11.02000046,5.400000095,6.369999886,,10.42000008,2.819999933,7.050000191,9.020000458,12.5,3.269999981,6.769999981,8.079999924,13.31999969,5.769999981,6.820000172,9.699999809,12.39999962,2.869999886,3.519999981,9.149999619,,,6.539999962,7.389999866,,3.49000001,5.820000172,7.300000191,12.61999989,6.400000095,6.71999979,0.023
1.32E+14,Udupi,Ground water,Cgwb,Karnataka,Udupi,Udupi,Manual,Udupi,Udupi,13.3333,74.75,05-01-1996,05-01-2024,Dug well,Unconfined,15.3,HGZ,MANUAL-Water Level,m,11.80000019,14.43000031,6.820000172,10.22000027,11.77000046,13.52000046,5.139999866,9.319999695,11.10000038,13.23999977,7.610000134,9.199999809,12.64999962,14.19999981,7.079999924,9.720000267,12.0,12.53999996,6.349999905,11.57999992,13.93000031,14.55000019,7.21999979,10.31000042,,11.39999962,6.320000172,9.569999695,12.89999962,12.94999981,6.650000095,9.380000114,12.55000019,13.89000034,7.480000019,10.89999962,12.52000046,13.21000004,6.699999809,11.42000008,9.050000191,12.38000011,5.800000191,8.949999809,11.10999966,14.43999958,5.199999809,9.699999809,12.10000038,13.60000038,,9.5,11.44999981,14.0,7.5,9.050000191,11.89999962,13.5,7.599999905,5.25,5.460000038,13.64999962,8.579999924,10.60000038,,14.19999981,7.300000191,11.10999966,13.80000019,14.02000046,5.25,10.34000015,11.77000046,13.60000038,6.900000095,4.5,11.43000031,14.69999981,4.599999905,8.25,10.75,,,11.10000038,13.0,,7.050000191,9.649999619,12.86999989,13.0,7.239999771,5.179999828,0.023
1.34E+14,Vandse,Ground water,Cgwb,Karnataka,Udupi,Kundapura,Manual,Kundapura,Wandse,13.7083,74.7625,05-01-1996,05-01-2024,Dug well,Unconfined,10.0,HGZ,MANUAL-Water Level,m,7.579999924,5.090000153,3.190000057,4.880000114,4.909999847,5.260000229,3.119999886,4.769999981,4.809999943,5.360000134,3.670000076,4.739999771,4.739999771,6.210000038,3.160000086,4.960000038,4.889999866,4.670000076,3.660000086,4.820000172,4.920000076,,3.630000114,4.860000134,4.650000095,2.25999999,3.430000067,4.760000229,4.789999962,6.239999771,3.160000086,4.590000153,4.809999943,5.949999809,4.139999866,4.909999847,4.900000095,5.880000114,3.160000086,4.860000134,4.760000229,7.179999828,3.359999895,4.440000057,4.71999979,6.110000134,3.25999999,4.53000021,4.659999847,6.159999847,,4.699999809,5.110000134,5.960000038,3.089999914,4.710000038,5.210000038,6.159999847,3.910000086,4.590000153,5.159999847,5.960000038,4.860000134,4.809999943,,6.110000134,3.660000086,5.019999981,5.309999943,5.010000229,6.380000114,5.059999943,5.360000134,6.130000114,3.359999895,5.28000021,5.360000134,,2.789999962,2.75999999,5.75,,,5.159999847,5.260000229,,3.710000038,4.909999847,5.190000057,5.159999847,3.75999999,5.159999847,0.023
1.44E+14,Ankola1,Ground water,Cgwb,Karnataka,Uttara kannada,Ankola,Manual,Ankola,Ankola,14.6667,74.3,05-01-1996,30-08-2024,Dug well,Unconfined,13.0,HGZ,MANUAL-Water Level,m,9.43999958,13.07999992,2.25999999,7.690000057,10.35999966,13.93000031,3.460000038,3.930000067,9.960000038,11.10999966,1.179999948,3.859999895,9.619999886,11.76000023,0.25999999,3.880000114,6.460000038,4.760000229,1.019999981,3.390000105,5.800000191,9.760000229,,7.739999771,5.5,9.960000038,1.159999967,3.059999943,5.039999962,9.68999958,1.0,3.279999971,4.079999924,6.28000021,2.599999905,3.809999943,3.859999895,8.930000305,0.25999999,2.609999895,3.75999999,6.710000038,2.069999933,4.480000019,4.110000134,4.71999979,0.209999993,4.059999943,5.260000229,10.06000042,,3.630000114,4.039999962,11.82999992,2.369999886,2.960000038,4.199999809,8.260000229,,2.710000038,4.260000229,6.809999943,2.109999895,10.85999966,,8.619999886,,2.359999895,4.409999847,7.989999771,1.559999943,7.840000153,4.159999847,,,5.360000134,,9.199999809,,4.329999924,5.900000095,,,3.50999999,4.239999771,,1.75999999,1.75999999,,5.75,0.860000014,4.840000153,0.023
1.43E+14,Banavasi,Ground water,Cgwb,Karnataka,Uttara kannada,Sirsi,Manual,Sirsi,Banavasi,14.5342,75.0189,05-01-1996,30-08-2024,Dug well,Unconfined,19.0,HGZ,MANUAL-Water Level,m,16.03000069,16.22999954,15.57999992,15.68000031,15.82999992,15.93000031,15.60000038,15.68000031,15.93000031,18.32999992,15.30000019,15.55000019,15.80000019,17.22999954,15.68000031,16.12999916,15.5,15.75,15.27999973,15.48999977,15.63000011,16.97999954,,,15.63000011,13.77999973,,16.01000023,15.75,16.68000031,14.47999954,15.46000004,18.0,15.88000011,15.18000031,15.43000031,,16.09000015,15.57999992,15.27999973,15.60000038,14.63000011,15.26000023,15.02000046,15.60000038,15.18999958,9.010000229,15.68000031,15.61999989,15.67000008,,14.88000011,15.73999977,15.46000004,15.39999962,15.96000004,,16.18000031,15.39999962,15.43000031,15.77999973,15.47999954,15.68000031,15.61999989,,16.20999908,16.14999962,16.47999954,16.18000031,16.95000076,13.07999992,15.77999973,16.03000069,17.30999947,10.18000031,15.68000031,15.77999973,17.45000076,12.02999973,,16.51000023,,,15.63000011,16.07999992,,15.63000011,15.63000011,,,15.18000031,15.68000031,0.023
1.43E+14,Bandal,Ground water,Cgwb,Karnataka,Uttara kannada,Sirsi,Manual,Sirsi,Bandal,14.5333,74.6667,05-01-1996,30-08-2024,Dug well,Unconfined,11.1,HGZ,MANUAL-Water Level,m,6.849999905,8.359999657,1.429999948,,6.869999886,9.75,3.430000067,6.03000021,6.900000095,10.05000019,3.559999943,7.329999924,6.889999866,9.949999809,2.75,6.150000095,6.829999924,7.449999809,4.139999866,6.050000191,7.050000191,10.94999981,5.28000021,6.010000229,6.71999979,,4.75,6.099999905,6.610000134,9.130000114,4.150000095,5.900000095,8.010000229,8.630000114,5.380000114,6.199999809,6.869999886,9.409999847,3.75,6.050000191,3.859999895,4.670000076,1.970000029,5.630000114,6.699999809,7.340000153,3.049999952,6.349999905,6.949999809,,,6.260000229,6.480000019,8.829999924,2.640000105,6.059999943,6.710000038,8.399999619,3.170000076,5.880000114,6.599999905,8.449999809,5.800000191,6.079999924,,8.909999847,4.150000095,6.0,6.849999905,6.25,3.650000095,6.03000021,6.75,8.520000458,2.150000095,6.199999809,7.25,10.07999992,2.029999971,5.849999905,7.53000021,,,5.849999905,6.75,,5.050000191,5.050000191,,5.78000021,4.25,6.369999886,0.023
1.44E+14,Belekeri,Ground water,Cgwb,Karnataka,Uttara kannada,Ankola,Manual,Ankola,Belekeri,14.725,74.2667,05-01-1996,30-08-2024,Dug well,Unconfined,9.25,HGZ,MANUAL-Water Level,m,5.519999981,3.839999914,4.110000134,5.690000057,,5.239999771,4.400000095,,5.690000057,,3.680000067,5.239999771,5.699999809,7.440000057,3.890000105,5.340000153,4.929999828,5.090000153,4.909999847,5.559999943,6.840000153,7.340000153,4.659999847,,6.619999886,6.639999866,4.239999771,4.739999771,5.480000019,7.46999979,,,,,4.800000191,5.039999962,5.239999771,6.389999866,2.690000057,2.74000001,,8.539999962,3.420000076,4.539999962,7.440000057,8.079999924,3.619999886,5.539999962,5.940000057,6.119999886,,6.400000095,7.199999809,6.25,4.230000019,5.039999962,5.400000095,7.46999979,4.889999866,5.429999828,6.289999962,4.389999866,5.190000057,6.139999866,,7.889999866,5.239999771,6.539999962,7.019999981,8.489999771,,6.650000095,6.340000153,7.690000057,4.739999771,6.190000057,4.539999962,9.229999542,3.539999962,5.789999962,7.0,,,6.190000057,6.440000057,,5.139999866,5.139999866,,6.96999979,3.839999914,5.340000153,0.023
1.42E+14,Bilgi1,Ground water,Cgwb,Karnataka,Uttara kannada,Siddapur,Manual,Siddapur,Bilgi,14.3625,74.7972,05-01-1996,30-08-2024,Dug well,Unconfined,14.0,HGZ,MANUAL-Water Level,m,8.369999886,10.01000023,4.559999943,7.309999943,8.710000038,10.13000011,5.510000229,7.699999809,8.829999924,10.77999973,5.110000134,7.630000114,8.859999657,10.51000023,5.679999828,7.630000114,11.02000046,12.19999981,9.420000076,10.81000042,8.949999809,10.93000031,4.880000114,10.75,9.159999847,9.180000305,3.579999924,6.989999771,10.98999977,3.470000029,0.930000007,2.109999895,3.579999924,3.329999924,9.229999542,7.960000038,8.279999733,10.75,9.960000038,9.779999733,11.06000042,,5.110000134,6.710000038,11.10000038,9.840000153,9.380000114,10.77999973,10.96000004,11.85000038,,2.400000095,11.26000023,12.97999954,7.340000153,11.07999992,11.30000019,11.51000023,8.699999809,10.71000004,10.97999954,11.86999989,10.88000011,10.92000008,,11.71000004,10.72999954,11.06000042,11.27999973,12.06000042,,11.30000019,11.18000031,12.13000011,6.179999828,10.68000031,11.97999954,12.55000019,5.78000021,6.480000019,10.60000038,,,0.829999983,11.22999954,,10.02999973,10.02999973,,11.93999958,5.480000019,7.579999924,0.018
1.42E+14,Chandavar,Ground water,Cgwb,Karnataka,Uttara kannada,Honavar,Manual,Honavar,Chandavar,14.4,74.4792,05-01-1996,30-08-2024,Dug well,Unconfined,9.8,HGZ,MANUAL-Water Level,m,5.699999809,4.289999962,1.379999995,4.849999905,5.71999979,6.5,1.840000033,4.829999924,5.75,5.440000057,2.619999886,4.869999886,5.670000076,8.170000076,1.620000005,5.199999809,5.929999828,6.239999771,3.039999962,5.079999924,6.019999981,9.170000076,3.160000086,4.849999905,5.860000134,6.519999981,2.119999886,5.21999979,5.71999979,8.350000381,2.289999962,5.239999771,6.570000172,7.369999886,3.029999971,5.170000076,6.320000172,7.519999981,1.980000019,5.650000095,6.289999962,7.809999943,1.450000048,4.380000114,6.179999828,6.539999962,2.150000095,5.920000076,6.289999962,8.279999733,,5.869999886,6.659999847,8.449999809,2.099999905,5.380000114,6.199999809,8.260000229,3.349999905,4.480000019,6.570000172,8.270000458,4.96999979,5.179999828,,9.319999695,3.369999886,5.570000172,6.46999979,9.319999695,2.869999886,4.940000057,6.420000076,7.71999979,2.420000076,5.820000172,6.019999981,9.090000153,2.269999981,5.21999979,6.940000057,,,5.420000076,6.679999828,,3.420000076,3.420000076,,6.269999981,2.670000076,5.739999771,0.023
1.42E+14,Dodmane,Ground water,Cgwb,Karnataka,Uttara kannada,Siddapur,Manual,Siddapur,Dodmane,14.3625,74.7042,05-01-1996,30-08-2024,Dug well,Unconfined,8.71,HGZ,MANUAL-Water Level,m,4.5,4.380000114,1.74000001,4.139999866,4.579999924,4.940000057,3.440000057,4.110000134,4.650000095,4.78000021,3.369999886,4.090000153,4.570000172,5.820000172,2.410000086,4.210000038,6.519999981,4.690000057,3.150000095,4.139999866,4.730000019,5.809999943,3.609999895,4.019999981,4.409999847,4.809999943,3.410000086,3.779999971,4.400000095,4.260000229,3.450000048,4.070000172,4.449999809,5.159999847,3.690000057,4.110000134,4.650000095,5.309999943,2.349999905,4.139999866,4.309999943,4.429999828,2.599999905,3.579999924,4.53000021,5.050000191,2.369999886,4.260000229,4.46999979,5.480000019,,3.74000001,4.260000229,,2.349999905,3.920000076,4.360000134,5.329999924,3.630000114,3.940000057,4.460000038,5.610000134,3.859999895,4.110000134,,5.610000134,3.25999999,4.110000134,4.610000134,5.690000057,3.410000086,4.150000095,4.559999943,5.510000229,2.210000038,4.110000134,4.610000134,,2.150000095,3.910000086,5.349999905,,,4.010000229,4.420000076,,3.569999933,3.569999933,,4.579999924,3.410000086,4.190000057,0.018
1.42E+14,Haldipur,Ground water,Cgwb,Karnataka,Uttara kannada,Honavar,Manual,Honavar,Haldipur,14.3542,74.425,05-01-1996,30-08-2024,Dug well,Unconfined,6.84,HGZ,MANUAL-Water Level,m,3.720000029,4.269999981,2.150000095,3.230000019,3.769999981,4.650000095,2.160000086,3.130000114,3.710000038,4.110000134,2.299999952,2.799999952,3.599999905,4.25,2.099999905,3.099999905,3.640000105,3.900000095,2.039999962,4.03000021,3.75,,3.180000067,3.210000038,3.289999962,4.400000095,2.599999905,2.799999952,3.549999952,3.619999886,1.889999986,2.619999886,3.599999905,4.21999979,2.799999952,3.200000048,2.670000076,4.150000095,2.420000076,2.900000095,3.450000048,5.21999979,2.029999971,1.799999952,3.569999933,4.400000095,1.799999952,3.299999952,3.640000105,4.579999924,,3.039999962,3.539999962,3.730000019,1.820000052,2.599999905,3.400000095,4.429999828,1.769999981,2.930000067,3.680000067,4.920000076,2.599999905,4.0,,,2.400000095,2.700000048,4.0,4.5,2.299999952,3.589999914,3.549999952,4.409999847,1.899999976,2.950000048,3.400000095,5.170000076,1.429999948,2.400000095,4.0,,,2.559999943,3.369999886,,2.150000095,2.150000095,,3.630000114,2.599999905,3.75,0.023
1.43E+14,Kansur1,Ground water,Cgwb,Karnataka,Uttara kannada,Siddapur,Manual,Siddapur,Kansur,14.5167,74.8417,05-01-1996,30-08-2024,Dug well,Unconfined,8.62,HGZ,MANUAL-Water Level,m,5.01,5.18,1.7,3.75,5.13,5.48,1.91,4.01,5.48,5.1,2.23,4.03,5.28,6.38,2.08,4.03,4.88,4.86,1.36,4.25,5.13,5.83,2.45,3.64,3.37,4.68,1.83,3.83,4.61,5.58,1.81,3.68,5.28,7.03,2.79,4.23,4.78,5.32,2.41,3.59,4.28,6.28,2.33,3.6,6.0,7.05,2.35,4.43,4.61,4.97,,3.48,4.91,5.65,1.61,3.72,4.83,4.95,2.38,3.61,4.83,5.06,3.63,4.03,,6.14,2.63,4.08,5.15,6.08,2.58,3.82,6.83,4.83,1.08,3.93,4.53,7.07,0.83,3.29,5.63,,,3.73,4.51,,2.33,2.33,,4.73,1.73,4.18,0.018
1.45E+14,Karwar1,Ground water,Cgwb,Karnataka,Uttara kannada,Karwar,Manual,Karwar,Karwar,14.8,74.1333,05-01-1996,30-08-2024,Dug well,Unconfined,4.45,HGZ,MANUAL-Water Level,m,1.929999948,2.75999999,0.430000007,1.460000038,2.019999981,2.680000067,0.649999976,2.099999905,2.680000067,2.230000019,1.679999948,2.029999971,1.860000014,3.369999886,0.379999995,1.279999971,2.039999962,2.130000114,0.370000005,1.029999971,1.899999976,4.230000019,0.579999983,0.959999979,1.730000019,2.130000114,0.330000013,0.730000019,1.620000005,2.829999924,0.400000006,0.99000001,1.830000043,2.480000019,0.639999986,1.279999971,2.029999971,2.609999895,0.209999993,1.039999962,1.529999971,2.829999924,0.150000006,1.590000033,1.649999976,2.25,0.370000005,1.480000019,1.75999999,2.75999999,,0.819999993,1.639999986,2.630000114,0.370000005,0.829999983,1.610000014,2.25999999,0.629999995,0.850000024,1.580000043,2.410000086,0.779999971,1.179999948,,2.319999933,0.579999983,0.930000007,1.629999995,2.480000019,0.579999983,0.980000019,1.629999995,2.930000067,1.429999948,2.549999952,2.029999971,4.050000191,0.01,,2.799999952,,,0.970000029,1.629999995,,1.679999948,1.679999948,,3.299999952,1.480000019,1.980000019,0.023
1.42E+14,Kumta1,Ground water,Cgwb,Karnataka,Uttara kannada,Kumta,Manual,Kumta,Kumta,14.4,74.4,05-01-1996,30-08-2024,Dug well,Unconfined,14.35,HGZ,MANUAL-Water Level,m,7.670000076,3.619999886,2.190000057,5.630000114,7.96999979,8.460000038,2.819999933,5.96999979,7.519999981,,,5.860000134,7.639999866,9.579999924,2.539999962,4.739999771,6.78000021,5.989999771,4.46999979,6.099999905,6.289999962,6.239999771,5.639999866,6.070000172,6.28000021,7.340000153,5.340000153,5.739999771,6.139999866,7.039999962,3.390000105,6.199999809,6.940000057,6.760000229,5.71999979,5.840000153,6.090000153,6.139999866,7.190000057,6.21999979,6.440000057,6.920000076,2.269999981,9.859999657,6.900000095,5.460000038,2.890000105,6.840000153,6.849999905,8.340000153,,6.28000021,6.789999962,7.889999866,3.519999981,6.019999981,6.639999866,10.02000046,5.539999962,5.78000021,6.639999866,7.639999866,5.590000153,6.039999962,,9.140000343,10.84000015,6.139999866,,9.340000153,4.440000057,6.28000021,12.03999996,12.09000015,4.690000057,6.289999962,6.739999771,11.14999962,2.640000105,5.940000057,7.099999905,,,6.21999979,6.840000153,,4.940000057,4.940000057,,6.369999886,5.809999943,7.139999866,0.023
1.45E+14,Majali,Ground water,Cgwb,Karnataka,Uttara kannada,Karwar,Manual,Karwar,Majali,14.9,74.15,05-01-1996,30-08-2024,Dug well,Unconfined,4.41,HGZ,MANUAL-Water Level,m,2.00999999,2.200000048,0.540000021,1.529999971,2.039999962,2.579999924,0.839999974,1.159999967,1.879999995,2.25,0.850000024,1.379999995,1.830000043,2.519999981,0.479999989,1.580000043,1.919999957,2.24000001,0.779999971,1.289999962,2.059999943,2.779999971,0.870000005,1.00999999,1.789999962,2.029999971,0.629999995,1.330000043,1.639999986,2.809999943,0.810000002,1.139999986,1.980000019,2.730000019,0.879999995,1.450000048,1.870000005,2.569999933,1.330000043,2.430000067,1.649999976,3.230000019,0.769999981,0.75,1.789999962,2.519999981,0.680000007,1.629999995,1.899999976,2.609999895,,1.379999995,1.809999943,3.099999905,0.579999983,0.74000001,1.75,3.049999952,0.779999971,0.779999971,1.779999971,2.779999971,0.779999971,1.289999962,,2.569999933,0.579999983,0.980000019,1.779999971,2.569999933,0.730000019,1.25,1.679999948,2.519999981,0.579999983,1.669999957,1.929999948,3.390000105,0.310000002,0.730000019,2.380000114,,,1.070000052,1.769999981,,1.129999995,1.129999995,,2.119999886,0.379999995,1.129999995,0.023
1.45E+14,Malgi,Ground water,Cgwb,Karnataka,Uttara kannada,Mundgod,Manual,Mundgod,Malgi,14.7708,75.0167,05-01-1996,30-08-2024,Dug well,Unconfined,15.63,HGZ,MANUAL-Water Level,m,7.48,9.75,5.63,5.64,7.58,10.12,7.58,8.22,9.29,12.38,8.11,8.68,9.98,10.5,9.48,8.74,9.87,12.25,7.86,8.52,9.74,10.98,1.21,5.99,7.43,8.48,3.91,6.28,7.96,9.35,2.58,3.37,7.53,,3.63,7.08,8.08,9.6,4.98,5.76,7.38,3.08,4.89,5.02,7.8,7.6,4.18,6.18,7.08,8.55,,5.79,8.16,9.52,3.14,5.52,7.65,8.75,3.38,6.11,7.83,8.72,7.08,7.32,,9.13,7.68,8.13,8.88,9.66,8.18,6.03,8.73,8.93,2.43,6.58,6.88,9.72,1.66,5.58,8.3,,,5.83,7.26,,4.08,4.08,,7.2,2.48,6.6,0.023
1.41E+14,Manki1,Ground water,Cgwb,Karnataka,Uttara kannada,Bhatkal,Manual,Bhatkal,Manki,14.1,74.4917,05-01-1996,30-08-2024,Dug well,Unconfined,12.23,HGZ,MANUAL-Water Level,m,8.03,2.44,2.21,6.54,8.08,9.29,4.04,5.98,8.01,6.73,4.43,5.56,7.99,10.07,3.56,6.76,8.06,7.43,4.08,6.38,8.45,10.51,6.21,5.7,8.57,9.81,3.94,6.01,8.29,10.44,4.26,5.65,8.16,9.66,4.52,6.85,8.01,9.77,3.26,6.17,7.86,10.11,3.62,4.61,8.44,7.46,2.81,6.51,8.31,10.29,,4.2,8.52,10.41,3.54,5.22,8.23,11.16,4.06,5.42,8.28,9.98,4.36,5.25,,10.44,4.41,6.81,8.31,10.44,3.99,6.05,9.41,9.1,3.75,6.22,7.91,10.24,3.39,5.08,9.05,,,5.29,10.24,,4.66,4.66,,5.11,3.84,5.56,0.023
1.41E+14,Murudeswar,Ground water,Cgwb,Karnataka,Uttara kannada,Bhatkal,Manual,Bhatkal,Murudeswar,14.0917,74.4917,05-01-1996,30-08-2024,Dug well,Unconfined,7.16,HGZ,MANUAL-Water Level,m,4.849999905,2.769999981,2.420000076,4.699999809,5.070000172,4.46999979,3.819999933,4.070000172,4.670000076,4.46999979,4.150000095,4.670000076,4.650000095,5.070000172,3.119999886,4.670000076,4.739999771,3.319999933,2.970000029,4.630000114,4.800000191,4.949999809,4.269999981,4.659999847,4.679999828,4.96999979,3.869999886,4.46999979,4.300000191,4.139999866,3.670000076,4.329999924,4.789999962,4.96999979,4.079999924,4.369999886,4.550000191,4.690000057,2.369999886,4.320000172,4.46999979,4.420000076,3.819999933,5.21999979,5.210000038,3.390000105,2.910000086,4.269999981,3.970000029,4.650000095,,4.420000076,4.019999981,4.150000095,3.549999952,5.389999866,4.590000153,4.389999866,3.890000105,4.369999886,4.619999886,5.019999981,4.019999981,4.96999979,,4.429999828,3.970000029,4.650000095,3.920000076,5.75,2.470000029,5.519999981,4.96999979,4.849999905,,3.269999981,4.369999886,3.660000086,3.819999933,4.96999979,5.400000095,,,5.369999886,5.369999886,,5.039999962,5.039999962,,4.789999962,4.289999962,5.239999771,0.023
1.45E+14,Sadashivgad,Ground water,Cgwb,Karnataka,Uttara kannada,Karwar,Manual,Karwar,Sadashivgad,14.8542,74.1297,05-01-1996,30-08-2024,Dug well,Unconfined,4.7,HGZ,MANUAL-Water Level,m,2.140000105,2.410000086,0.319999993,1.350000024,2.150000095,3.079999924,0.779999971,1.470000029,2.170000076,2.950000048,0.779999971,1.399999976,2.279999971,3.180000067,0.300000012,1.5,2.670000076,2.680000067,0.680000007,1.350000024,2.200000048,3.049999952,0.899999976,1.200000048,2.059999943,2.299999952,1.799999952,0.699999988,1.860000014,3.00999999,0.689999998,1.090000033,1.980000019,2.599999905,0.860000014,1.429999948,2.0,3.140000105,0.5,1.200000048,1.730000019,3.00999999,0.330000013,1.809999943,1.879999995,3.130000114,0.200000003,1.5,2.00999999,2.980000019,,1.190000057,1.909999967,3.059999943,0.400000006,0.980000019,1.960000038,2.599999905,0.879999995,0.879999995,1.950000048,3.190000057,0.850000024,1.379999995,,3.180000067,0.5,1.0,2.0,2.950000048,0.699999988,1.200000048,1.799999952,2.799999952,0.300000012,1.450000048,2.099999905,4.179999828,0.360000014,1.190000057,2.900000095,,,1.399999976,2.109999895,,0.819999993,0.819999993,,2.730000019,0.75,1.600000024,0.023
1.42E+14,Siddapur2,Ground water,Cgwb,Karnataka,Uttara kannada,Siddapur,Manual,Siddapur,Siddapur,14.35,74.9,05-01-1996,05-01-2024,Dug well,Unconfined,14.9,HGZ,MANUAL-Water Level,m,8.100000381,8.149999619,5.659999847,6.809999943,7.659999847,9.699999809,5.739999771,6.940000057,8.260000229,10.02999973,5.840000153,7.360000134,7.909999847,12.65999985,5.900000095,7.260000229,7.800000191,9.010000229,5.579999924,6.71999979,8.06000042,7.260000229,2.49000001,6.940000057,13.23999977,9.960000038,2.00999999,6.46999979,7.559999943,9.409999847,5.920000076,6.679999828,7.760000229,8.510000229,6.090000153,7.28000021,8.859999657,8.260000229,5.710000038,6.860000134,7.239999771,10.26000023,4.449999809,7.320000172,8.029999733,9.569999695,6.380000114,7.510000229,8.06000042,9.920000076,,7.389999866,7.929999828,10.11999989,5.659999847,6.929999828,7.210000038,9.050000191,6.159999847,6.630000114,7.610000134,9.100000381,6.610000134,6.889999866,,10.5,6.460000038,7.010000229,7.360000134,10.01000023,6.460000038,10.65999985,8.359999657,10.56000042,4.860000134,6.760000229,,11.60000038,3.619999886,6.360000134,7.650000095,,,6.860000134,7.480000019,,6.360000134,6.360000134,,6.809999943,6.010000229,6.960000038,0.018
1.44E+14,Yekkambi,Ground water,Cgwb,Karnataka,Uttara kannada,Sirsi,Manual,Sirsi,Yekkambi,14.6833,74.9333,05-01-1996,30-08-2024,Dug well,Unconfined,11.8,HGZ,MANUAL-Water Level,m,6.409999847,7.840000153,3.539999962,5.130000114,6.420000076,7.889999866,3.5,6.079999924,6.96999979,8.5,3.599999905,5.75,7.070000172,9.109999657,5.170000076,6.119999886,7.380000114,9.93999958,3.359999895,6.579999924,8.25,9.770000458,3.529999971,4.610000134,3.430000067,8.569999695,2.369999886,4.46999979,6.849999905,8.890000343,2.940000057,3.359999895,6.679999828,8.470000267,3.529999971,5.769999981,6.949999809,8.800000191,4.170000076,5.119999886,6.369999886,9.090000153,2.880000114,1.669999957,7.039999962,8.329999924,3.039999962,5.170000076,6.170000076,8.270000458,,5.760000229,6.690000057,8.699999809,2.700000048,4.989999771,6.239999771,8.479999542,3.329999924,4.519999981,6.119999886,8.270000458,5.320000172,6.119999886,,9.010000229,4.46999979,6.369999886,8.069999695,9.819999695,5.619999886,6.019999981,8.170000076,9.670000076,3.170000076,6.070000172,7.869999886,10.14999962,2.069999933,3.549999952,10.69999981,,,4.21999979,6.400000095,,3.170000076,3.170000076,,6.159999847,2.619999886,5.369999886,0.018
