{"type":"FeatureCollection","features":[{"type":"Feature","properties":{"id":8242,"storage_mcm":null,"grand_id":null,"qa":"C2"},"geometry":{"type":"Point","coordinates":[80.96,17.0127]}},{"type":"Feature","properties":{"id":8243,"storage_mcm":null,"grand_id":null,"qa":"C1"},"geometry":{"type":"Point","coordinates":[74.262,21.2431]}},{"type":"Feature","properties":{"id":8244,"storage_mcm":null,"grand_id":null,"qa":"C2"},"geometry":{"type":"Point","coordinates":[75.8538,19.9088]}},{"type":"Feature","properties":{"id":8245,"storage_mcm":null,"grand_id":null,"qa":"C2"},"geometry":{"type":"Point","coordinates":[70.7584,20.9473]}},{"type":"Feature","properties":{"id":8246,"storage_mcm":null,"grand_id":null,"qa":"C2"},"geometry":{"type":"Point","coordinates":[73.0005,19.5879]}},{"type":"Feature","properties":{"id":8247,"storage_mcm":2310.0,"grand_id":4885,"qa":"C2"},"geometry":{"type":"Point","coordinates":[77.9813,22.5601]}},{"type":"Feature","properties":{"id":8248,"storage_mcm":null,"grand_id":null,"qa":"C2"},"geometry":{"type":"Point","coordinates":[73.6113,19.673]}},{"type":"Feature","properties":{"id":8249,"storage_mcm":null,"grand_id":null,"qa":"C2"},"geometry":{"type":"Point","coordinates":[73.3289,21.7126]}},{"type":"Feature","properties":{"id":8250,"storage_mcm":null,"grand_id":null,"qa":"C2"},"geometry":{"type":"Point","coordinates":[77.3176,18.7754]}},{"type":"Feature","properties":{"id":8251,"storage_mcm":null,"grand_id":null,"qa":"C1"},"geometry":{"type":"Point","coordinates":[85.7077,21.5901]}},{"type":"Feature","properties":{"id":8252,"storage_mcm":null,"grand_id":null,"qa":"C2"},"geometry":{"type":"Point","coordinates":[71.9091,21.5172]}},{"type":"Feature","properties":{"id":8253,"storage_mcm":59.5,"grand_id":4805,"qa":"C1"},"geometry":{"type":"Point","coordinates":[77.0052,26.5599]}},{"type":"Feature","properties":{"id":8254,"storage_mcm":null,"grand_id":null,"qa":"C2"},"geometry":{"type":"Point","coordinates":[76.0071,20.0127]}},{"type":"Feature","properties":{"id":8255,"storage_mcm":null,"grand_id":null,"qa":"C1"},"geometry":{"type":"Point","coordinates":[75.8868,24.4015]}},{"type":"Feature","properties":{"id":8256,"storage_mcm":null,"grand_id":null,"qa":"C2"},"geometry":{"type":"Point","coordinates":[80.2313,20.6938]}},{"type":"Feature","properties":{"id":8257,"storage_mcm":null,"grand_id":null,"qa":"C1"},"geometry":{"type":"Point","coordinates":[76.8798,9.3297]}},{"type":"Feature","properties":{"id":8258,"storage_mcm":41.7,"grand_id":4809,"qa":"C2"},"geometry":{"type":"Point","coordinates":[76.7691,26.2713]}},{"type":"Feature","properties":{"id":8259,"storage_mcm":null,"grand_id":null,"qa":"C1"},"geometry":{"type":"Point","coordinates":[74.5661,25.4508]}},{"type":"Feature","properties":{"id":8260,"storage_mcm":null,"grand_id":null,"qa":"C2"},"geometry":{"type":"Point","coordinates":[74.9837,14.727]}},{"type":"Feature","properties":{"id":8261,"storage_mcm":null,"grand_id":null,"qa":"C2"},"geometry":{"type":"Point","coordinates":[78.2391,21.8598]}},{"type":"Feature","properties":{"id":8262,"storage_mcm":null,"grand_id":null,"qa":"C2"},"geometry":{"type":"Point","coordinates":[74.4917,17.5264]}},{"type":"Feature","properties":{"id":8263,"storage_mcm":null,"grand_id":null,"qa":"C1"},"geometry":{"type":"Point","coordinates":[80.2865,21.8896]}},{"type":"Feature","properties":{"id":8264,"storage_mcm":null,"grand_id":null,"qa":"C2"},"geometry":{"type":"Point","coordinates":[78.8517,21.3228]}},{"type":"Feature","properties":{"id":8265,"storage_mcm":null,"grand_id":null,"qa":"C1"},"geometry":{"type":"Point","coordinates":[77.0262,11.8268]}},{"type":"Feature","properties":{"id":8266,"storage_mcm":null,"grand_id":null,"qa":"C2"},"geometry":{"type":"Point","coordinates":[76.7704,9.8355]}},{"type":"Feature","properties":{"id":8267,"storage_mcm":null,"grand_id":null,"qa":"C1"},"geometry":{"type":"Point","coordinates":[77.256,32.0364]}},{"type":"Feature","properties":{"id":8268,"storage_mcm":null,"grand_id":null,"qa":"C1"},"geometry":{"type":"Point","coordinates":[80.0296,18.7847]}},{"type":"Feature","properties":{"id":8269,"storage_mcm":null,"grand_id":null,"qa":"C4"},"geometry":{"type":"Point","coordinates":[78.5632,17.6101]}},{"type":"Feature","properties":{"id":8270,"storage_mcm":null,"grand_id":null,"qa":"C2"},"geometry":{"type":"Point","coordinates":[73.5649,17.2823]}},{"type":"Feature","properties":{"id":8271,"storage_mcm":null,"grand_id":null,"qa":"C2"},"geometry":{"type":"Point","coordinates":[82.0844,17.3032]}},{"type":"Feature","properties":{"id":8272,"storage_mcm":null,"grand_id":null,"qa":"C2"},"geometry":{"type":"Point","coordinates":[78.8786,21.0365]}},{"type":"Feature","properties":{"id":8273,"storage_mcm":82.0,"grand_id":4877,"qa":"C2"},"geometry":{"type":"Point","coordinates":[83.2203,23.0259]}},{"type":"Feature","properties":{"id":8274,"storage_mcm":null,"grand_id":null,"qa":"C2"},"geometry":{"type":"Point","coordinates":[73.6411,19.6963]}},{"type":"Feature","properties":{"id":8275,"storage_mcm":null,"grand_id":null,"qa":"C2"},"geometry":{"type":"Point","coordinates":[73.6853,16.5697]}},{"type":"Feature","properties":{"id":8276,"storage_mcm":null,"grand_id":null,"qa":"C2"},"geometry":{"type":"Point","coordinates":[77.4723,20.2852]}},{"type":"Feature","properties":{"id":8277,"storage_mcm":null,"grand_id":null,"qa":"C2"},"geometry":{"type":"Point","coordinates":[74.066,26.0241]}},{"type":"Feature","properties":{"id":8278,"storage_mcm":null,"grand_id":null,"qa":"C2"},"geometry":{"type":"Point","coordinates":[70.613,22.6182]}},{"type":"Feature","properties":{"id":8279,"storage_mcm":62.4,"grand_id":4956,"qa":"C4"},"geometry":{"type":"Point","coordinates":[78.542,18.2714]}},{"type":"Feature","properties":{"id":8280,"storage_mcm":null,"grand_id":null,"qa":"C2"},"geometry":{"type":"Point","coordinates":[79.488,21.3685]}},{"type":"Feature","properties":{"id":8281,"storage_mcm":null,"grand_id":null,"qa":"C2"},"geometry":{"type":"Point","coordinates":[71.6406,21.7461]}},{"type":"Feature","properties":{"id":8282,"storage_mcm":539.0,"grand_id":4876,"qa":"C1"},"geometry":{"type":"Point","coordinates":[78.0627,23.0533]}},{"type":"Feature","properties":{"id":8283,"storage_mcm":220.5,"grand_id":4934,"qa":"C1"},"geometry":{"type":"Point","coordinates":[79.2659,20.1203]}},{"type":"Feature","properties":{"id":8284,"storage_mcm":null,"grand_id":null,"qa":"C2"},"geometry":{"type":"Point","coordinates":[73.8945,20.4215]}},{"type":"Feature","properties":{"id":8285,"storage_mcm":null,"grand_id":null,"qa":"C1"},"geometry":{"type":"Point","coordinates":[73.6669,19.8987]}},{"type":"Feature","properties":{"id":8286,"storage_mcm":null,"grand_id":null,"qa":"C2"},"geometry":{"type":"Point","coordinates":[74.9508,25.7367]}},{"type":"Feature","properties":{"id":8287,"storage_mcm":null,"grand_id":null,"qa":"C2"},"geometry":{"type":"Point","coordinates":[73.6941,19.6507]}},{"type":"Feature","properties":{"id":8288,"storage_mcm":285.3,"grand_id":4747,"qa":"C2"},"geometry":{"type":"Point","coordinates":[73.0608,19.9228]}},{"type":"Feature","properties":{"id":8289,"storage_mcm":152.9,"grand_id":4957,"qa":"C3"},"geometry":{"type":"Point","coordinates":[79.9428,18.2474]}},{"type":"Feature","properties":{"id":8290,"storage_mcm":null,"grand_id":null,"qa":"C2"},"geometry":{"type":"Point","coordinates":[74.103,16.9897]}},{"type":"Feature","properties":{"id":8291,"storage_mcm":27.0,"grand_id":4775,"qa":"C2"},"geometry":{"type":"Point","coordinates":[74.2885,15.8605]}},{"type":"Feature","properties":{"id":8292,"storage_mcm":null,"grand_id":null,"qa":"C2"},"geometry":{"type":"Point","coordinates":[73.5301,19.0205]}},{"type":"Feature","properties":{"id":8293,"storage_mcm":null,"grand_id":null,"qa":"C2"},"geometry":{"type":"Point","coordinates":[73.7698,16.7901]}},{"type":"Feature","properties":{"id":8294,"storage_mcm":null,"grand_id":null,"qa":"C2"},"geometry":{"type":"Point","coordinates":[76.0435,20.6213]}},{"type":"Feature","properties":{"id":8295,"storage_mcm":216.5,"grand_id":4927,"qa":"C2"},"geometry":{"type":"Point","coordinates":[82.3187,20.5183]}},{"type":"Feature","properties":{"id":8296,"storage_mcm":9500.0,"grand_id":4734,"qa":"C2"},"geometry":{"type":"Point","coordinates":[73.7487,21.8311]}},{"type":"Feature","properties":{"id":8297,"storage_mcm":null,"grand_id":null,"qa":"C2"},"geometry":{"type":"Point","coordinates":[74.6005,20.3462]}},{"type":"Feature","properties":{"id":8298,"storage_mcm":null,"grand_id":null,"qa":"C2"},"geometry":{"type":"Point","coordinates":[76.4433,25.932]}},{"type":"Feature","properties":{"id":8299,"storage_mcm":67.0,"grand_id":4932,"qa":"C2"},"geometry":{"type":"Point","coordinates":[79.82,20.2197]}},{"type":"Feature","properties":{"id":8300,"storage_mcm":null,"grand_id":null,"qa":"C2"},"geometry":{"type":"Point","coordinates":[76.5121,19.9382]}},{"type":"Feature","properties":{"id":8301,"storage_mcm":null,"grand_id":null,"qa":"C2"},"geometry":{"type":"Point","coordinates":[76.7286,19.9774]}},{"type":"Feature","properties":{"id":8302,"storage_mcm":673.4,"grand_id":4737,"qa":"C2"},"geometry":{"type":"Point","coordinates":[71.8758,21.4703]}},{"type":"Feature","properties":{"id":8303,"storage_mcm":null,"grand_id":null,"qa":"C1"},"geometry":{"type":"Point","coordinates":[77.1753,20.0223]}},{"type":"Feature","properties":{"id":8304,"storage_mcm":null,"grand_id":null,"qa":"C2"},"geometry":{"type":"Point","coordinates":[76.3166,19.8872]}},{"type":"Feature","properties":{"id":8305,"storage_mcm":970.6,"grand_id":4952,"qa":"C1"},"geometry":{"type":"Point","coordinates":[82.5496,18.4553]}},{"type":"Feature","properties":{"id":8306,"storage_mcm":null,"grand_id":null,"qa":"C2"},"geometry":{"type":"Point","coordinates":[78.8381,20.9394]}},{"type":"Feature","properties":{"id":8307,"storage_mcm":1369.2,"grand_id":4862,"qa":"C2"},"geometry":{"type":"Point","coordinates":[86.8134,23.787]}},{"type":"Feature","properties":{"id":8308,"storage_mcm":null,"grand_id":null,"qa":"C2"},"geometry":{"type":"Point","coordinates":[85.7032,20.3312]}},{"type":"Feature","properties":{"id":8309,"storage_mcm":null,"grand_id":null,"qa":"C1"},"geometry":{"type":"Point","coordinates":[75.0742,23.2504]}},{"type":"Feature","properties":{"id":8310,"storage_mcm":116.6,"grand_id":4824,"qa":"C1"},"geometry":{"type":"Point","coordinates":[79.7009,25.1313]}},{"type":"Feature","properties":{"id":8311,"storage_mcm":null,"grand_id":null,"qa":"C2"},"geometry":{"type":"Point","coordinates":[77.6737,21.7001]}},{"type":"Feature","properties":{"id":8312,"storage_mcm":null,"grand_id":null,"qa":"C2"},"geometry":{"type":"Point","coordinates":[73.8239,24.5783]}},{"type":"Feature","properties":{"id":8313,"storage_mcm":null,"grand_id":null,"qa":"C2"},"geometry":{"type":"Point","coordinates":[74.6258,17.0657]}},{"type":"Feature","properties":{"id":8314,"storage_mcm":null,"grand_id":null,"qa":"C1"},"geometry":{"type":"Point","coordinates":[73.6393,20.0965]}},{"type":"Feature","properties":{"id":8315,"storage_mcm":null,"grand_id":null,"qa":"C2"},"geometry":{"type":"Point","coordinates":[71.3133,20.9833]}},{"type":"Feature","properties":{"id":8316,"storage_mcm":null,"grand_id":null,"qa":"C2"},"geometry":{"type":"Point","coordinates":[77.105,21.1982]}},{"type":"Feature","properties":{"id":8317,"storage_mcm":null,"grand_id":null,"qa":"C1"},"geometry":{"type":"Point","coordinates":[76.8043,10.6245]}},{"type":"Feature","properties":{"id":8318,"storage_mcm":null,"grand_id":null,"qa":"C1"},"geometry":{"type":"Point","coordinates":[76.1074,31.4255]}},{"type":"Feature","properties":{"id":8319,"storage_mcm":28.2,"grand_id":5005,"qa":"C1"},"geometry":{"type":"Point","coordinates":[77.492,13.1487]}},{"type":"Feature","properties":{"id":8320,"storage_mcm":null,"grand_id":null,"qa":"C2"},"geometry":{"type":"Point","coordinates":[77.6429,20.1423]}},{"type":"Feature","properties":{"id":8321,"storage_mcm":null,"grand_id":null,"qa":"C1"},"geometry":{"type":"Point","coordinates":[83.1039,18.4618]}},{"type":"Feature","properties":{"id":8322,"storage_mcm":null,"grand_id":null,"qa":"C2"},"geometry":{"type":"Point","coordinates":[74.3082,18.7166]}},{"type":"Feature","properties":{"id":8323,"storage_mcm":null,"grand_id":null,"qa":"C2"},"geometry":{"type":"Point","coordinates":[73.7228,18.7787]}},{"type":"Feature","properties":{"id":8324,"storage_mcm":18.9,"grand_id":5023,"qa":"C4"},"geometry":{"type":"Point","coordinates":[76.851,10.8364]}},{"type":"Feature","properties":{"id":8325,"storage_mcm":null,"grand_id":null,"qa":"C2"},"geometry":{"type":"Point","coordinates":[73.5513,17.3711]}},{"type":"Feature","properties":{"id":8326,"storage_mcm":null,"grand_id":null,"qa":"C2"},"geometry":{"type":"Point","coordinates":[70.6722,22.3643]}},{"type":"Feature","properties":{"id":8327,"storage_mcm":null,"grand_id":null,"qa":"C2"},"geometry":{"type":"Point","coordinates":[77.1446,21.2198]}},{"type":"Feature","properties":{"id":8328,"storage_mcm":null,"grand_id":null,"qa":"C2"},"geometry":{"type":"Point","coordinates":[73.8412,16.7722]}},{"type":"Feature","properties":{"id":8329,"storage_mcm":null,"grand_id":null,"qa":"C2"},"geometry":{"type":"Point","coordinates":[69.3198,23.3762]}},{"type":"Feature","properties":{"id":8330,"storage_mcm":null,"grand_id":null,"qa":"C1"},"geometry":{"type":"Point","coordinates":[75.9847,20.3824]}},{"type":"Feature","properties":{"id":8331,"storage_mcm":null,"grand_id":null,"qa":"C2"},"geometry":{"type":"Point","coordinates":[79.8293,21.1182]}},{"type":"Feature","properties":{"id":8332,"storage_mcm":null,"grand_id":null,"qa":"C2"},"geometry":{"type":"Point","coordinates":[72.3029,24.4094]}},{"type":"Feature","properties":{"id":8333,"storage_mcm":null,"grand_id":null,"qa":"C1"},"geometry":{"type":"Point","coordinates":[76.1027,18.8196]}},{"type":"Feature","properties":{"id":8334,"storage_mcm":null,"grand_id":null,"qa":"C1"},"geometry":{"type":"Point","coordinates":[73.8603,15.9346]}},{"type":"Feature","properties":{"id":8335,"storage_mcm":null,"grand_id":null,"qa":"C1"},"geometry":{"type":"Point","coordinates":[77.1442,20.6904]}},{"type":"Feature","properties":{"id":8336,"storage_mcm":null,"grand_id":null,"qa":"C2"},"geometry":{"type":"Point","coordinates":[78.8036,21.4416]}},{"type":"Feature","properties":{"id":8337,"storage_mcm":null,"grand_id":null,"qa":"C1"},"geometry":{"type":"Point","coordinates":[75.0028,18.8672]}},{"type":"Feature","properties":{"id":8338,"storage_mcm":null,"grand_id":null,"qa":"C2"},"geometry":{"type":"Point","coordinates":[73.8912,15.9825]}},{"type":"Feature","properties":{"id":8339,"storage_mcm":156.2,"grand_id":5020,"qa":"C2"},"geometry":{"type":"Point","coordinates":[76.6188,11.3313]}},{"type":"Feature","properties":{"id":8340,"storage_mcm":null,"grand_id":null,"qa":"C2"},"geometry":{"type":"Point","coordinates":[69.3466,23.3463]}},{"type":"Feature","properties":{"id":8341,"storage_mcm":null,"grand_id":null,"qa":"C2"},"geometry":{"type":"Point","coordinates":[75.663,18.4945]}},{"type":"Feature","properties":{"id":8342,"storage_mcm":null,"grand_id":null,"qa":"C4"},"geometry":{"type":"Point","coordinates":[77.7481,17.3633]}},{"type":"Feature","properties":{"id":8343,"storage_mcm":null,"grand_id":null,"qa":"C1"},"geometry":{"type":"Point","coordinates":[70.2203,22.3865]}},{"type":"Feature","properties":{"id":8344,"storage_mcm":null,"grand_id":null,"qa":"C2"},"geometry":{"type":"Point","coordinates":[77.7888,20.4821]}},{"type":"Feature","properties":{"id":8345,"storage_mcm":null,"grand_id":null,"qa":"C1"},"geometry":{"type":"Point","coordinates":[79.7562,21.1566]}},{"type":"Feature","properties":{"id":8346,"storage_mcm":null,"grand_id":null,"qa":"C2"},"geometry":{"type":"Point","coordinates":[84.4616,19.9552]}},{"type":"Feature","properties":{"id":8347,"storage_mcm":null,"grand_id":null,"qa":"C2"},"geometry":{"type":"Point","coordinates":[79.4154,20.8469]}},{"type":"Feature","properties":{"id":8348,"storage_mcm":null,"grand_id":null,"qa":"C4"},"geometry":{"type":"Point","coordinates":[78.2768,16.1684]}},{"type":"Feature","properties":{"id":8349,"storage_mcm":null,"grand_id":null,"qa":"C2"},"geometry":{"type":"Point","coordinates":[70.4234,21.7613]}},{"type":"Feature","properties":{"id":8350,"storage_mcm":null,"grand_id":null,"qa":"C2"},"geometry":{"type":"Point","coordinates":[75.8396,20.7931]}},{"type":"Feature","properties":{"id":8351,"storage_mcm":null,"grand_id":null,"qa":"C2"},"geometry":{"type":"Point","coordinates":[78.4492,20.9602]}},{"type":"Feature","properties":{"id":8352,"storage_mcm":10600.0,"grand_id":4858,"qa":"C2"},"geometry":{"type":"Point","coordinates":[83.0073,24.2008]}},{"type":"Feature","properties":{"id":8353,"storage_mcm":null,"grand_id":null,"qa":"C2"},"geometry":{"type":"Point","coordinates":[76.7169,18.243]}},{"type":"Feature","properties":{"id":8354,"storage_mcm":null,"grand_id":null,"qa":"C2"},"geometry":{"type":"Point","coordinates":[73.8551,17.924]}},{"type":"Feature","properties":{"id":8355,"storage_mcm":35.1,"grand_id":4940,"qa":"C4"},"geometry":{"type":"Point","coordinates":[78.6663,19.6434]}},{"type":"Feature","properties":{"id":8356,"storage_mcm":null,"grand_id":null,"qa":"C1"},"geometry":{"type":"Point","coordinates":[75.6959,22.8253]}},{"type":"Feature","properties":{"id":8357,"storage_mcm":null,"grand_id":null,"qa":"C2"},"geometry":{"type":"Point","coordinates":[76.6624,20.6027]}},{"type":"Feature","properties":{"id":8358,"storage_mcm":51.5,"grand_id":4738,"qa":"C1"},"geometry":{"type":"Point","coordinates":[73.3662,21.2686]}},{"type":"Feature","properties":{"id":8359,"storage_mcm":105.0,"grand_id":6990,"qa":"C2"},"geometry":{"type":"Point","coordinates":[73.6234,18.3029]}},{"type":"Feature","properties":{"id":8360,"storage_mcm":null,"grand_id":null,"qa":"C2"},"geometry":{"type":"Point","coordinates":[73.7037,22.5588]}},{"type":"Feature","properties":{"id":8361,"storage_mcm":null,"grand_id":null,"qa":"C3"},"geometry":{"type":"Point","coordinates":[73.7452,20.5755]}},{"type":"Feature","properties":{"id":8362,"storage_mcm":105.0,"grand_id":4901,"qa":"C2"},"geometry":{"type":"Point","coordinates":[79.3971,21.3936]}},{"type":"Feature","properties":{"id":8363,"storage_mcm":null,"grand_id":null,"qa":"C2"},"geometry":{"type":"Point","coordinates":[72.9963,18.1419]}},{"type":"Feature","properties":{"id":8364,"storage_mcm":null,"grand_id":null,"qa":"C3"},"geometry":{"type":"Point","coordinates":[78.5554,17.4211]}},{"type":"Feature","properties":{"id":8365,"storage_mcm":null,"grand_id":null,"qa":"C1"},"geometry":{"type":"Point","coordinates":[73.8462,17.5957]}},{"type":"Feature","properties":{"id":8366,"storage_mcm":null,"grand_id":null,"qa":"C2"},"geometry":{"type":"Point","coordinates":[70.0281,21.9816]}},{"type":"Feature","properties":{"id":8367,"storage_mcm":null,"grand_id":null,"qa":"C2"},"geometry":{"type":"Point","coordinates":[93.5311,24.6617]}},{"type":"Feature","properties":{"id":8368,"storage_mcm":null,"grand_id":null,"qa":"C2"},"geometry":{"type":"Point","coordinates":[77.3066,20.5723]}},{"type":"Feature","properties":{"id":8369,"storage_mcm":null,"grand_id":null,"qa":"C1"},"geometry":{"type":"Point","coordinates":[75.1735,17.068]}},{"type":"Feature","properties":{"id":8370,"storage_mcm":null,"grand_id":null,"qa":"C2"},"geometry":{"type":"Point","coordinates":[74.0498,18.1958]}},{"type":"Feature","properties":{"id":8371,"storage_mcm":null,"grand_id":null,"qa":"C2"},"geometry":{"type":"Point","coordinates":[77.524,20.2831]}},{"type":"Feature","properties":{"id":8372,"storage_mcm":338.1,"grand_id":4988,"qa":"C3"},"geometry":{"type":"Point","coordinates":[77.7017,16.3354]}},{"type":"Feature","properties":{"id":8373,"storage_mcm":null,"grand_id":null,"qa":"C1"},"geometry":{"type":"Point","coordinates":[79.1903,21.4612]}},{"type":"Feature","properties":{"id":8374,"storage_mcm":null,"grand_id":null,"qa":"C1"},"geometry":{"type":"Point","coordinates":[79.0377,21.1962]}},{"type":"Feature","properties":{"id":8375,"storage_mcm":null,"grand_id":null,"qa":"C2"},"geometry":{"type":"Point","coordinates":[75.1086,18.3679]}},{"type":"Feature","properties":{"id":8376,"storage_mcm":null,"grand_id":null,"qa":"C2"},"geometry":{"type":"Point","coordinates":[71.2251,22.082]}},{"type":"Feature","properties":{"id":8377,"storage_mcm":null,"grand_id":null,"qa":"C2"},"geometry":{"type":"Point","coordinates":[74.1029,21.0029]}},{"type":"Feature","properties":{"id":8378,"storage_mcm":null,"grand_id":null,"qa":"C1"},"geometry":{"type":"Point","coordinates":[74.2796,22.7101]}},{"type":"Feature","properties":{"id":8379,"storage_mcm":78.5,"grand_id":4855,"qa":"C2"},"geometry":{"type":"Point","coordinates":[76.4721,24.3418]}},{"type":"Feature","properties":{"id":8380,"storage_mcm":215.8,"grand_id":4945,"qa":"C4"},"geometry":{"type":"Point","coordinates":[78.7894,19.1098]}},{"type":"Feature","properties":{"id":8381,"storage_mcm":null,"grand_id":null,"qa":"C1"},"geometry":{"type":"Point","coordinates":[75.315,22.2694]}},{"type":"Feature","properties":{"id":8382,"storage_mcm":null,"grand_id":null,"qa":"C2"},"geometry":{"type":"Point","coordinates":[76.4541,19.9914]}},{"type":"Feature","properties":{"id":8383,"storage_mcm":null,"grand_id":null,"qa":"C2"},"geometry":{"type":"Point","coordinates":[77.5526,10.3831]}},{"type":"Feature","properties":{"id":8384,"storage_mcm":null,"grand_id":null,"qa":"C2"},"geometry":{"type":"Point","coordinates":[75.0648,20.1861]}},{"type":"Feature","properties":{"id":8385,"storage_mcm":178.4,"grand_id":4839,"qa":"C2"},"geometry":{"type":"Point","coordinates":[83.349,24.8593]}},{"type":"Feature","properties":{"id":8386,"storage_mcm":null,"grand_id":null,"qa":"C2"},"geometry":{"type":"Point","coordinates":[73.9018,19.5467]}},{"type":"Feature","properties":{"id":8387,"storage_mcm":null,"grand_id":null,"qa":"C2"},"geometry":{"type":"Point","coordinates":[75.8836,20.4471]}},{"type":"Feature","properties":{"id":8388,"storage_mcm":null,"grand_id":null,"qa":"C2"},"geometry":{"type":"Point","coordinates":[77.891,23.2006]}},{"type":"Feature","properties":{"id":8389,"storage_mcm":null,"grand_id":null,"qa":"C3"},"geometry":{"type":"Point","coordinates":[79.2648,19.2722]}},{"type":"Feature","properties":{"id":8390,"storage_mcm":7322.8,"grand_id":4843,"qa":"C1"},"geometry":{"type":"Point","coordinates":[75.5539,24.7001]}},{"type":"Feature","properties":{"id":8391,"storage_mcm":59.7,"grand_id":4936,"qa":"C2"},"geometry":{"type":"Point","coordinates":[85.0765,19.8016]}},{"type":"Feature","properties":{"id":8392,"storage_mcm":null,"grand_id":null,"qa":"C1"},"geometry":{"type":"Point","coordinates":[78.5286,30.7392]}},{"type":"Feature","properties":{"id":8393,"storage_mcm":null,"grand_id":null,"qa":"C2"},"geometry":{"type":"Point","coordinates":[86.1052,22.7766]}},{"type":"Feature","properties":{"id":8394,"storage_mcm":null,"grand_id":null,"qa":"C2"},"geometry":{"type":"Point","coordinates":[69.9595,21.7234]}},{"type":"Feature","properties":{"id":8395,"storage_mcm":null,"grand_id":null,"qa":"C2"},"geometry":{"type":"Point","coordinates":[79.0003,13.9079]}},{"type":"Feature","properties":{"id":8396,"storage_mcm":215.0,"grand_id":4840,"qa":"C1"},"geometry":{"type":"Point","coordinates":[82.4997,24.8388]}},{"type":"Feature","properties":{"id":8397,"storage_mcm":644.0,"grand_id":4921,"qa":"C2"},"geometry":{"type":"Point","coordinates":[80.4376,21.2382]}},{"type":"Feature","properties":{"id":8398,"storage_mcm":null,"grand_id":null,"qa":"C1"},"geometry":{"type":"Point","coordinates":[86.2642,23.1101]}},{"type":"Feature","properties":{"id":8399,"storage_mcm":null,"grand_id":null,"qa":"C2"},"geometry":{"type":"Point","coordinates":[79.224,20.9287]}},{"type":"Feature","properties":{"id":8400,"storage_mcm":55.7,"grand_id":4810,"qa":"C1"},"geometry":{"type":"Point","coordinates":[76.7852,25.5132]}},{"type":"Feature","properties":{"id":8401,"storage_mcm":null,"grand_id":null,"qa":"C2"},"geometry":{"type":"Point","coordinates":[77.3195,20.4782]}},{"type":"Feature","properties":{"id":8402,"storage_mcm":36.0,"grand_id":4757,"qa":"C2"},"geometry":{"type":"Point","coordinates":[73.8559,19.1565]}},{"type":"Feature","properties":{"id":8403,"storage_mcm":null,"grand_id":null,"qa":"C2"},"geometry":{"type":"Point","coordinates":[74.1504,16.0671]}},{"type":"Feature","properties":{"id":8404,"storage_mcm":null,"grand_id":null,"qa":"C2"},"geometry":{"type":"Point","coordinates":[80.1212,21.2656]}},{"type":"Feature","properties":{"id":8405,"storage_mcm":54.3,"grand_id":4731,"qa":"C1"},"geometry":{"type":"Point","coordinates":[74.8985,23.2644]}},{"type":"Feature","properties":{"id":8406,"storage_mcm":null,"grand_id":null,"qa":"C2"},"geometry":{"type":"Point","coordinates":[71.4573,22.4623]}},{"type":"Feature","properties":{"id":8407,"storage_mcm":null,"grand_id":null,"qa":"C2"},"geometry":{"type":"Point","coordinates":[74.325,18.1736]}},{"type":"Feature","properties":{"id":8408,"storage_mcm":null,"grand_id":null,"qa":"C2"},"geometry":{"type":"Point","coordinates":[79.037,21.5748]}},{"type":"Feature","properties":{"id":8409,"storage_mcm":null,"grand_id":null,"qa":"C1"},"geometry":{"type":"Point","coordinates":[80.214,24.7216]}},{"type":"Feature","properties":{"id":8410,"storage_mcm":null,"grand_id":null,"qa":"C2"},"geometry":{"type":"Point","coordinates":[74.41,19.2619]}},{"type":"Feature","properties":{"id":8411,"storage_mcm":null,"grand_id":null,"qa":"C1"},"geometry":{"type":"Point","coordinates":[70.3044,21.4669]}},{"type":"Feature","properties":{"id":8412,"storage_mcm":null,"grand_id":null,"qa":"C2"},"geometry":{"type":"Point","coordinates":[74.0484,15.0251]}},{"type":"Feature","properties":{"id":8413,"storage_mcm":null,"grand_id":null,"qa":"C2"},"geometry":{"type":"Point","coordinates":[78.3078,20.2635]}},{"type":"Feature","properties":{"id":8414,"storage_mcm":2800.0,"grand_id":4768,"qa":"C2"},"geometry":{"type":"Point","coordinates":[73.7531,17.403]}},{"type":"Feature","properties":{"id":8415,"storage_mcm":222.6,"grand_id":4781,"qa":"C1"},"geometry":{"type":"Point","coordinates":[74.9573,13.8203]}},{"type":"Feature","properties":{"id":8416,"storage_mcm":2898.7,"grand_id":4836,"qa":"C2"},"geometry":{"type":"Point","coordinates":[75.5796,24.9168]}},{"type":"Feature","properties":{"id":8417,"storage_mcm":null,"grand_id":null,"qa":"C2"},"geometry":{"type":"Point","coordinates":[77.1361,26.1249]}},{"type":"Feature","properties":{"id":8418,"storage_mcm":20.3,"grand_id":4872,"qa":"C1"},"geometry":{"type":"Point","coordinates":[80.1247,23.2324]}},{"type":"Feature","properties":{"id":8419,"storage_mcm":null,"grand_id":null,"qa":"C2"},"geometry":{"type":"Point","coordinates":[72.3607,24.3322]}},{"type":"Feature","properties":{"id":8420,"storage_mcm":null,"grand_id":null,"qa":"C2"},"geometry":{"type":"Point","coordinates":[77.862,20.4751]}},{"type":"Feature","properties":{"id":8421,"storage_mcm":107.0,"grand_id":6997,"qa":"C2"},"geometry":{"type":"Point","coordinates":[73.5399,18.4516]}},{"type":"Feature","properties":{"id":8422,"storage_mcm":null,"grand_id":null,"qa":"C1"},"geometry":{"type":"Point","coordinates":[74.2106,16.6905]}},{"type":"Feature","properties":{"id":8423,"storage_mcm":3172.0,"grand_id":4946,"qa":"C4"},"geometry":{"type":"Point","coordinates":[78.3422,18.9671]}},{"type":"Feature","properties":{"id":8424,"storage_mcm":null,"grand_id":null,"qa":"C2"},"geometry":{"type":"Point","coordinates":[70.1247,23.2594]}},{"type":"Feature","properties":{"id":8425,"storage_mcm":null,"grand_id":null,"qa":"C1"},"geometry":{"type":"Point","coordinates":[73.4372,25.1408]}},{"type":"Feature","properties":{"id":8426,"storage_mcm":1241.0,"grand_id":4895,"qa":"C2"},"geometry":{"type":"Point","coordinates":[79.224,21.6618]}},{"type":"Feature","properties":{"id":8427,"storage_mcm":null,"grand_id":null,"qa":"C2"},"geometry":{"type":"Point","coordinates":[74.4923,17.2019]}},{"type":"Feature","properties":{"id":8428,"storage_mcm":null,"grand_id":null,"qa":"C2"},"geometry":{"type":"Point","coordinates":[84.6621,19.8023]}},{"type":"Feature","properties":{"id":8429,"storage_mcm":null,"grand_id":null,"qa":"C2"},"geometry":{"type":"Point","coordinates":[76.1458,17.788]}},{"type":"Feature","properties":{"id":8430,"storage_mcm":null,"grand_id":null,"qa":"C2"},"geometry":{"type":"Point","coordinates":[74.7838,20.6559]}},{"type":"Feature","properties":{"id":8431,"storage_mcm":null,"grand_id":null,"qa":"C2"},"geometry":{"type":"Point","coordinates":[76.2233,19.8925]}},{"type":"Feature","properties":{"id":8432,"storage_mcm":null,"grand_id":null,"qa":"C2"},"geometry":{"type":"Point","coordinates":[78.2639,19.7913]}},{"type":"Feature","properties":{"id":8433,"storage_mcm":94.3,"grand_id":4797,"qa":"C2"},"geometry":{"type":"Point","coordinates":[78.9385,29.308]}},{"type":"Feature","properties":{"id":8434,"storage_mcm":21.7,"grand_id":4929,"qa":"C2"},"geometry":{"type":"Point","coordinates":[79.1796,20.3911]}},{"type":"Feature","properties":{"id":8435,"storage_mcm":50.2,"grand_id":4905,"qa":"C2"},"geometry":{"type":"Point","coordinates":[75.8978,21.3077]}},{"type":"Feature","properties":{"id":8436,"storage_mcm":null,"grand_id":null,"qa":"C2"},"geometry":{"type":"Point","coordinates":[78.3031,21.5635]}},{"type":"Feature","properties":{"id":8437,"storage_mcm":43.2,"grand_id":5036,"qa":"C2"},"geometry":{"type":"Point","coordinates":[77.4832,10.3752]}},{"type":"Feature","properties":{"id":8438,"storage_mcm":null,"grand_id":null,"qa":"C1"},"geometry":{"type":"Point","coordinates":[85.0207,20.8398]}},{"type":"Feature","properties":{"id":8439,"storage_mcm":null,"grand_id":null,"qa":"C2"},"geometry":{"type":"Point","coordinates":[73.7167,23.0545]}},{"type":"Feature","properties":{"id":8440,"storage_mcm":850.2,"grand_id":4970,"qa":"C4"},"geometry":{"type":"Point","coordinates":[77.9302,17.753]}},{"type":"Feature","properties":{"id":8441,"storage_mcm":null,"grand_id":null,"qa":"C1"},"geometry":{"type":"Point","coordinates":[76.3746,17.9289]}},{"type":"Feature","properties":{"id":8442,"storage_mcm":88.7,"grand_id":5016,"qa":"C2"},"geometry":{"type":"Point","coordinates":[76.6034,11.4591]}},{"type":"Feature","properties":{"id":8443,"storage_mcm":null,"grand_id":null,"qa":"C2"},"geometry":{"type":"Point","coordinates":[74.6149,18.3414]}},{"type":"Feature","properties":{"id":8444,"storage_mcm":51.6,"grand_id":4963,"qa":"C4"},"geometry":{"type":"Point","coordinates":[78.1781,18.12]}},{"type":"Feature","properties":{"id":8445,"storage_mcm":null,"grand_id":null,"qa":"C2"},"geometry":{"type":"Point","coordinates":[76.6021,11.5064]}},{"type":"Feature","properties":{"id":8446,"storage_mcm":null,"grand_id":null,"qa":"C1"},"geometry":{"type":"Point","coordinates":[77.3367,12.8855]}},{"type":"Feature","properties":{"id":8447,"storage_mcm":null,"grand_id":null,"qa":"C2"},"geometry":{"type":"Point","coordinates":[77.4623,10.1321]}},{"type":"Feature","properties":{"id":8448,"storage_mcm":null,"grand_id":null,"qa":"C2"},"geometry":{"type":"Point","coordinates":[79.6344,20.5398]}},{"type":"Feature","properties":{"id":8449,"storage_mcm":null,"grand_id":null,"qa":"C2"},"geometry":{"type":"Point","coordinates":[78.0666,20.4584]}},{"type":"Feature","properties":{"id":8450,"storage_mcm":null,"grand_id":null,"qa":"C2"},"geometry":{"type":"Point","coordinates":[79.1132,20.815]}},{"type":"Feature","properties":{"id":8451,"storage_mcm":142.0,"grand_id":4727,"qa":"C2"},"geometry":{"type":"Point","coordinates":[74.5911,24.1697]}},{"type":"Feature","properties":{"id":8452,"storage_mcm":null,"grand_id":null,"qa":"C2"},"geometry":{"type":"Point","coordinates":[73.8902,16.0412]}},{"type":"Feature","properties":{"id":8453,"storage_mcm":null,"grand_id":null,"qa":"C2"},"geometry":{"type":"Point","coordinates":[73.7625,18.9739]}},{"type":"Feature","properties":{"id":8454,"storage_mcm":null,"grand_id":null,"qa":"C1"},"geometry":{"type":"Point","coordinates":[71.0978,21.6526]}},{"type":"Feature","properties":{"id":8455,"storage_mcm":null,"grand_id":null,"qa":"C1"},"geometry":{"type":"Point","coordinates":[77.8294,14.9179]}},{"type":"Feature","properties":{"id":8456,"storage_mcm":null,"grand_id":null,"qa":"C2"},"geometry":{"type":"Point","coordinates":[77.3149,18.599]}},{"type":"Feature","properties":{"id":8457,"storage_mcm":null,"grand_id":null,"qa":"C2"},"geometry":{"type":"Point","coordinates":[73.8845,17.5444]}},{"type":"Feature","properties":{"id":8458,"storage_mcm":25.0,"grand_id":4874,"qa":"C1"},"geometry":{"type":"Point","coordinates":[77.3712,23.1653]}},{"type":"Feature","properties":{"id":8459,"storage_mcm":11.6,"grand_id":4899,"qa":"C1"},"geometry":{"type":"Point","coordinates":[81.9094,21.4931]}},{"type":"Feature","properties":{"id":8460,"storage_mcm":null,"grand_id":null,"qa":"C2"},"geometry":{"type":"Point","coordinates":[79.403,19.6061]}},{"type":"Feature","properties":{"id":8461,"storage_mcm":null,"grand_id":null,"qa":"C2"},"geometry":{"type":"Point","coordinates":[73.7728,24.931]}},{"type":"Feature","properties":{"id":8462,"storage_mcm":null,"grand_id":null,"qa":"C2"},"geometry":{"type":"Point","coordinates":[77.3885,20.5269]}},{"type":"Feature","properties":{"id":8463,"storage_mcm":null,"grand_id":null,"qa":"C2"},"geometry":{"type":"Point","coordinates":[73.5226,21.1245]}},{"type":"Feature","properties":{"id":8464,"storage_mcm":null,"grand_id":null,"qa":"C1"},"geometry":{"type":"Point","coordinates":[73.485,20.0006]}},{"type":"Feature","properties":{"id":8465,"storage_mcm":null,"grand_id":null,"qa":"C1"},"geometry":{"type":"Point","coordinates":[86.3066,23.032]}},{"type":"Feature","properties":{"id":8466,"storage_mcm":null,"grand_id":null,"qa":"C2"},"geometry":{"type":"Point","coordinates":[77.4695,18.6294]}},{"type":"Feature","properties":{"id":8467,"storage_mcm":null,"grand_id":null,"qa":"C2"},"geometry":{"type":"Point","coordinates":[73.2998,17.817]}},{"type":"Feature","properties":{"id":8468,"storage_mcm":null,"grand_id":null,"qa":"C2"},"geometry":{"type":"Point","coordinates":[74.1746,16.4495]}},{"type":"Feature","properties":{"id":8469,"storage_mcm":null,"grand_id":null,"qa":"C2"},"geometry":{"type":"Point","coordinates":[73.1717,25.0686]}},{"type":"Feature","properties":{"id":8470,"storage_mcm":null,"grand_id":null,"qa":"C1"},"geometry":{"type":"Point","coordinates":[77.7911,30.6136]}},{"type":"Feature","properties":{"id":8471,"storage_mcm":null,"grand_id":null,"qa":"C2"},"geometry":{"type":"Point","coordinates":[83.6794,23.7925]}},{"type":"Feature","properties":{"id":8472,"storage_mcm":null,"grand_id":null,"qa":"C1"},"geometry":{"type":"Point","coordinates":[77.8175,21.3712]}},{"type":"Feature","properties":{"id":8473,"storage_mcm":null,"grand_id":null,"qa":"C2"},"geometry":{"type":"Point","coordinates":[73.9473,16.7875]}},{"type":"Feature","properties":{"id":8474,"storage_mcm":null,"grand_id":null,"qa":"C3"},"geometry":{"type":"Point","coordinates":[77.8989,16.4161]}},{"type":"Feature","properties":{"id":8475,"storage_mcm":null,"grand_id":null,"qa":"C1"},"geometry":{"type":"Point","coordinates":[79.8719,13.198]}},{"type":"Feature","properties":{"id":8476,"storage_mcm":null,"grand_id":null,"qa":"C2"},"geometry":{"type":"Point","coordinates":[73.6122,18.3755]}},{"type":"Feature","properties":{"id":8477,"storage_mcm":null,"grand_id":null,"qa":"C2"},"geometry":{"type":"Point","coordinates":[78.839,21.4719]}},{"type":"Feature","properties":{"id":8478,"storage_mcm":null,"grand_id":null,"qa":"C2"},"geometry":{"type":"Point","coordinates":[77.2722,21.2406]}},{"type":"Feature","properties":{"id":8479,"storage_mcm":null,"grand_id":null,"qa":"C2"},"geometry":{"type":"Point","coordinates":[73.2762,17.3881]}},{"type":"Feature","properties":{"id":8480,"storage_mcm":null,"grand_id":null,"qa":"C1"},"geometry":{"type":"Point","coordinates":[72.7149,24.6852]}},{"type":"Feature","properties":{"id":8481,"storage_mcm":null,"grand_id":null,"qa":"C2"},"geometry":{"type":"Point","coordinates":[76.8051,21.4441]}},{"type":"Feature","properties":{"id":8482,"storage_mcm":null,"grand_id":null,"qa":"C2"},"geometry":{"type":"Point","coordinates":[73.51,18.8247]}},{"type":"Feature","properties":{"id":8483,"storage_mcm":null,"grand_id":null,"qa":"C1"},"geometry":{"type":"Point","coordinates":[79.4999,19.8868]}},{"type":"Feature","properties":{"id":8484,"storage_mcm":null,"grand_id":null,"qa":"C1"},"geometry":{"type":"Point","coordinates":[77.3081,11.5612]}},{"type":"Feature","properties":{"id":8485,"storage_mcm":null,"grand_id":null,"qa":"C2"},"geometry":{"type":"Point","coordinates":[75.1691,18.4668]}},{"type":"Feature","properties":{"id":8486,"storage_mcm":null,"grand_id":null,"qa":"C1"},"geometry":{"type":"Point","coordinates":[70.8685,22.7546]}},{"type":"Feature","properties":{"id":8487,"storage_mcm":null,"grand_id":null,"qa":"C2"},"geometry":{"type":"Point","coordinates":[75.1075,17.016]}},{"type":"Feature","properties":{"id":8488,"storage_mcm":null,"grand_id":null,"qa":"C2"},"geometry":{"type":"Point","coordinates":[73.6578,19.5416]}},{"type":"Feature","properties":{"id":8489,"storage_mcm":null,"grand_id":null,"qa":"C2"},"geometry":{"type":"Point","coordinates":[75.2268,13.2388]}},{"type":"Feature","properties":{"id":8490,"storage_mcm":null,"grand_id":null,"qa":"C2"},"geometry":{"type":"Point","coordinates":[77.3572,21.2595]}},{"type":"Feature","properties":{"id":8491,"storage_mcm":null,"grand_id":null,"qa":"C2"},"geometry":{"type":"Point","coordinates":[73.4858,18.6668]}},{"type":"Feature","properties":{"id":8492,"storage_mcm":null,"grand_id":null,"qa":"C2"},"geometry":{"type":"Point","coordinates":[77.7953,19.2569]}},{"type":"Feature","properties":{"id":8493,"storage_mcm":null,"grand_id":null,"qa":"C1"},"geometry":{"type":"Point","coordinates":[78.2589,21.5511]}},{"type":"Feature","properties":{"id":8494,"storage_mcm":null,"grand_id":null,"qa":"C2"},"geometry":{"type":"Point","coordinates":[77.9364,20.8527]}},{"type":"Feature","properties":{"id":8495,"storage_mcm":null,"grand_id":null,"qa":"C2"},"geometry":{"type":"Point","coordinates":[80.3561,24.6397]}},{"type":"Feature","properties":{"id":8496,"storage_mcm":null,"grand_id":null,"qa":"C1"},"geometry":{"type":"Point","coordinates":[74.685,20.7316]}},{"type":"Feature","properties":{"id":8497,"storage_mcm":null,"grand_id":null,"qa":"C1"},"geometry":{"type":"Point","coordinates":[85.4749,21.7996]}},{"type":"Feature","properties":{"id":8498,"storage_mcm":null,"grand_id":null,"qa":"C1"},"geometry":{"type":"Point","coordinates":[79.135,25.0347]}},{"type":"Feature","properties":{"id":8499,"storage_mcm":1444.1,"grand_id":4773,"qa":"C2"},"geometry":{"type":"Point","coordinates":[74.6422,16.1425]}},{"type":"Feature","properties":{"id":8500,"storage_mcm":null,"grand_id":null,"qa":"C2"},"geometry":{"type":"Point","coordinates":[77.3098,8.4515]}},{"type":"Feature","properties":{"id":8501,"storage_mcm":null,"grand_id":null,"qa":"C2"},"geometry":{"type":"Point","coordinates":[75.9056,12.4917]}},{"type":"Feature","properties":{"id":8502,"storage_mcm":null,"grand_id":null,"qa":"C1"},"geometry":{"type":"Point","coordinates":[80.5739,23.6415]}},{"type":"Feature","properties":{"id":8503,"storage_mcm":null,"grand_id":null,"qa":"C1"},"geometry":{"type":"Point","coordinates":[74.2377,22.8081]}},{"type":"Feature","properties":{"id":8504,"storage_mcm":null,"grand_id":null,"qa":"C2"},"geometry":{"type":"Point","coordinates":[82.0148,17.4949]}},{"type":"Feature","properties":{"id":8505,"storage_mcm":null,"grand_id":null,"qa":"C1"},"geometry":{"type":"Point","coordinates":[77.7381,8.3727]}},{"type":"Feature","properties":{"id":8506,"storage_mcm":null,"grand_id":null,"qa":"C2"},"geometry":{"type":"Point","coordinates":[74.782,17.9225]}},{"type":"Feature","properties":{"id":8507,"storage_mcm":null,"grand_id":null,"qa":"C1"},"geometry":{"type":"Point","coordinates":[77.6894,10.2611]}},{"type":"Feature","properties":{"id":8508,"storage_mcm":null,"grand_id":null,"qa":"C2"},"geometry":{"type":"Point","coordinates":[76.8297,26.8255]}},{"type":"Feature","properties":{"id":8509,"storage_mcm":null,"grand_id":null,"qa":"C2"},"geometry":{"type":"Point","coordinates":[80.9873,20.8342]}},{"type":"Feature","properties":{"id":8510,"storage_mcm":null,"grand_id":null,"qa":"C1"},"geometry":{"type":"Point","coordinates":[76.1283,20.4305]}},{"type":"Feature","properties":{"id":8511,"storage_mcm":null,"grand_id":null,"qa":"C1"},"geometry":{"type":"Point","coordinates":[77.3357,20.0331]}},{"type":"Feature","properties":{"id":8512,"storage_mcm":null,"grand_id":null,"qa":"C2"},"geometry":{"type":"Point","coordinates":[74.4775,16.1272]}},{"type":"Feature","properties":{"id":8513,"storage_mcm":null,"grand_id":null,"qa":"C2"},"geometry":{"type":"Point","coordinates":[73.9551,20.261]}},{"type":"Feature","properties":{"id":8514,"storage_mcm":null,"grand_id":null,"qa":"C2"},"geometry":{"type":"Point","coordinates":[79.3254,20.7439]}},{"type":"Feature","properties":{"id":8515,"storage_mcm":null,"grand_id":null,"qa":"C2"},"geometry":{"type":"Point","coordinates":[76.5056,20.2097]}},{"type":"Feature","properties":{"id":8516,"storage_mcm":null,"grand_id":null,"qa":"C1"},"geometry":{"type":"Point","coordinates":[79.9647,23.1131]}},{"type":"Feature","properties":{"id":8517,"storage_mcm":null,"grand_id":null,"qa":"C2"},"geometry":{"type":"Point","coordinates":[74.0127,17.4061]}},{"type":"Feature","properties":{"id":8518,"storage_mcm":null,"grand_id":null,"qa":"C2"},"geometry":{"type":"Point","coordinates":[79.7834,20.2978]}},{"type":"Feature","properties":{"id":8519,"storage_mcm":null,"grand_id":null,"qa":"C2"},"geometry":{"type":"Point","coordinates":[73.4622,19.304]}},{"type":"Feature","properties":{"id":8520,"storage_mcm":null,"grand_id":null,"qa":"C2"},"geometry":{"type":"Point","coordinates":[76.7803,20.4195]}},{"type":"Feature","properties":{"id":8521,"storage_mcm":219.8,"grand_id":4749,"qa":"C2"},"geometry":{"type":"Point","coordinates":[73.7439,19.8048]}},{"type":"Feature","properties":{"id":8522,"storage_mcm":null,"grand_id":null,"qa":"C2"},"geometry":{"type":"Point","coordinates":[73.5705,19.5094]}},{"type":"Feature","properties":{"id":8523,"storage_mcm":null,"grand_id":null,"qa":"C2"},"geometry":{"type":"Point","coordinates":[75.8366,18.1347]}},{"type":"Feature","properties":{"id":8524,"storage_mcm":null,"grand_id":null,"qa":"C2"},"geometry":{"type":"Point","coordinates":[73.023,18.5542]}},{"type":"Feature","properties":{"id":8525,"storage_mcm":null,"grand_id":null,"qa":"C1"},"geometry":{"type":"Point","coordinates":[78.3423,21.0488]}},{"type":"Feature","properties":{"id":8526,"storage_mcm":null,"grand_id":null,"qa":"C2"},"geometry":{"type":"Point","coordinates":[75.6115,20.5617]}},{"type":"Feature","properties":{"id":8527,"storage_mcm":null,"grand_id":null,"qa":"C2"},"geometry":{"type":"Point","coordinates":[73.7471,20.5139]}},{"type":"Feature","properties":{"id":8528,"storage_mcm":11600.0,"grand_id":4985,"qa":"C2"},"geometry":{"type":"Point","coordinates":[79.3095,16.5731]}},{"type":"Feature","properties":{"id":8529,"storage_mcm":51.3,"grand_id":4891,"qa":"C1"},"geometry":{"type":"Point","coordinates":[81.1976,22.2022]}},{"type":"Feature","properties":{"id":8530,"storage_mcm":null,"grand_id":null,"qa":"C1"},"geometry":{"type":"Point","coordinates":[79.613,14.3338]}},{"type":"Feature","properties":{"id":8531,"storage_mcm":null,"grand_id":null,"qa":"C2"},"geometry":{"type":"Point","coordinates":[76.4339,20.1765]}},{"type":"Feature","properties":{"id":8532,"storage_mcm":null,"grand_id":null,"qa":"C1"},"geometry":{"type":"Point","coordinates":[77.0284,13.0303]}},{"type":"Feature","properties":{"id":8533,"storage_mcm":null,"grand_id":null,"qa":"C2"},"geometry":{"type":"Point","coordinates":[71.6495,22.5479]}},{"type":"Feature","properties":{"id":8534,"storage_mcm":null,"grand_id":null,"qa":"C2"},"geometry":{"type":"Point","coordinates":[72.6289,24.0388]}},{"type":"Feature","properties":{"id":8535,"storage_mcm":null,"grand_id":null,"qa":"C2"},"geometry":{"type":"Point","coordinates":[74.5617,18.9269]}},{"type":"Feature","properties":{"id":8536,"storage_mcm":null,"grand_id":null,"qa":"C2"},"geometry":{"type":"Point","coordinates":[77.663,19.6647]}},{"type":"Feature","properties":{"id":8537,"storage_mcm":null,"grand_id":null,"qa":"C1"},"geometry":{"type":"Point","coordinates":[74.369,23.4858]}},{"type":"Feature","properties":{"id":8538,"storage_mcm":null,"grand_id":null,"qa":"C2"},"geometry":{"type":"Point","coordinates":[75.5087,20.6145]}},{"type":"Feature","properties":{"id":8539,"storage_mcm":null,"grand_id":null,"qa":"C2"},"geometry":{"type":"Point","coordinates":[73.6708,16.301]}},{"type":"Feature","properties":{"id":8540,"storage_mcm":null,"grand_id":null,"qa":"C2"},"geometry":{"type":"Point","coordinates":[76.5293,20.575]}},{"type":"Feature","properties":{"id":8541,"storage_mcm":2023.0,"grand_id":5002,"qa":"C1"},"geometry":{"type":"Point","coordinates":[75.6355,13.6981]}},{"type":"Feature","properties":{"id":8542,"storage_mcm":null,"grand_id":null,"qa":"C2"},"geometry":{"type":"Point","coordinates":[74.5827,18.8036]}},{"type":"Feature","properties":{"id":8543,"storage_mcm":null,"grand_id":null,"qa":"C2"},"geometry":{"type":"Point","coordinates":[77.4967,20.3411]}},{"type":"Feature","properties":{"id":8544,"storage_mcm":null,"grand_id":null,"qa":"C2"},"geometry":{"type":"Point","coordinates":[77.5397,11.1085]}},{"type":"Feature","properties":{"id":8545,"storage_mcm":null,"grand_id":null,"qa":"C5"},"geometry":{"type":"Point","coordinates":[74.1869,34.1451]}},{"type":"Feature","properties":{"id":8546,"storage_mcm":null,"grand_id":null,"qa":"C2"},"geometry":{"type":"Point","coordinates":[79.5484,21.4282]}},{"type":"Feature","properties":{"id":8547,"storage_mcm":552.7,"grand_id":5013,"qa":"C2"},"geometry":{"type":"Point","coordinates":[76.3509,11.9693]}},{"type":"Feature","properties":{"id":8548,"storage_mcm":null,"grand_id":null,"qa":"C2"},"geometry":{"type":"Point","coordinates":[74.79,17.1031]}},{"type":"Feature","properties":{"id":8549,"storage_mcm":null,"grand_id":null,"qa":"C3"},"geometry":{"type":"Point","coordinates":[78.4697,17.5241]}},{"type":"Feature","properties":{"id":8550,"storage_mcm":null,"grand_id":null,"qa":"C1"},"geometry":{"type":"Point","coordinates":[78.9387,21.1573]}},{"type":"Feature","properties":{"id":8551,"storage_mcm":62.6,"grand_id":4721,"qa":"C1"},"geometry":{"type":"Point","coordinates":[73.337,25.734]}},{"type":"Feature","properties":{"id":8552,"storage_mcm":null,"grand_id":null,"qa":"C2"},"geometry":{"type":"Point","coordinates":[80.169,20.7995]}},{"type":"Feature","properties":{"id":8553,"storage_mcm":null,"grand_id":null,"qa":"C2"},"geometry":{"type":"Point","coordinates":[74.4241,19.174]}},{"type":"Feature","properties":{"id":8554,"storage_mcm":null,"grand_id":null,"qa":"C1"},"geometry":{"type":"Point","coordinates":[70.0492,22.3353]}},{"type":"Feature","properties":{"id":8555,"storage_mcm":101.2,"grand_id":5022,"qa":"C2"},"geometry":{"type":"Point","coordinates":[76.5243,11.2302]}},{"type":"Feature","properties":{"id":8556,"storage_mcm":null,"grand_id":null,"qa":"C2"},"geometry":{"type":"Point","coordinates":[76.8791,12.9358]}},{"type":"Feature","properties":{"id":8557,"storage_mcm":null,"grand_id":null,"qa":"C1"},"geometry":{"type":"Point","coordinates":[76.9799,20.1005]}},{"type":"Feature","properties":{"id":8558,"storage_mcm":null,"grand_id":null,"qa":"C2"},"geometry":{"type":"Point","coordinates":[79.1259,21.4203]}},{"type":"Feature","properties":{"id":8559,"storage_mcm":null,"grand_id":null,"qa":"C2"},"geometry":{"type":"Point","coordinates":[80.0567,16.7708]}},{"type":"Feature","properties":{"id":8560,"storage_mcm":null,"grand_id":null,"qa":"C1"},"geometry":{"type":"Point","coordinates":[84.5614,23.2072]}},{"type":"Feature","properties":{"id":8561,"storage_mcm":null,"grand_id":null,"qa":"C2"},"geometry":{"type":"Point","coordinates":[73.3134,21.3982]}},{"type":"Feature","properties":{"id":8562,"storage_mcm":null,"grand_id":null,"qa":"C2"},"geometry":{"type":"Point","coordinates":[73.656,22.3394]}},{"type":"Feature","properties":{"id":8563,"storage_mcm":null,"grand_id":null,"qa":"C2"},"geometry":{"type":"Point","coordinates":[74.1897,18.3031]}},{"type":"Feature","properties":{"id":8564,"storage_mcm":null,"grand_id":null,"qa":"C2"},"geometry":{"type":"Point","coordinates":[82.487,21.5316]}},{"type":"Feature","properties":{"id":8565,"storage_mcm":1215.0,"grand_id":4949,"qa":"C1"},"geometry":{"type":"Point","coordinates":[82.6032,18.7885]}},{"type":"Feature","properties":{"id":8566,"storage_mcm":null,"grand_id":null,"qa":"C2"},"geometry":{"type":"Point","coordinates":[76.6593,20.4601]}},{"type":"Feature","properties":{"id":8567,"storage_mcm":null,"grand_id":null,"qa":"C1"},"geometry":{"type":"Point","coordinates":[76.308,10.6357]}},{"type":"Feature","properties":{"id":8568,"storage_mcm":null,"grand_id":null,"qa":"C1"},"geometry":{"type":"Point","coordinates":[78.1838,12.4782]}},{"type":"Feature","properties":{"id":8569,"storage_mcm":null,"grand_id":null,"qa":"C2"},"geometry":{"type":"Point","coordinates":[76.2156,17.6168]}},{"type":"Feature","properties":{"id":8570,"storage_mcm":null,"grand_id":null,"qa":"C2"},"geometry":{"type":"Point","coordinates":[74.1695,17.9936]}},{"type":"Feature","properties":{"id":8571,"storage_mcm":null,"grand_id":null,"qa":"C2"},"geometry":{"type":"Point","coordinates":[73.6275,24.027]}},{"type":"Feature","properties":{"id":8572,"storage_mcm":null,"grand_id":null,"qa":"C2"},"geometry":{"type":"Point","coordinates":[78.4066,21.5933]}},{"type":"Feature","properties":{"id":8573,"storage_mcm":111.0,"grand_id":5011,"qa":"C2"},"geometry":{"type":"Point","coordinates":[76.2586,12.0385]}},{"type":"Feature","properties":{"id":8574,"storage_mcm":null,"grand_id":null,"qa":"C1"},"geometry":{"type":"Point","coordinates":[86.5229,25.1364]}},{"type":"Feature","properties":{"id":8575,"storage_mcm":null,"grand_id":null,"qa":"C2"},"geometry":{"type":"Point","coordinates":[80.8331,22.0275]}},{"type":"Feature","properties":{"id":8576,"storage_mcm":408.2,"grand_id":4759,"qa":"C2"},"geometry":{"type":"Point","coordinates":[73.5683,18.8658]}},{"type":"Feature","properties":{"id":8577,"storage_mcm":null,"grand_id":null,"qa":"C2"},"geometry":{"type":"Point","coordinates":[75.759,13.6735]}},{"type":"Feature","properties":{"id":8578,"storage_mcm":null,"grand_id":null,"qa":"C2"},"geometry":{"type":"Point","coordinates":[76.4638,21.0686]}},{"type":"Feature","properties":{"id":8579,"storage_mcm":null,"grand_id":null,"qa":"C2"},"geometry":{"type":"Point","coordinates":[73.5906,19.6351]}},{"type":"Feature","properties":{"id":8580,"storage_mcm":null,"grand_id":null,"qa":"C2"},"geometry":{"type":"Point","coordinates":[86.0638,22.4834]}},{"type":"Feature","properties":{"id":8581,"storage_mcm":null,"grand_id":null,"qa":"C2"},"geometry":{"type":"Point","coordinates":[74.3426,17.4842]}},{"type":"Feature","properties":{"id":8582,"storage_mcm":null,"grand_id":null,"qa":"C2"},"geometry":{"type":"Point","coordinates":[74.303,15.7889]}},{"type":"Feature","properties":{"id":8583,"storage_mcm":null,"grand_id":null,"qa":"C2"},"geometry":{"type":"Point","coordinates":[78.5249,20.3163]}},{"type":"Feature","properties":{"id":8584,"storage_mcm":null,"grand_id":null,"qa":"C2"},"geometry":{"type":"Point","coordinates":[80.3345,21.1527]}},{"type":"Feature","properties":{"id":8585,"storage_mcm":null,"grand_id":null,"qa":"C2"},"geometry":{"type":"Point","coordinates":[83.7225,24.8443]}},{"type":"Feature","properties":{"id":8586,"storage_mcm":null,"grand_id":null,"qa":"C2"},"geometry":{"type":"Point","coordinates":[73.2462,18.9258]}},{"type":"Feature","properties":{"id":8587,"storage_mcm":150.0,"grand_id":4975,"qa":"C1"},"geometry":{"type":"Point","coordinates":[77.0176,17.4473]}},{"type":"Feature","properties":{"id":8588,"storage_mcm":null,"grand_id":null,"qa":"C1"},"geometry":{"type":"Point","coordinates":[77.0414,19.5271]}},{"type":"Feature","properties":{"id":8589,"storage_mcm":null,"grand_id":null,"qa":"C1"},"geometry":{"type":"Point","coordinates":[76.0684,20.468]}},{"type":"Feature","properties":{"id":8590,"storage_mcm":null,"grand_id":null,"qa":"C1"},"geometry":{"type":"Point","coordinates":[81.7765,16.9367]}},{"type":"Feature","properties":{"id":8591,"storage_mcm":null,"grand_id":null,"qa":"C1"},"geometry":{"type":"Point","coordinates":[79.1408,13.833]}},{"type":"Feature","properties":{"id":8592,"storage_mcm":51.0,"grand_id":5018,"qa":"C2"},"geometry":{"type":"Point","coordinates":[76.5639,11.4087]}},{"type":"Feature","properties":{"id":8593,"storage_mcm":null,"grand_id":null,"qa":"C1"},"geometry":{"type":"Point","coordinates":[81.8682,24.3985]}},{"type":"Feature","properties":{"id":8594,"storage_mcm":null,"grand_id":null,"qa":"C2"},"geometry":{"type":"Point","coordinates":[78.8065,21.4037]}},{"type":"Feature","properties":{"id":8595,"storage_mcm":null,"grand_id":null,"qa":"C1"},"geometry":{"type":"Point","coordinates":[77.7652,25.9771]}},{"type":"Feature","properties":{"id":8596,"storage_mcm":null,"grand_id":null,"qa":"C2"},"geometry":{"type":"Point","coordinates":[73.6676,17.0013]}},{"type":"Feature","properties":{"id":8597,"storage_mcm":null,"grand_id":null,"qa":"C2"},"geometry":{"type":"Point","coordinates":[75.2089,20.0617]}},{"type":"Feature","properties":{"id":8598,"storage_mcm":null,"grand_id":null,"qa":"C2"},"geometry":{"type":"Point","coordinates":[73.9059,19.263]}},{"type":"Feature","properties":{"id":8599,"storage_mcm":null,"grand_id":null,"qa":"C2"},"geometry":{"type":"Point","coordinates":[77.9178,20.3008]}},{"type":"Feature","properties":{"id":8600,"storage_mcm":1068.0,"grand_id":4992,"qa":"C2"},"geometry":{"type":"Point","coordinates":[75.0937,15.8185]}},{"type":"Feature","properties":{"id":8601,"storage_mcm":null,"grand_id":null,"qa":"C1"},"geometry":{"type":"Point","coordinates":[74.987,15.3173]}},{"type":"Feature","properties":{"id":8602,"storage_mcm":238.0,"grand_id":4735,"qa":"C2"},"geometry":{"type":"Point","coordinates":[70.769,21.8146]}},{"type":"Feature","properties":{"id":8603,"storage_mcm":null,"grand_id":null,"qa":"C2"},"geometry":{"type":"Point","coordinates":[77.1421,9.3255]}},{"type":"Feature","properties":{"id":8604,"storage_mcm":null,"grand_id":null,"qa":"C2"},"geometry":{"type":"Point","coordinates":[78.8687,20.9491]}},{"type":"Feature","properties":{"id":8605,"storage_mcm":null,"grand_id":null,"qa":"C2"},"geometry":{"type":"Point","coordinates":[76.6803,20.1262]}},{"type":"Feature","properties":{"id":8606,"storage_mcm":null,"grand_id":null,"qa":"C2"},"geometry":{"type":"Point","coordinates":[74.9341,20.101]}},{"type":"Feature","properties":{"id":8607,"storage_mcm":19.3,"grand_id":4910,"qa":"C2"},"geometry":{"type":"Point","coordinates":[85.9301,21.1998]}},{"type":"Feature","properties":{"id":8608,"storage_mcm":null,"grand_id":null,"qa":"C1"},"geometry":{"type":"Point","coordinates":[77.2989,14.7909]}},{"type":"Feature","properties":{"id":8609,"storage_mcm":null,"grand_id":null,"qa":"C2"},"geometry":{"type":"Point","coordinates":[76.9276,21.5094]}},{"type":"Feature","properties":{"id":8610,"storage_mcm":194.8,"grand_id":5039,"qa":"C2"},"geometry":{"type":"Point","coordinates":[77.5844,10.0496]}},{"type":"Feature","properties":{"id":8611,"storage_mcm":null,"grand_id":null,"qa":"C2"},"geometry":{"type":"Point","coordinates":[73.0125,19.4704]}},{"type":"Feature","properties":{"id":8612,"storage_mcm":null,"grand_id":null,"qa":"C2"},"geometry":{"type":"Point","coordinates":[91.8033,26.0034]}},{"type":"Feature","properties":{"id":8613,"storage_mcm":null,"grand_id":null,"qa":"C2"},"geometry":{"type":"Point","coordinates":[75.8951,18.3698]}},{"type":"Feature","properties":{"id":8614,"storage_mcm":null,"grand_id":null,"qa":"C2"},"geometry":{"type":"Point","coordinates":[72.918,19.191]}},{"type":"Feature","properties":{"id":8615,"storage_mcm":null,"grand_id":null,"qa":"C2"},"geometry":{"type":"Point","coordinates":[71.7745,21.4838]}},{"type":"Feature","properties":{"id":8616,"storage_mcm":308.1,"grand_id":4755,"qa":"C2"},"geometry":{"type":"Point","coordinates":[73.8132,19.2357]}},{"type":"Feature","properties":{"id":8617,"storage_mcm":null,"grand_id":null,"qa":"C2"},"geometry":{"type":"Point","coordinates":[77.0575,18.5557]}},{"type":"Feature","properties":{"id":8618,"storage_mcm":null,"grand_id":null,"qa":"C1"},"geometry":{"type":"Point","coordinates":[78.554,20.7608]}},{"type":"Feature","properties":{"id":8619,"storage_mcm":null,"grand_id":null,"qa":"C2"},"geometry":{"type":"Point","coordinates":[76.3659,20.0093]}},{"type":"Feature","properties":{"id":8620,"storage_mcm":null,"grand_id":null,"qa":"C2"},"geometry":{"type":"Point","coordinates":[79.0009,21.5231]}},{"type":"Feature","properties":{"id":8621,"storage_mcm":null,"grand_id":null,"qa":"C2"},"geometry":{"type":"Point","coordinates":[73.7795,20.2904]}},{"type":"Feature","properties":{"id":8622,"storage_mcm":null,"grand_id":null,"qa":"C2"},"geometry":{"type":"Point","coordinates":[77.4788,23.0217]}},{"type":"Feature","properties":{"id":8623,"storage_mcm":null,"grand_id":null,"qa":"C1"},"geometry":{"type":"Point","coordinates":[76.3218,22.6171]}},{"type":"Feature","properties":{"id":8624,"storage_mcm":null,"grand_id":null,"qa":"C1"},"geometry":{"type":"Point","coordinates":[76.2841,20.6408]}},{"type":"Feature","properties":{"id":8625,"storage_mcm":null,"grand_id":null,"qa":"C2"},"geometry":{"type":"Point","coordinates":[78.1144,19.6038]}},{"type":"Feature","properties":{"id":8626,"storage_mcm":null,"grand_id":null,"qa":"C2"},"geometry":{"type":"Point","coordinates":[79.2697,13.6595]}},{"type":"Feature","properties":{"id":8627,"storage_mcm":4178.0,"grand_id":4776,"qa":"C2"},"geometry":{"type":"Point","coordinates":[74.5256,15.2764]}},{"type":"Feature","properties":{"id":8628,"storage_mcm":null,"grand_id":null,"qa":"C2"},"geometry":{"type":"Point","coordinates":[77.1177,21.203]}},{"type":"Feature","properties":{"id":8629,"storage_mcm":406.3,"grand_id":4801,"qa":"C1"},"geometry":{"type":"Point","coordinates":[80.1085,28.7626]}},{"type":"Feature","properties":{"id":8630,"storage_mcm":null,"grand_id":null,"qa":"C2"},"geometry":{"type":"Point","coordinates":[73.8017,16.9455]}},{"type":"Feature","properties":{"id":8631,"storage_mcm":null,"grand_id":null,"qa":"C2"},"geometry":{"type":"Point","coordinates":[76.1569,19.8331]}},{"type":"Feature","properties":{"id":8632,"storage_mcm":null,"grand_id":null,"qa":"C1"},"geometry":{"type":"Point","coordinates":[80.2827,21.5461]}},{"type":"Feature","properties":{"id":8633,"storage_mcm":null,"grand_id":null,"qa":"C1"},"geometry":{"type":"Point","coordinates":[78.1408,20.3315]}},{"type":"Feature","properties":{"id":8634,"storage_mcm":null,"grand_id":null,"qa":"C2"},"geometry":{"type":"Point","coordinates":[81.7691,17.388]}},{"type":"Feature","properties":{"id":8635,"storage_mcm":null,"grand_id":null,"qa":"C2"},"geometry":{"type":"Point","coordinates":[76.6636,18.7512]}},{"type":"Feature","properties":{"id":8636,"storage_mcm":null,"grand_id":null,"qa":"C2"},"geometry":{"type":"Point","coordinates":[78.1971,21.5302]}},{"type":"Feature","properties":{"id":8637,"storage_mcm":37.4,"grand_id":4762,"qa":"C2"},"geometry":{"type":"Point","coordinates":[73.6124,18.3871]}},{"type":"Feature","properties":{"id":8638,"storage_mcm":null,"grand_id":null,"qa":"C2"},"geometry":{"type":"Point","coordinates":[73.9308,16.1226]}},{"type":"Feature","properties":{"id":8639,"storage_mcm":29.0,"grand_id":4897,"qa":"C2"},"geometry":{"type":"Point","coordinates":[79.8099,21.5193]}},{"type":"Feature","properties":{"id":8640,"storage_mcm":null,"grand_id":null,"qa":"C2"},"geometry":{"type":"Point","coordinates":[76.2634,21.587]}},{"type":"Feature","properties":{"id":8641,"storage_mcm":2.2,"grand_id":4914,"qa":"C2"},"geometry":{"type":"Point","coordinates":[79.0435,21.1273]}},{"type":"Feature","properties":{"id":8642,"storage_mcm":null,"grand_id":null,"qa":"C2"},"geometry":{"type":"Point","coordinates":[73.2804,18.866]}},{"type":"Feature","properties":{"id":8643,"storage_mcm":409.0,"grand_id":4754,"qa":"C2"},"geometry":{"type":"Point","coordinates":[73.8799,19.3107]}},{"type":"Feature","properties":{"id":8644,"storage_mcm":null,"grand_id":null,"qa":"C1"},"geometry":{"type":"Point","coordinates":[79.6611,21.4968]}},{"type":"Feature","properties":{"id":8645,"storage_mcm":null,"grand_id":null,"qa":"C2"},"geometry":{"type":"Point","coordinates":[70.634,21.6252]}},{"type":"Feature","properties":{"id":8646,"storage_mcm":7.7,"grand_id":4967,"qa":"C1"},"geometry":{"type":"Point","coordinates":[77.3162,17.8876]}},{"type":"Feature","properties":{"id":8647,"storage_mcm":null,"grand_id":null,"qa":"C1"},"geometry":{"type":"Point","coordinates":[78.7837,13.0465]}},{"type":"Feature","properties":{"id":8648,"storage_mcm":null,"grand_id":null,"qa":"C1"},"geometry":{"type":"Point","coordinates":[76.4393,32.4732]}},{"type":"Feature","properties":{"id":8649,"storage_mcm":507.0,"grand_id":4888,"qa":""},"geometry":{"type":"Point","coordinates":[79.6521,22.3771]}},{"type":"Feature","properties":{"id":8650,"storage_mcm":null,"grand_id":null,"qa":"C2"},"geometry":{"type":"Point","coordinates":[76.6945,21.3545]}},{"type":"Feature","properties":{"id":8651,"storage_mcm":null,"grand_id":null,"qa":"C1"},"geometry":{"type":"Point","coordinates":[79.1238,20.7283]}},{"type":"Feature","properties":{"id":8652,"storage_mcm":null,"grand_id":null,"qa":"C1"},"geometry":{"type":"Point","coordinates":[70.8506,22.2604]}},{"type":"Feature","properties":{"id":8653,"storage_mcm":null,"grand_id":null,"qa":"C2"},"geometry":{"type":"Point","coordinates":[73.8581,25.7497]}},{"type":"Feature","properties":{"id":8654,"storage_mcm":null,"grand_id":null,"qa":"C2"},"geometry":{"type":"Point","coordinates":[76.5305,20.6578]}},{"type":"Feature","properties":{"id":8655,"storage_mcm":null,"grand_id":null,"qa":"C2"},"geometry":{"type":"Point","coordinates":[80.1766,21.3309]}},{"type":"Feature","properties":{"id":8656,"storage_mcm":null,"grand_id":null,"qa":"C2"},"geometry":{"type":"Point","coordinates":[77.0147,10.4373]}},{"type":"Feature","properties":{"id":8657,"storage_mcm":null,"grand_id":null,"qa":"C1"},"geometry":{"type":"Point","coordinates":[77.0687,31.6719]}},{"type":"Feature","properties":{"id":8658,"storage_mcm":null,"grand_id":null,"qa":"C2"},"geometry":{"type":"Point","coordinates":[86.1485,22.3999]}},{"type":"Feature","properties":{"id":8659,"storage_mcm":null,"grand_id":null,"qa":"C2"},"geometry":{"type":"Point","coordinates":[75.2182,17.616]}},{"type":"Feature","properties":{"id":8660,"storage_mcm":null,"grand_id":null,"qa":"C2"},"geometry":{"type":"Point","coordinates":[75.9684,27.5907]}},{"type":"Feature","properties":{"id":8661,"storage_mcm":null,"grand_id":null,"qa":"C2"},"geometry":{"type":"Point","coordinates":[73.6967,16.2022]}},{"type":"Feature","properties":{"id":8662,"storage_mcm":null,"grand_id":null,"qa":"C2"},"geometry":{"type":"Point","coordinates":[76.8447,13.7117]}},{"type":"Feature","properties":{"id":8663,"storage_mcm":null,"grand_id":null,"qa":"C2"},"geometry":{"type":"Point","coordinates":[76.2191,20.1957]}},{"type":"Feature","properties":{"id":8664,"storage_mcm":null,"grand_id":null,"qa":"C2"},"geometry":{"type":"Point","coordinates":[74.2451,16.6295]}},{"type":"Feature","properties":{"id":8665,"storage_mcm":null,"grand_id":null,"qa":"C1"},"geometry":{"type":"Point","coordinates":[74.723,19.937]}},{"type":"Feature","properties":{"id":8666,"storage_mcm":null,"grand_id":null,"qa":"C2"},"geometry":{"type":"Point","coordinates":[73.6887,26.2222]}},{"type":"Feature","properties":{"id":8667,"storage_mcm":null,"grand_id":null,"qa":"C2"},"geometry":{"type":"Point","coordinates":[77.3166,18.8381]}},{"type":"Feature","properties":{"id":8668,"storage_mcm":null,"grand_id":null,"qa":"C2"},"geometry":{"type":"Point","coordinates":[78.0852,15.185]}},{"type":"Feature","properties":{"id":8669,"storage_mcm":null,"grand_id":null,"qa":"C2"},"geometry":{"type":"Point","coordinates":[73.1568,17.6378]}},{"type":"Feature","properties":{"id":8670,"storage_mcm":null,"grand_id":null,"qa":"C2"},"geometry":{"type":"Point","coordinates":[73.6087,19.2577]}},{"type":"Feature","properties":{"id":8671,"storage_mcm":61.2,"grand_id":4971,"qa":"C2"},"geometry":{"type":"Point","coordinates":[75.9069,17.7271]}},{"type":"Feature","properties":{"id":8672,"storage_mcm":null,"grand_id":null,"qa":"C2"},"geometry":{"type":"Point","coordinates":[70.4846,22.7147]}},{"type":"Feature","properties":{"id":8673,"storage_mcm":73.4,"grand_id":5017,"qa":"C2"},"geometry":{"type":"Point","coordinates":[79.1003,11.4203]}},{"type":"Feature","properties":{"id":8674,"storage_mcm":null,"grand_id":null,"qa":"C1"},"geometry":{"type":"Point","coordinates":[79.4583,24.9697]}},{"type":"Feature","properties":{"id":8675,"storage_mcm":47.9,"grand_id":4767,"qa":"C2"},"geometry":{"type":"Point","coordinates":[74.8781,17.5907]}},{"type":"Feature","properties":{"id":8676,"storage_mcm":null,"grand_id":null,"qa":"C4"},"geometry":{"type":"Point","coordinates":[78.1935,19.2467]}},{"type":"Feature","properties":{"id":8677,"storage_mcm":null,"grand_id":null,"qa":"C2"},"geometry":{"type":"Point","coordinates":[74.0135,20.3051]}},{"type":"Feature","properties":{"id":8678,"storage_mcm":null,"grand_id":null,"qa":"C1"},"geometry":{"type":"Point","coordinates":[75.191,18.8746]}},{"type":"Feature","properties":{"id":8679,"storage_mcm":null,"grand_id":null,"qa":"C2"},"geometry":{"type":"Point","coordinates":[78.0352,20.8638]}},{"type":"Feature","properties":{"id":8680,"storage_mcm":null,"grand_id":null,"qa":"C2"},"geometry":{"type":"Point","coordinates":[75.9265,18.2625]}},{"type":"Feature","properties":{"id":8681,"storage_mcm":null,"grand_id":null,"qa":"C1"},"geometry":{"type":"Point","coordinates":[79.0269,25.4243]}},{"type":"Feature","properties":{"id":8682,"storage_mcm":null,"grand_id":null,"qa":"C1"},"geometry":{"type":"Point","coordinates":[77.3111,24.0668]}},{"type":"Feature","properties":{"id":8683,"storage_mcm":null,"grand_id":null,"qa":"C2"},"geometry":{"type":"Point","coordinates":[72.8537,24.0043]}},{"type":"Feature","properties":{"id":8684,"storage_mcm":null,"grand_id":null,"qa":"C2"},"geometry":{"type":"Point","coordinates":[73.3834,19.9173]}},{"type":"Feature","properties":{"id":8685,"storage_mcm":3670.0,"grand_id":4791,"qa":"C1"},"geometry":{"type":"Point","coordinates":[75.7303,32.448]}},{"type":"Feature","properties":{"id":8686,"storage_mcm":null,"grand_id":null,"qa":"C2"},"geometry":{"type":"Point","coordinates":[78.5348,20.9376]}},{"type":"Feature","properties":{"id":8687,"storage_mcm":152.7,"grand_id":5037,"qa":"C2"},"geometry":{"type":"Point","coordinates":[76.8811,10.2984]}},{"type":"Feature","properties":{"id":8688,"storage_mcm":null,"grand_id":null,"qa":"C2"},"geometry":{"type":"Point","coordinates":[77.3484,9.6348]}},{"type":"Feature","properties":{"id":8689,"storage_mcm":null,"grand_id":null,"qa":"C1"},"geometry":{"type":"Point","coordinates":[78.1008,20.4549]}},{"type":"Feature","properties":{"id":8690,"storage_mcm":68.0,"grand_id":4742,"qa":"C2"},"geometry":{"type":"Point","coordinates":[73.8729,20.2813]}},{"type":"Feature","properties":{"id":8691,"storage_mcm":null,"grand_id":null,"qa":"C2"},"geometry":{"type":"Point","coordinates":[76.7142,30.9012]}},{"type":"Feature","properties":{"id":8692,"storage_mcm":250.8,"grand_id":4941,"qa":"C2"},"geometry":{"type":"Point","coordinates":[76.955,19.5913]}},{"type":"Feature","properties":{"id":8693,"storage_mcm":null,"grand_id":null,"qa":"C1"},"geometry":{"type":"Point","coordinates":[80.9869,23.7772]}},{"type":"Feature","properties":{"id":8694,"storage_mcm":null,"grand_id":null,"qa":"C2"},"geometry":{"type":"Point","coordinates":[74.3779,21.1538]}},{"type":"Feature","properties":{"id":8695,"storage_mcm":null,"grand_id":null,"qa":"C2"},"geometry":{"type":"Point","coordinates":[72.1335,21.6959]}},{"type":"Feature","properties":{"id":8696,"storage_mcm":null,"grand_id":null,"qa":"C2"},"geometry":{"type":"Point","coordinates":[73.4007,17.9083]}},{"type":"Feature","properties":{"id":8697,"storage_mcm":null,"grand_id":null,"qa":"C2"},"geometry":{"type":"Point","coordinates":[76.405,20.5929]}},{"type":"Feature","properties":{"id":8698,"storage_mcm":null,"grand_id":null,"qa":"C1"},"geometry":{"type":"Point","coordinates":[78.6714,22.3506]}},{"type":"Feature","properties":{"id":8699,"storage_mcm":null,"grand_id":null,"qa":"C2"},"geometry":{"type":"Point","coordinates":[71.3692,22.5761]}},{"type":"Feature","properties":{"id":8700,"storage_mcm":null,"grand_id":null,"qa":"C2"},"geometry":{"type":"Point","coordinates":[77.1988,12.0864]}},{"type":"Feature","properties":{"id":8701,"storage_mcm":null,"grand_id":null,"qa":"C2"},"geometry":{"type":"Point","coordinates":[77.8789,20.805]}},{"type":"Feature","properties":{"id":8702,"storage_mcm":null,"grand_id":null,"qa":"C2"},"geometry":{"type":"Point","coordinates":[74.5255,20.3293]}},{"type":"Feature","properties":{"id":8703,"storage_mcm":null,"grand_id":null,"qa":"C2"},"geometry":{"type":"Point","coordinates":[69.7064,22.2721]}},{"type":"Feature","properties":{"id":8704,"storage_mcm":null,"grand_id":null,"qa":"C2"},"geometry":{"type":"Point","coordinates":[75.8772,25.0029]}},{"type":"Feature","properties":{"id":8705,"storage_mcm":null,"grand_id":null,"qa":"C2"},"geometry":{"type":"Point","coordinates":[75.7582,26.4127]}},{"type":"Feature","properties":{"id":8706,"storage_mcm":null,"grand_id":null,"qa":"C2"},"geometry":{"type":"Point","coordinates":[79.0617,20.4347]}},{"type":"Feature","properties":{"id":8707,"storage_mcm":null,"grand_id":null,"qa":"C1"},"geometry":{"type":"Point","coordinates":[77.7538,24.0271]}},{"type":"Feature","properties":{"id":8708,"storage_mcm":556.3,"grand_id":4857,"qa":"C2"},"geometry":{"type":"Point","coordinates":[85.5187,24.3225]}},{"type":"Feature","properties":{"id":8709,"storage_mcm":null,"grand_id":null,"qa":"C2"},"geometry":{"type":"Point","coordinates":[70.2575,22.3797]}},{"type":"Feature","properties":{"id":8710,"storage_mcm":null,"grand_id":null,"qa":"C1"},"geometry":{"type":"Point","coordinates":[78.5214,21.0992]}},{"type":"Feature","properties":{"id":8711,"storage_mcm":null,"grand_id":null,"qa":"C1"},"geometry":{"type":"Point","coordinates":[78.8478,12.1844]}},{"type":"Feature","properties":{"id":8712,"storage_mcm":null,"grand_id":null,"qa":"C2"},"geometry":{"type":"Point","coordinates":[83.8871,19.3148]}},{"type":"Feature","properties":{"id":8713,"storage_mcm":null,"grand_id":null,"qa":"C2"},"geometry":{"type":"Point","coordinates":[79.0411,20.5582]}},{"type":"Feature","properties":{"id":8714,"storage_mcm":null,"grand_id":null,"qa":"C2"},"geometry":{"type":"Point","coordinates":[76.4749,20.2696]}},{"type":"Feature","properties":{"id":8715,"storage_mcm":null,"grand_id":null,"qa":"C1"},"geometry":{"type":"Point","coordinates":[76.7725,21.1831]}},{"type":"Feature","properties":{"id":8716,"storage_mcm":29.6,"grand_id":4745,"qa":"C1"},"geometry":{"type":"Point","coordinates":[73.6854,20.1146]}},{"type":"Feature","properties":{"id":8717,"storage_mcm":1095.8,"grand_id":4812,"qa":"C2"},"geometry":{"type":"Point","coordinates":[75.4587,25.9245]}},{"type":"Feature","properties":{"id":8718,"storage_mcm":null,"grand_id":null,"qa":"C1"},"geometry":{"type":"Point","coordinates":[82.459,17.6489]}},{"type":"Feature","properties":{"id":8719,"storage_mcm":null,"grand_id":null,"qa":"C2"},"geometry":{"type":"Point","coordinates":[71.3698,21.1991]}},{"type":"Feature","properties":{"id":8720,"storage_mcm":null,"grand_id":null,"qa":"C2"},"geometry":{"type":"Point","coordinates":[69.3563,23.0601]}},{"type":"Feature","properties":{"id":8721,"storage_mcm":null,"grand_id":null,"qa":"C1"},"geometry":{"type":"Point","coordinates":[77.1461,8.5351]}},{"type":"Feature","properties":{"id":8722,"storage_mcm":null,"grand_id":null,"qa":"C2"},"geometry":{"type":"Point","coordinates":[79.3433,13.7191]}},{"type":"Feature","properties":{"id":8723,"storage_mcm":null,"grand_id":null,"qa":"C1"},"geometry":{"type":"Point","coordinates":[76.4394,18.3096]}},{"type":"Feature","properties":{"id":8724,"storage_mcm":566.0,"grand_id":4726,"qa":"C1"},"geometry":{"type":"Point","coordinates":[73.9573,24.2449]}},{"type":"Feature","properties":{"id":8725,"storage_mcm":null,"grand_id":null,"qa":"C1"},"geometry":{"type":"Point","coordinates":[70.404,22.4057]}},{"type":"Feature","properties":{"id":8726,"storage_mcm":null,"grand_id":null,"qa":"C2"},"geometry":{"type":"Point","coordinates":[76.8978,12.9462]}},{"type":"Feature","properties":{"id":8727,"storage_mcm":null,"grand_id":null,"qa":"C2"},"geometry":{"type":"Point","coordinates":[77.4049,9.414]}},{"type":"Feature","properties":{"id":8728,"storage_mcm":null,"grand_id":null,"qa":"C1"},"geometry":{"type":"Point","coordinates":[80.2642,21.1627]}},{"type":"Feature","properties":{"id":8729,"storage_mcm":null,"grand_id":null,"qa":"C2"},"geometry":{"type":"Point","coordinates":[84.7979,20.3512]}},{"type":"Feature","properties":{"id":8730,"storage_mcm":null,"grand_id":null,"qa":"C2"},"geometry":{"type":"Point","coordinates":[74.2363,16.3942]}},{"type":"Feature","properties":{"id":8731,"storage_mcm":83.5,"grand_id":4851,"qa":"C2"},"geometry":{"type":"Point","coordinates":[78.5938,24.5223]}},{"type":"Feature","properties":{"id":8732,"storage_mcm":null,"grand_id":null,"qa":"C1"},"geometry":{"type":"Point","coordinates":[77.8846,26.0418]}},{"type":"Feature","properties":{"id":8733,"storage_mcm":null,"grand_id":null,"qa":"C2"},"geometry":{"type":"Point","coordinates":[73.8948,22.4482]}},{"type":"Feature","properties":{"id":8734,"storage_mcm":null,"grand_id":null,"qa":"C2"},"geometry":{"type":"Point","coordinates":[78.5703,20.1872]}},{"type":"Feature","properties":{"id":8735,"storage_mcm":null,"grand_id":null,"qa":"C2"},"geometry":{"type":"Point","coordinates":[73.4364,17.7554]}},{"type":"Feature","properties":{"id":8736,"storage_mcm":null,"grand_id":null,"qa":"C2"},"geometry":{"type":"Point","coordinates":[73.6853,24.5919]}},{"type":"Feature","properties":{"id":8737,"storage_mcm":312.3,"grand_id":4924,"qa":"C1"},"geometry":{"type":"Point","coordinates":[81.1979,20.702]}},{"type":"Feature","properties":{"id":8738,"storage_mcm":null,"grand_id":null,"qa":"C2"},"geometry":{"type":"Point","coordinates":[76.2552,20.134]}},{"type":"Feature","properties":{"id":8739,"storage_mcm":null,"grand_id":null,"qa":"C2"},"geometry":{"type":"Point","coordinates":[73.9308,16.6178]}},{"type":"Feature","properties":{"id":8740,"storage_mcm":null,"grand_id":null,"qa":"C2"},"geometry":{"type":"Point","coordinates":[73.9734,20.6517]}},{"type":"Feature","properties":{"id":8741,"storage_mcm":null,"grand_id":null,"qa":"C2"},"geometry":{"type":"Point","coordinates":[70.9131,21.4639]}},{"type":"Feature","properties":{"id":8742,"storage_mcm":null,"grand_id":null,"qa":"C2"},"geometry":{"type":"Point","coordinates":[75.0522,25.1692]}},{"type":"Feature","properties":{"id":8743,"storage_mcm":null,"grand_id":null,"qa":"C2"},"geometry":{"type":"Point","coordinates":[78.5938,20.2687]}},{"type":"Feature","properties":{"id":8744,"storage_mcm":null,"grand_id":null,"qa":"C1"},"geometry":{"type":"Point","coordinates":[78.4292,21.2139]}},{"type":"Feature","properties":{"id":8745,"storage_mcm":2210.0,"grand_id":4997,"qa":"C1"},"geometry":{"type":"Point","coordinates":[79.3046,14.4882]}},{"type":"Feature","properties":{"id":8746,"storage_mcm":null,"grand_id":null,"qa":"C2"},"geometry":{"type":"Point","coordinates":[73.481,17.9792]}},{"type":"Feature","properties":{"id":8747,"storage_mcm":null,"grand_id":null,"qa":"C2"},"geometry":{"type":"Point","coordinates":[73.4574,18.8108]}},{"type":"Feature","properties":{"id":8748,"storage_mcm":156.1,"grand_id":4948,"qa":"C2"},"geometry":{"type":"Point","coordinates":[77.4134,8.6535]}},{"type":"Feature","properties":{"id":8749,"storage_mcm":null,"grand_id":null,"qa":"C2"},"geometry":{"type":"Point","coordinates":[70.8256,21.6773]}},{"type":"Feature","properties":{"id":8750,"storage_mcm":null,"grand_id":null,"qa":"C2"},"geometry":{"type":"Point","coordinates":[80.453,21.1766]}},{"type":"Feature","properties":{"id":8751,"storage_mcm":null,"grand_id":null,"qa":"C1"},"geometry":{"type":"Point","coordinates":[77.956,21.0935]}},{"type":"Feature","properties":{"id":8752,"storage_mcm":null,"grand_id":null,"qa":"C2"},"geometry":{"type":"Point","coordinates":[73.3952,18.1938]}},{"type":"Feature","properties":{"id":8753,"storage_mcm":790.0,"grand_id":4908,"qa":"C1"},"geometry":{"type":"Point","coordinates":[78.0615,21.2747]}},{"type":"Feature","properties":{"id":8754,"storage_mcm":null,"grand_id":null,"qa":"C2"},"geometry":{"type":"Point","coordinates":[73.8044,18.8948]}},{"type":"Feature","properties":{"id":8755,"storage_mcm":null,"grand_id":null,"qa":"C2"},"geometry":{"type":"Point","coordinates":[76.4578,20.112]}},{"type":"Feature","properties":{"id":8756,"storage_mcm":null,"grand_id":null,"qa":"C2"},"geometry":{"type":"Point","coordinates":[72.9493,20.0757]}},{"type":"Feature","properties":{"id":8757,"storage_mcm":null,"grand_id":null,"qa":"C2"},"geometry":{"type":"Point","coordinates":[79.9016,19.5614]}},{"type":"Feature","properties":{"id":8758,"storage_mcm":null,"grand_id":null,"qa":"C2"},"geometry":{"type":"Point","coordinates":[77.6097,10.7099]}},{"type":"Feature","properties":{"id":8759,"storage_mcm":56.4,"grand_id":4896,"qa":"C2"},"geometry":{"type":"Point","coordinates":[75.6244,21.5961]}},{"type":"Feature","properties":{"id":8760,"storage_mcm":null,"grand_id":null,"qa":"C2"},"geometry":{"type":"Point","coordinates":[72.4303,24.4252]}},{"type":"Feature","properties":{"id":8761,"storage_mcm":null,"grand_id":null,"qa":"C2"},"geometry":{"type":"Point","coordinates":[81.867,19.4488]}},{"type":"Feature","properties":{"id":8762,"storage_mcm":null,"grand_id":null,"qa":"C2"},"geometry":{"type":"Point","coordinates":[75.1883,19.744]}},{"type":"Feature","properties":{"id":8763,"storage_mcm":null,"grand_id":null,"qa":"C1"},"geometry":{"type":"Point","coordinates":[76.1533,24.5231]}},{"type":"Feature","properties":{"id":8764,"storage_mcm":null,"grand_id":null,"qa":"C2"},"geometry":{"type":"Point","coordinates":[69.6542,22.1785]}},{"type":"Feature","properties":{"id":8765,"storage_mcm":null,"grand_id":null,"qa":"C2"},"geometry":{"type":"Point","coordinates":[78.4937,21.2949]}},{"type":"Feature","properties":{"id":8766,"storage_mcm":null,"grand_id":null,"qa":"C1"},"geometry":{"type":"Point","coordinates":[78.5425,20.762]}},{"type":"Feature","properties":{"id":8767,"storage_mcm":null,"grand_id":null,"qa":"C2"},"geometry":{"type":"Point","coordinates":[70.2899,21.8473]}},{"type":"Feature","properties":{"id":8768,"storage_mcm":null,"grand_id":null,"qa":"C1"},"geometry":{"type":"Point","coordinates":[77.0209,8.5734]}},{"type":"Feature","properties":{"id":8769,"storage_mcm":null,"grand_id":null,"qa":"C2"},"geometry":{"type":"Point","coordinates":[76.8469,20.1484]}},{"type":"Feature","properties":{"id":8770,"storage_mcm":null,"grand_id":null,"qa":"C2"},"geometry":{"type":"Point","coordinates":[76.1791,19.0137]}},{"type":"Feature","properties":{"id":8771,"storage_mcm":17.4,"grand_id":4902,"qa":"C2"},"geometry":{"type":"Point","coordinates":[80.0242,21.3553]}},{"type":"Feature","properties":{"id":8772,"storage_mcm":null,"grand_id":null,"qa":"C2"},"geometry":{"type":"Point","coordinates":[73.6499,16.9413]}},{"type":"Feature","properties":{"id":8773,"storage_mcm":null,"grand_id":null,"qa":"C1"},"geometry":{"type":"Point","coordinates":[77.6271,20.2466]}},{"type":"Feature","properties":{"id":8774,"storage_mcm":21.2,"grand_id":4744,"qa":"C2"},"geometry":{"type":"Point","coordinates":[73.888,20.1907]}},{"type":"Feature","properties":{"id":8775,"storage_mcm":null,"grand_id":null,"qa":"C2"},"geometry":{"type":"Point","coordinates":[76.9902,20.4083]}},{"type":"Feature","properties":{"id":8776,"storage_mcm":null,"grand_id":null,"qa":"C2"},"geometry":{"type":"Point","coordinates":[80.1282,19.7542]}},{"type":"Feature","properties":{"id":8777,"storage_mcm":null,"grand_id":null,"qa":"C2"},"geometry":{"type":"Point","coordinates":[78.7611,21.2139]}},{"type":"Feature","properties":{"id":8778,"storage_mcm":350.3,"grand_id":4861,"qa":"C1"},"geometry":{"type":"Point","coordinates":[85.7603,23.9314]}},{"type":"Feature","properties":{"id":8779,"storage_mcm":null,"grand_id":null,"qa":"C2"},"geometry":{"type":"Point","coordinates":[78.0038,19.35]}},{"type":"Feature","properties":{"id":8780,"storage_mcm":null,"grand_id":null,"qa":"C2"},"geometry":{"type":"Point","coordinates":[75.5327,18.2543]}},{"type":"Feature","properties":{"id":8781,"storage_mcm":null,"grand_id":null,"qa":"C2"},"geometry":{"type":"Point","coordinates":[78.6101,20.1517]}},{"type":"Feature","properties":{"id":8782,"storage_mcm":null,"grand_id":null,"qa":"C2"},"geometry":{"type":"Point","coordinates":[73.975,21.2057]}},{"type":"Feature","properties":{"id":8783,"storage_mcm":null,"grand_id":null,"qa":"C1"},"geometry":{"type":"Point","coordinates":[86.285,23.1638]}},{"type":"Feature","properties":{"id":8784,"storage_mcm":null,"grand_id":null,"qa":"C2"},"geometry":{"type":"Point","coordinates":[76.3254,20.3327]}},{"type":"Feature","properties":{"id":8785,"storage_mcm":null,"grand_id":null,"qa":"C2"},"geometry":{"type":"Point","coordinates":[76.3355,26.4502]}},{"type":"Feature","properties":{"id":8786,"storage_mcm":null,"grand_id":null,"qa":"C1"},"geometry":{"type":"Point","coordinates":[79.3487,20.2063]}},{"type":"Feature","properties":{"id":8787,"storage_mcm":null,"grand_id":null,"qa":"C2"},"geometry":{"type":"Point","coordinates":[73.922,20.4004]}},{"type":"Feature","properties":{"id":8788,"storage_mcm":null,"grand_id":null,"qa":"C2"},"geometry":{"type":"Point","coordinates":[76.5958,19.8987]}},{"type":"Feature","properties":{"id":8789,"storage_mcm":null,"grand_id":null,"qa":"C2"},"geometry":{"type":"Point","coordinates":[74.099,20.9312]}},{"type":"Feature","properties":{"id":8790,"storage_mcm":null,"grand_id":null,"qa":"C2"},"geometry":{"type":"Point","coordinates":[73.5528,19.4746]}},{"type":"Feature","properties":{"id":8791,"storage_mcm":null,"grand_id":null,"qa":"C2"},"geometry":{"type":"Point","coordinates":[93.8048,24.8832]}},{"type":"Feature","properties":{"id":8792,"storage_mcm":567.0,"grand_id":4743,"qa":"C3"},"geometry":{"type":"Point","coordinates":[73.0617,20.1939]}},{"type":"Feature","properties":{"id":8793,"storage_mcm":null,"grand_id":null,"qa":"C1"},"geometry":{"type":"Point","coordinates":[76.9577,9.962]}},{"type":"Feature","properties":{"id":8794,"storage_mcm":null,"grand_id":null,"qa":"C2"},"geometry":{"type":"Point","coordinates":[75.7132,20.9187]}},{"type":"Feature","properties":{"id":8795,"storage_mcm":null,"grand_id":null,"qa":"C2"},"geometry":{"type":"Point","coordinates":[78.8645,20.8871]}},{"type":"Feature","properties":{"id":8796,"storage_mcm":null,"grand_id":null,"qa":"C2"},"geometry":{"type":"Point","coordinates":[73.2943,23.9866]}},{"type":"Feature","properties":{"id":8797,"storage_mcm":null,"grand_id":null,"qa":"C2"},"geometry":{"type":"Point","coordinates":[78.7724,19.9075]}},{"type":"Feature","properties":{"id":8798,"storage_mcm":1050.6,"grand_id":5006,"qa":"C1"},"geometry":{"type":"Point","coordinates":[76.0543,12.8245]}},{"type":"Feature","properties":{"id":8799,"storage_mcm":null,"grand_id":null,"qa":"C3"},"geometry":{"type":"Point","coordinates":[79.5817,28.9424]}},{"type":"Feature","properties":{"id":8800,"storage_mcm":null,"grand_id":null,"qa":"C2"},"geometry":{"type":"Point","coordinates":[92.2009,25.2634]}},{"type":"Feature","properties":{"id":8801,"storage_mcm":null,"grand_id":null,"qa":"C2"},"geometry":{"type":"Point","coordinates":[74.9645,21.4527]}},{"type":"Feature","properties":{"id":8802,"storage_mcm":null,"grand_id":null,"qa":"C2"},"geometry":{"type":"Point","coordinates":[74.8857,19.9366]}},{"type":"Feature","properties":{"id":8803,"storage_mcm":null,"grand_id":null,"qa":"C2"},"geometry":{"type":"Point","coordinates":[69.0657,23.2118]}},{"type":"Feature","properties":{"id":8804,"storage_mcm":522.8,"grand_id":4761,"qa":"C2"},"geometry":{"type":"Point","coordinates":[73.5094,18.5299]}},{"type":"Feature","properties":{"id":8805,"storage_mcm":null,"grand_id":null,"qa":"C2"},"geometry":{"type":"Point","coordinates":[78.6289,20.0832]}},{"type":"Feature","properties":{"id":8806,"storage_mcm":null,"grand_id":null,"qa":"C2"},"geometry":{"type":"Point","coordinates":[72.8065,20.0843]}},{"type":"Feature","properties":{"id":8807,"storage_mcm":null,"grand_id":null,"qa":"C2"},"geometry":{"type":"Point","coordinates":[73.6461,19.5288]}},{"type":"Feature","properties":{"id":8808,"storage_mcm":null,"grand_id":null,"qa":"C1"},"geometry":{"type":"Point","coordinates":[85.3046,23.9935]}},{"type":"Feature","properties":{"id":8809,"storage_mcm":null,"grand_id":null,"qa":"C2"},"geometry":{"type":"Point","coordinates":[78.2839,21.5761]}},{"type":"Feature","properties":{"id":8810,"storage_mcm":null,"grand_id":null,"qa":"C2"},"geometry":{"type":"Point","coordinates":[76.1639,24.0069]}},{"type":"Feature","properties":{"id":8811,"storage_mcm":null,"grand_id":null,"qa":"C2"},"geometry":{"type":"Point","coordinates":[77.9876,20.8423]}},{"type":"Feature","properties":{"id":8812,"storage_mcm":null,"grand_id":null,"qa":"C1"},"geometry":{"type":"Point","coordinates":[78.8303,24.7342]}},{"type":"Feature","properties":{"id":8813,"storage_mcm":null,"grand_id":null,"qa":"C2"},"geometry":{"type":"Point","coordinates":[75.8316,22.0114]}},{"type":"Feature","properties":{"id":8814,"storage_mcm":null,"grand_id":null,"qa":"C1"},"geometry":{"type":"Point","coordinates":[79.6073,20.053]}},{"type":"Feature","properties":{"id":8815,"storage_mcm":2000.0,"grand_id":5040,"qa":"C1"},"geometry":{"type":"Point","coordinates":[76.9688,9.8437]}},{"type":"Feature","properties":{"id":8816,"storage_mcm":null,"grand_id":null,"qa":"C2"},"geometry":{"type":"Point","coordinates":[71.4151,22.9474]}},{"type":"Feature","properties":{"id":8817,"storage_mcm":null,"grand_id":null,"qa":"C2"},"geometry":{"type":"Point","coordinates":[70.575,22.5165]}},{"type":"Feature","properties":{"id":8818,"storage_mcm":null,"grand_id":null,"qa":"C2"},"geometry":{"type":"Point","coordinates":[73.1163,22.9545]}},{"type":"Feature","properties":{"id":8819,"storage_mcm":null,"grand_id":null,"qa":"C2"},"geometry":{"type":"Point","coordinates":[80.6304,21.2666]}},{"type":"Feature","properties":{"id":8820,"storage_mcm":null,"grand_id":null,"qa":"C1"},"geometry":{"type":"Point","coordinates":[84.9141,23.2587]}},{"type":"Feature","properties":{"id":8821,"storage_mcm":null,"grand_id":null,"qa":"C2"},"geometry":{"type":"Point","coordinates":[87.194,23.8278]}},{"type":"Feature","properties":{"id":8822,"storage_mcm":null,"grand_id":null,"qa":"C2"},"geometry":{"type":"Point","coordinates":[77.4091,20.6114]}},{"type":"Feature","properties":{"id":8823,"storage_mcm":null,"grand_id":null,"qa":"C1"},"geometry":{"type":"Point","coordinates":[72.9539,19.6149]}},{"type":"Feature","properties":{"id":8824,"storage_mcm":null,"grand_id":null,"qa":"C2"},"geometry":{"type":"Point","coordinates":[77.3915,20.604]}},{"type":"Feature","properties":{"id":8825,"storage_mcm":null,"grand_id":null,"qa":"C1"},"geometry":{"type":"Point","coordinates":[78.6016,20.9116]}},{"type":"Feature","properties":{"id":8826,"storage_mcm":null,"grand_id":null,"qa":"C1"},"geometry":{"type":"Point","coordinates":[80.0605,22.3212]}},{"type":"Feature","properties":{"id":8827,"storage_mcm":null,"grand_id":null,"qa":"C2"},"geometry":{"type":"Point","coordinates":[77.5589,20.4079]}},{"type":"Feature","properties":{"id":8828,"storage_mcm":null,"grand_id":null,"qa":"C2"},"geometry":{"type":"Point","coordinates":[78.8772,20.9688]}},{"type":"Feature","properties":{"id":8829,"storage_mcm":null,"grand_id":null,"qa":"C2"},"geometry":{"type":"Point","coordinates":[73.5999,17.5514]}},{"type":"Feature","properties":{"id":8830,"storage_mcm":null,"grand_id":null,"qa":"C2"},"geometry":{"type":"Point","coordinates":[69.4576,23.0283]}},{"type":"Feature","properties":{"id":8831,"storage_mcm":null,"grand_id":null,"qa":"C2"},"geometry":{"type":"Point","coordinates":[77.3608,8.5216]}},{"type":"Feature","properties":{"id":8832,"storage_mcm":null,"grand_id":null,"qa":"C2"},"geometry":{"type":"Point","coordinates":[79.5808,20.2328]}},{"type":"Feature","properties":{"id":8833,"storage_mcm":null,"grand_id":null,"qa":"C1"},"geometry":{"type":"Point","coordinates":[74.6489,24.5163]}},{"type":"Feature","properties":{"id":8834,"storage_mcm":null,"grand_id":null,"qa":"C1"},"geometry":{"type":"Point","coordinates":[81.2796,20.418]}},{"type":"Feature","properties":{"id":8835,"storage_mcm":null,"grand_id":null,"qa":"C2"},"geometry":{"type":"Point","coordinates":[71.421,21.0384]}},{"type":"Feature","properties":{"id":8836,"storage_mcm":null,"grand_id":null,"qa":"C4"},"geometry":{"type":"Point","coordinates":[80.4501,21.0316]}},{"type":"Feature","properties":{"id":8837,"storage_mcm":null,"grand_id":null,"qa":"C2"},"geometry":{"type":"Point","coordinates":[77.4413,20.6405]}},{"type":"Feature","properties":{"id":8838,"storage_mcm":null,"grand_id":null,"qa":"C2"},"geometry":{"type":"Point","coordinates":[76.7454,18.8979]}},{"type":"Feature","properties":{"id":8839,"storage_mcm":null,"grand_id":null,"qa":"C2"},"geometry":{"type":"Point","coordinates":[73.9629,19.8447]}},{"type":"Feature","properties":{"id":8840,"storage_mcm":6430.0,"grand_id":4989,"qa":"C2"},"geometry":{"type":"Point","coordinates":[75.8879,16.3325]}},{"type":"Feature","properties":{"id":8841,"storage_mcm":200.0,"grand_id":4933,"qa":"C2"},"geometry":{"type":"Point","coordinates":[77.7972,20.1185]}},{"type":"Feature","properties":{"id":8842,"storage_mcm":null,"grand_id":null,"qa":"C2"},"geometry":{"type":"Point","coordinates":[75.8563,13.1954]}},{"type":"Feature","properties":{"id":8843,"storage_mcm":null,"grand_id":null,"qa":"C1"},"geometry":{"type":"Point","coordinates":[77.9717,21.1107]}},{"type":"Feature","properties":{"id":8844,"storage_mcm":null,"grand_id":null,"qa":"C2"},"geometry":{"type":"Point","coordinates":[76.8527,20.3431]}},{"type":"Feature","properties":{"id":8845,"storage_mcm":null,"grand_id":null,"qa":"C2"},"geometry":{"type":"Point","coordinates":[73.7671,18.4423]}},{"type":"Feature","properties":{"id":8846,"storage_mcm":null,"grand_id":null,"qa":"C1"},"geometry":{"type":"Point","coordinates":[77.3475,12.9742]}},{"type":"Feature","properties":{"id":8847,"storage_mcm":null,"grand_id":null,"qa":"C2"},"geometry":{"type":"Point","coordinates":[76.7011,10.2306]}},{"type":"Feature","properties":{"id":8848,"storage_mcm":209.0,"grand_id":4799,"qa":"C2"},"geometry":{"type":"Point","coordinates":[79.8247,28.9456]}},{"type":"Feature","properties":{"id":8849,"storage_mcm":null,"grand_id":null,"qa":"C2"},"geometry":{"type":"Point","coordinates":[73.7931,20.5969]}},{"type":"Feature","properties":{"id":8850,"storage_mcm":null,"grand_id":null,"qa":"C4"},"geometry":{"type":"Point","coordinates":[78.3344,17.5225]}},{"type":"Feature","properties":{"id":8851,"storage_mcm":null,"grand_id":null,"qa":"C2"},"geometry":{"type":"Point","coordinates":[77.5695,20.2641]}},{"type":"Feature","properties":{"id":8852,"storage_mcm":null,"grand_id":null,"qa":"C2"},"geometry":{"type":"Point","coordinates":[75.0004,21.187]}},{"type":"Feature","properties":{"id":8853,"storage_mcm":null,"grand_id":null,"qa":"C1"},"geometry":{"type":"Point","coordinates":[78.856,21.0894]}},{"type":"Feature","properties":{"id":8854,"storage_mcm":35.0,"grand_id":4965,"qa":"C2"},"geometry":{"type":"Point","coordinates":[75.904,18.017]}},{"type":"Feature","properties":{"id":8855,"storage_mcm":null,"grand_id":null,"qa":"C2"},"geometry":{"type":"Point","coordinates":[71.8627,21.5026]}},{"type":"Feature","properties":{"id":8856,"storage_mcm":null,"grand_id":null,"qa":"C2"},"geometry":{"type":"Point","coordinates":[75.0713,20.6609]}},{"type":"Feature","properties":{"id":8857,"storage_mcm":null,"grand_id":null,"qa":"C2"},"geometry":{"type":"Point","coordinates":[77.3244,20.2871]}},{"type":"Feature","properties":{"id":8858,"storage_mcm":null,"grand_id":null,"qa":"C1"},"geometry":{"type":"Point","coordinates":[76.9245,20.3952]}},{"type":"Feature","properties":{"id":8859,"storage_mcm":null,"grand_id":null,"qa":"C2"},"geometry":{"type":"Point","coordinates":[76.4801,20.3881]}},{"type":"Feature","properties":{"id":8860,"storage_mcm":null,"grand_id":null,"qa":"C1"},"geometry":{"type":"Point","coordinates":[79.794,20.9942]}},{"type":"Feature","properties":{"id":8861,"storage_mcm":null,"grand_id":null,"qa":"C2"},"geometry":{"type":"Point","coordinates":[72.8898,25.7031]}},{"type":"Feature","properties":{"id":8862,"storage_mcm":null,"grand_id":null,"qa":"C4"},"geometry":{"type":"Point","coordinates":[74.5638,18.4876]}},{"type":"Feature","properties":{"id":8863,"storage_mcm":null,"grand_id":null,"qa":"C2"},"geometry":{"type":"Point","coordinates":[76.5813,20.1763]}},{"type":"Feature","properties":{"id":8864,"storage_mcm":216.3,"grand_id":4760,"qa":"C2"},"geometry":{"type":"Point","coordinates":[74.4962,18.6804]}},{"type":"Feature","properties":{"id":8865,"storage_mcm":null,"grand_id":null,"qa":"C2"},"geometry":{"type":"Point","coordinates":[75.3226,20.3898]}},{"type":"Feature","properties":{"id":8866,"storage_mcm":null,"grand_id":null,"qa":"C2"},"geometry":{"type":"Point","coordinates":[79.2656,21.4721]}},{"type":"Feature","properties":{"id":8867,"storage_mcm":null,"grand_id":null,"qa":"C1"},"geometry":{"type":"Point","coordinates":[80.8184,23.4831]}},{"type":"Feature","properties":{"id":8868,"storage_mcm":null,"grand_id":null,"qa":"C2"},"geometry":{"type":"Point","coordinates":[74.7866,15.1183]}},{"type":"Feature","properties":{"id":8869,"storage_mcm":null,"grand_id":null,"qa":"C2"},"geometry":{"type":"Point","coordinates":[77.3119,8.5303]}},{"type":"Feature","properties":{"id":8870,"storage_mcm":null,"grand_id":null,"qa":"C2"},"geometry":{"type":"Point","coordinates":[74.0671,19.1493]}},{"type":"Feature","properties":{"id":8871,"storage_mcm":null,"grand_id":null,"qa":"C1"},"geometry":{"type":"Point","coordinates":[72.8131,24.7966]}},{"type":"Feature","properties":{"id":8872,"storage_mcm":null,"grand_id":null,"qa":"C2"},"geometry":{"type":"Point","coordinates":[77.6178,20.254]}},{"type":"Feature","properties":{"id":8873,"storage_mcm":null,"grand_id":null,"qa":"C2"},"geometry":{"type":"Point","coordinates":[74.9625,24.9339]}},{"type":"Feature","properties":{"id":8874,"storage_mcm":null,"grand_id":null,"qa":"C2"},"geometry":{"type":"Point","coordinates":[72.6055,24.6535]}},{"type":"Feature","properties":{"id":8875,"storage_mcm":null,"grand_id":null,"qa":"C2"},"geometry":{"type":"Point","coordinates":[76.3892,20.4175]}},{"type":"Feature","properties":{"id":8876,"storage_mcm":null,"grand_id":null,"qa":"C2"},"geometry":{"type":"Point","coordinates":[76.1776,18.9249]}},{"type":"Feature","properties":{"id":8877,"storage_mcm":null,"grand_id":null,"qa":"C2"},"geometry":{"type":"Point","coordinates":[76.5156,21.1002]}},{"type":"Feature","properties":{"id":8878,"storage_mcm":null,"grand_id":null,"qa":"C2"},"geometry":{"type":"Point","coordinates":[87.3196,23.6175]}},{"type":"Feature","properties":{"id":8879,"storage_mcm":null,"grand_id":null,"qa":"C2"},"geometry":{"type":"Point","coordinates":[76.2373,19.9305]}},{"type":"Feature","properties":{"id":8880,"storage_mcm":null,"grand_id":null,"qa":"C1"},"geometry":{"type":"Point","coordinates":[78.4615,25.3862]}},{"type":"Feature","properties":{"id":8881,"storage_mcm":null,"grand_id":null,"qa":"C2"},"geometry":{"type":"Point","coordinates":[75.7793,18.3208]}},{"type":"Feature","properties":{"id":8882,"storage_mcm":null,"grand_id":null,"qa":"C2"},"geometry":{"type":"Point","coordinates":[83.0023,19.845]}},{"type":"Feature","properties":{"id":8883,"storage_mcm":73.0,"grand_id":4900,"qa":"C2"},"geometry":{"type":"Point","coordinates":[84.5557,21.4732]}},{"type":"Feature","properties":{"id":8884,"storage_mcm":null,"grand_id":null,"qa":"C1"},"geometry":{"type":"Point","coordinates":[79.7747,20.9241]}},{"type":"Feature","properties":{"id":8885,"storage_mcm":null,"grand_id":null,"qa":"C2"},"geometry":{"type":"Point","coordinates":[73.894,20.4971]}},{"type":"Feature","properties":{"id":8886,"storage_mcm":114.6,"grand_id":5033,"qa":"C2"},"geometry":{"type":"Point","coordinates":[77.2643,10.4144]}},{"type":"Feature","properties":{"id":8887,"storage_mcm":null,"grand_id":null,"qa":"C2"},"geometry":{"type":"Point","coordinates":[73.75,20.413]}},{"type":"Feature","properties":{"id":8888,"storage_mcm":null,"grand_id":null,"qa":"C2"},"geometry":{"type":"Point","coordinates":[75.5021,18.3889]}},{"type":"Feature","properties":{"id":8889,"storage_mcm":null,"grand_id":null,"qa":"C2"},"geometry":{"type":"Point","coordinates":[73.873,16.6402]}},{"type":"Feature","properties":{"id":8890,"storage_mcm":null,"grand_id":null,"qa":"C2"},"geometry":{"type":"Point","coordinates":[75.4275,17.8003]}},{"type":"Feature","properties":{"id":8891,"storage_mcm":null,"grand_id":null,"qa":"C1"},"geometry":{"type":"Point","coordinates":[78.463,21.2177]}},{"type":"Feature","properties":{"id":8892,"storage_mcm":null,"grand_id":null,"qa":"C2"},"geometry":{"type":"Point","coordinates":[82.8446,24.9314]}},{"type":"Feature","properties":{"id":8893,"storage_mcm":null,"grand_id":null,"qa":"C2"},"geometry":{"type":"Point","coordinates":[82.597,20.6104]}},{"type":"Feature","properties":{"id":8894,"storage_mcm":null,"grand_id":null,"qa":"C2"},"geometry":{"type":"Point","coordinates":[73.7016,16.7597]}},{"type":"Feature","properties":{"id":8895,"storage_mcm":null,"grand_id":null,"qa":"C1"},"geometry":{"type":"Point","coordinates":[73.3952,22.4854]}},{"type":"Feature","properties":{"id":8896,"storage_mcm":null,"grand_id":null,"qa":"C1"},"geometry":{"type":"Point","coordinates":[80.0613,21.4745]}},{"type":"Feature","properties":{"id":8897,"storage_mcm":null,"grand_id":null,"qa":"C1"},"geometry":{"type":"Point","coordinates":[78.3209,20.4046]}},{"type":"Feature","properties":{"id":8898,"storage_mcm":215.8,"grand_id":4746,"qa":"C1"},"geometry":{"type":"Point","coordinates":[73.6793,20.0353]}},{"type":"Feature","properties":{"id":8899,"storage_mcm":null,"grand_id":null,"qa":"C1"},"geometry":{"type":"Point","coordinates":[78.4141,20.3001]}},{"type":"Feature","properties":{"id":8900,"storage_mcm":null,"grand_id":null,"qa":"C2"},"geometry":{"type":"Point","coordinates":[77.2996,20.5575]}},{"type":"Feature","properties":{"id":8901,"storage_mcm":37.1,"grand_id":4893,"qa":"C1"},"geometry":{"type":"Point","coordinates":[81.1394,21.9812]}},{"type":"Feature","properties":{"id":8902,"storage_mcm":64.0,"grand_id":4974,"qa":"C1"},"geometry":{"type":"Point","coordinates":[76.5511,17.4896]}},{"type":"Feature","properties":{"id":8903,"storage_mcm":null,"grand_id":null,"qa":"C2"},"geometry":{"type":"Point","coordinates":[77.8388,26.2717]}},{"type":"Feature","properties":{"id":8904,"storage_mcm":null,"grand_id":null,"qa":"C2"},"geometry":{"type":"Point","coordinates":[78.7709,20.073]}},{"type":"Feature","properties":{"id":8905,"storage_mcm":null,"grand_id":null,"qa":"C2"},"geometry":{"type":"Point","coordinates":[74.0953,21.0866]}},{"type":"Feature","properties":{"id":8906,"storage_mcm":null,"grand_id":null,"qa":"C2"},"geometry":{"type":"Point","coordinates":[70.7562,22.354]}},{"type":"Feature","properties":{"id":8907,"storage_mcm":null,"grand_id":null,"qa":"C2"},"geometry":{"type":"Point","coordinates":[77.1145,20.665]}},{"type":"Feature","properties":{"id":8908,"storage_mcm":null,"grand_id":null,"qa":"C2"},"geometry":{"type":"Point","coordinates":[77.2986,20.4565]}},{"type":"Feature","properties":{"id":8909,"storage_mcm":null,"grand_id":null,"qa":"C2"},"geometry":{"type":"Point","coordinates":[79.2732,20.8126]}},{"type":"Feature","properties":{"id":8910,"storage_mcm":null,"grand_id":null,"qa":"C2"},"geometry":{"type":"Point","coordinates":[73.7768,20.2525]}},{"type":"Feature","properties":{"id":8911,"storage_mcm":null,"grand_id":null,"qa":"C2"},"geometry":{"type":"Point","coordinates":[70.4883,21.2627]}},{"type":"Feature","properties":{"id":8912,"storage_mcm":null,"grand_id":null,"qa":"C2"},"geometry":{"type":"Point","coordinates":[73.9117,19.7734]}},{"type":"Feature","properties":{"id":8913,"storage_mcm":null,"grand_id":null,"qa":"C2"},"geometry":{"type":"Point","coordinates":[78.3551,20.3864]}},{"type":"Feature","properties":{"id":8914,"storage_mcm":null,"grand_id":null,"qa":"C2"},"geometry":{"type":"Point","coordinates":[79.8962,21.2611]}},{"type":"Feature","properties":{"id":8915,"storage_mcm":382.0,"grand_id":4758,"qa":"C1"},"geometry":{"type":"Point","coordinates":[73.7478,19.0987]}},{"type":"Feature","properties":{"id":8916,"storage_mcm":null,"grand_id":null,"qa":"C2"},"geometry":{"type":"Point","coordinates":[82.4719,24.0532]}},{"type":"Feature","properties":{"id":8917,"storage_mcm":null,"grand_id":null,"qa":"C2"},"geometry":{"type":"Point","coordinates":[73.6411,18.798]}},{"type":"Feature","properties":{"id":8918,"storage_mcm":108.1,"grand_id":4823,"qa":"C1"},"geometry":{"type":"Point","coordinates":[75.8259,25.1753]}},{"type":"Feature","properties":{"id":8919,"storage_mcm":null,"grand_id":null,"qa":"C2"},"geometry":{"type":"Point","coordinates":[73.2351,19.1238]}},{"type":"Feature","properties":{"id":8920,"storage_mcm":null,"grand_id":null,"qa":"C1"},"geometry":{"type":"Point","coordinates":[79.0412,20.8261]}},{"type":"Feature","properties":{"id":8921,"storage_mcm":null,"grand_id":null,"qa":"C2"},"geometry":{"type":"Point","coordinates":[73.8338,17.2913]}},{"type":"Feature","properties":{"id":8922,"storage_mcm":null,"grand_id":null,"qa":"C2"},"geometry":{"type":"Point","coordinates":[76.4064,20.1291]}},{"type":"Feature","properties":{"id":8923,"storage_mcm":null,"grand_id":null,"qa":"C2"},"geometry":{"type":"Point","coordinates":[76.712,13.7953]}},{"type":"Feature","properties":{"id":8924,"storage_mcm":null,"grand_id":null,"qa":"C1"},"geometry":{"type":"Point","coordinates":[77.3907,21.3378]}},{"type":"Feature","properties":{"id":8925,"storage_mcm":null,"grand_id":null,"qa":"C2"},"geometry":{"type":"Point","coordinates":[74.0841,20.7396]}},{"type":"Feature","properties":{"id":8926,"storage_mcm":null,"grand_id":null,"qa":"C1"},"geometry":{"type":"Point","coordinates":[81.9416,18.372]}},{"type":"Feature","properties":{"id":8927,"storage_mcm":null,"grand_id":null,"qa":"C2"},"geometry":{"type":"Point","coordinates":[77.037,20.4787]}},{"type":"Feature","properties":{"id":8928,"storage_mcm":null,"grand_id":null,"qa":"C2"},"geometry":{"type":"Point","coordinates":[74.4206,19.1423]}},{"type":"Feature","properties":{"id":8929,"storage_mcm":null,"grand_id":null,"qa":"C1"},"geometry":{"type":"Point","coordinates":[86.0058,23.2644]}},{"type":"Feature","properties":{"id":8930,"storage_mcm":null,"grand_id":null,"qa":"C2"},"geometry":{"type":"Point","coordinates":[76.0987,17.8298]}},{"type":"Feature","properties":{"id":8931,"storage_mcm":78.8,"grand_id":4816,"qa":"C1"},"geometry":{"type":"Point","coordinates":[78.7812,25.5138]}},{"type":"Feature","properties":{"id":8932,"storage_mcm":null,"grand_id":null,"qa":"C2"},"geometry":{"type":"Point","coordinates":[75.4332,18.6071]}},{"type":"Feature","properties":{"id":8933,"storage_mcm":null,"grand_id":null,"qa":"C3"},"geometry":{"type":"Point","coordinates":[80.8601,18.1002]}},{"type":"Feature","properties":{"id":8934,"storage_mcm":null,"grand_id":null,"qa":"C2"},"geometry":{"type":"Point","coordinates":[77.257,20.254]}},{"type":"Feature","properties":{"id":8935,"storage_mcm":null,"grand_id":null,"qa":"C2"},"geometry":{"type":"Point","coordinates":[85.0143,20.3152]}},{"type":"Feature","properties":{"id":8936,"storage_mcm":5410.0,"grand_id":4859,"qa":"C1"},"geometry":{"type":"Point","coordinates":[81.2884,24.1903]}},{"type":"Feature","properties":{"id":8937,"storage_mcm":null,"grand_id":null,"qa":"C1"},"geometry":{"type":"Point","coordinates":[85.7558,24.0059]}},{"type":"Feature","properties":{"id":8938,"storage_mcm":null,"grand_id":null,"qa":"C1"},"geometry":{"type":"Point","coordinates":[78.0787,10.1127]}},{"type":"Feature","properties":{"id":8939,"storage_mcm":null,"grand_id":null,"qa":"C2"},"geometry":{"type":"Point","coordinates":[77.3622,9.6491]}},{"type":"Feature","properties":{"id":8940,"storage_mcm":null,"grand_id":null,"qa":"C1"},"geometry":{"type":"Point","coordinates":[80.1094,21.4145]}},{"type":"Feature","properties":{"id":8941,"storage_mcm":91.5,"grand_id":4806,"qa":"C1"},"geometry":{"type":"Point","coordinates":[78.1262,26.4892]}},{"type":"Feature","properties":{"id":8942,"storage_mcm":189.6,"grand_id":4977,"qa":"C3"},"geometry":{"type":"Point","coordinates":[78.3688,17.3188]}},{"type":"Feature","properties":{"id":8943,"storage_mcm":null,"grand_id":null,"qa":"C2"},"geometry":{"type":"Point","coordinates":[77.501,21.362]}},{"type":"Feature","properties":{"id":8944,"storage_mcm":630.0,"grand_id":4736,"qa":"C2"},"geometry":{"type":"Point","coordinates":[73.5396,21.8143]}},{"type":"Feature","properties":{"id":8945,"storage_mcm":null,"grand_id":null,"qa":"C2"},"geometry":{"type":"Point","coordinates":[80.0223,21.157]}},{"type":"Feature","properties":{"id":8946,"storage_mcm":null,"grand_id":null,"qa":"C1"},"geometry":{"type":"Point","coordinates":[73.886,17.6723]}},{"type":"Feature","properties":{"id":8947,"storage_mcm":96.0,"grand_id":4966,"qa":"C3"},"geometry":{"type":"Point","coordinates":[79.9854,17.9521]}},{"type":"Feature","properties":{"id":8948,"storage_mcm":736.3,"grand_id":4753,"qa":"C2"},"geometry":{"type":"Point","coordinates":[74.6094,19.3384]}},{"type":"Feature","properties":{"id":8949,"storage_mcm":null,"grand_id":null,"qa":"C2"},"geometry":{"type":"Point","coordinates":[86.7133,22.0476]}},{"type":"Feature","properties":{"id":8950,"storage_mcm":null,"grand_id":null,"qa":"C2"},"geometry":{"type":"Point","coordinates":[77.1563,20.4799]}},{"type":"Feature","properties":{"id":8951,"storage_mcm":null,"grand_id":null,"qa":"C1"},"geometry":{"type":"Point","coordinates":[77.27,20.4328]}},{"type":"Feature","properties":{"id":8952,"storage_mcm":null,"grand_id":null,"qa":"C1"},"geometry":{"type":"Point","coordinates":[72.8907,19.7256]}},{"type":"Feature","properties":{"id":8953,"storage_mcm":null,"grand_id":null,"qa":"C1"},"geometry":{"type":"Point","coordinates":[78.4981,30.2603]}},{"type":"Feature","properties":{"id":8954,"storage_mcm":null,"grand_id":null,"qa":"C2"},"geometry":{"type":"Point","coordinates":[76.9948,18.3333]}},{"type":"Feature","properties":{"id":8955,"storage_mcm":null,"grand_id":null,"qa":"C2"},"geometry":{"type":"Point","coordinates":[73.5697,19.9791]}},{"type":"Feature","properties":{"id":8956,"storage_mcm":573.0,"grand_id":4907,"qa":"C2"},"geometry":{"type":"Point","coordinates":[86.2962,21.2909]}},{"type":"Feature","properties":{"id":8957,"storage_mcm":56.8,"grand_id":4886,"qa":"C2"},"geometry":{"type":"Point","coordinates":[80.5737,22.5146]}},{"type":"Feature","properties":{"id":8958,"storage_mcm":270.0,"grand_id":4879,"qa":"C1"},"geometry":{"type":"Point","coordinates":[77.3463,22.9587]}},{"type":"Feature","properties":{"id":8959,"storage_mcm":null,"grand_id":null,"qa":"C1"},"geometry":{"type":"Point","coordinates":[85.0351,21.2759]}},{"type":"Feature","properties":{"id":8960,"storage_mcm":null,"grand_id":null,"qa":"C1"},"geometry":{"type":"Point","coordinates":[77.2672,17.5373]}},{"type":"Feature","properties":{"id":8961,"storage_mcm":null,"grand_id":null,"qa":"C1"},"geometry":{"type":"Point","coordinates":[70.8581,22.3199]}},{"type":"Feature","properties":{"id":8962,"storage_mcm":null,"grand_id":null,"qa":"C1"},"geometry":{"type":"Point","coordinates":[79.0031,24.74]}},{"type":"Feature","properties":{"id":8963,"storage_mcm":null,"grand_id":null,"qa":"C2"},"geometry":{"type":"Point","coordinates":[77.8467,19.6494]}},{"type":"Feature","properties":{"id":8964,"storage_mcm":null,"grand_id":null,"qa":"C1"},"geometry":{"type":"Point","coordinates":[80.6001,16.5102]}},{"type":"Feature","properties":{"id":8965,"storage_mcm":null,"grand_id":null,"qa":"C1"},"geometry":{"type":"Point","coordinates":[76.333,24.5605]}},{"type":"Feature","properties":{"id":8966,"storage_mcm":453.6,"grand_id":4944,"qa":"C1"},"geometry":{"type":"Point","coordinates":[76.1876,19.1622]}},{"type":"Feature","properties":{"id":8967,"storage_mcm":null,"grand_id":null,"qa":"C1"},"geometry":{"type":"Point","coordinates":[75.737,18.9149]}},{"type":"Feature","properties":{"id":8968,"storage_mcm":null,"grand_id":null,"qa":"C2"},"geometry":{"type":"Point","coordinates":[84.1409,19.489]}},{"type":"Feature","properties":{"id":8969,"storage_mcm":null,"grand_id":null,"qa":"C2"},"geometry":{"type":"Point","coordinates":[77.9096,23.1772]}},{"type":"Feature","properties":{"id":8970,"storage_mcm":null,"grand_id":null,"qa":"C1"},"geometry":{"type":"Point","coordinates":[78.0324,12.065]}},{"type":"Feature","properties":{"id":8971,"storage_mcm":null,"grand_id":null,"qa":"C2"},"geometry":{"type":"Point","coordinates":[74.3375,18.6415]}},{"type":"Feature","properties":{"id":8972,"storage_mcm":null,"grand_id":null,"qa":"C2"},"geometry":{"type":"Point","coordinates":[75.4167,26.2117]}},{"type":"Feature","properties":{"id":8973,"storage_mcm":null,"grand_id":null,"qa":"C2"},"geometry":{"type":"Point","coordinates":[73.9481,20.618]}},{"type":"Feature","properties":{"id":8974,"storage_mcm":null,"grand_id":null,"qa":"C2"},"geometry":{"type":"Point","coordinates":[76.2204,18.0694]}},{"type":"Feature","properties":{"id":8975,"storage_mcm":null,"grand_id":null,"qa":"C1"},"geometry":{"type":"Point","coordinates":[70.7109,22.2405]}},{"type":"Feature","properties":{"id":8976,"storage_mcm":null,"grand_id":null,"qa":"C2"},"geometry":{"type":"Point","coordinates":[76.9405,21.4329]}},{"type":"Feature","properties":{"id":8977,"storage_mcm":26.9,"grand_id":4892,"qa":"C1"},"geometry":{"type":"Point","coordinates":[78.8093,22.0307]}},{"type":"Feature","properties":{"id":8978,"storage_mcm":null,"grand_id":null,"qa":"C2"},"geometry":{"type":"Point","coordinates":[77.3703,26.8956]}},{"type":"Feature","properties":{"id":8979,"storage_mcm":8100.0,"grand_id":4898,"qa":"C1"},"geometry":{"type":"Point","coordinates":[83.8548,21.5201]}},{"type":"Feature","properties":{"id":8980,"storage_mcm":null,"grand_id":null,"qa":"C1"},"geometry":{"type":"Point","coordinates":[77.1418,8.6261]}},{"type":"Feature","properties":{"id":8981,"storage_mcm":null,"grand_id":null,"qa":"C1"},"geometry":{"type":"Point","coordinates":[70.5191,21.5698]}},{"type":"Feature","properties":{"id":8982,"storage_mcm":null,"grand_id":null,"qa":"C2"},"geometry":{"type":"Point","coordinates":[79.6688,21.4516]}},{"type":"Feature","properties":{"id":8983,"storage_mcm":null,"grand_id":null,"qa":"C2"},"geometry":{"type":"Point","coordinates":[76.7127,19.893]}},{"type":"Feature","properties":{"id":8984,"storage_mcm":null,"grand_id":null,"qa":"C2"},"geometry":{"type":"Point","coordinates":[76.257,18.4868]}},{"type":"Feature","properties":{"id":8985,"storage_mcm":null,"grand_id":null,"qa":"C2"},"geometry":{"type":"Point","coordinates":[73.725,16.0822]}},{"type":"Feature","properties":{"id":8986,"storage_mcm":3140.0,"grand_id":4964,"qa":"C2"},"geometry":{"type":"Point","coordinates":[75.1206,18.0723]}},{"type":"Feature","properties":{"id":8987,"storage_mcm":null,"grand_id":null,"qa":"C2"},"geometry":{"type":"Point","coordinates":[74.0212,20.7954]}},{"type":"Feature","properties":{"id":8988,"storage_mcm":null,"grand_id":null,"qa":"C2"},"geometry":{"type":"Point","coordinates":[71.6263,21.2215]}},{"type":"Feature","properties":{"id":8989,"storage_mcm":null,"grand_id":null,"qa":"C2"},"geometry":{"type":"Point","coordinates":[76.4156,20.541]}},{"type":"Feature","properties":{"id":8990,"storage_mcm":null,"grand_id":null,"qa":"C2"},"geometry":{"type":"Point","coordinates":[74.4196,16.1479]}},{"type":"Feature","properties":{"id":8991,"storage_mcm":148.8,"grand_id":4993,"qa":"C1"},"geometry":{"type":"Point","coordinates":[77.6172,15.6967]}},{"type":"Feature","properties":{"id":8992,"storage_mcm":null,"grand_id":null,"qa":"C2"},"geometry":{"type":"Point","coordinates":[75.8454,18.2715]}},{"type":"Feature","properties":{"id":8993,"storage_mcm":null,"grand_id":null,"qa":"C1"},"geometry":{"type":"Point","coordinates":[77.2937,8.6945]}},{"type":"Feature","properties":{"id":8994,"storage_mcm":null,"grand_id":null,"qa":"C2"},"geometry":{"type":"Point","coordinates":[86.4602,21.4457]}},{"type":"Feature","properties":{"id":8995,"storage_mcm":null,"grand_id":null,"qa":"C1"},"geometry":{"type":"Point","coordinates":[78.88,24.7514]}},{"type":"Feature","properties":{"id":8996,"storage_mcm":null,"grand_id":null,"qa":"C1"},"geometry":{"type":"Point","coordinates":[75.8774,31.7877]}},{"type":"Feature","properties":{"id":8997,"storage_mcm":2172.0,"grand_id":4842,"qa":"C1"},"geometry":{"type":"Point","coordinates":[78.2312,24.7603]}},{"type":"Feature","properties":{"id":8998,"storage_mcm":null,"grand_id":null,"qa":"C2"},"geometry":{"type":"Point","coordinates":[79.6295,30.4927]}},{"type":"Feature","properties":{"id":8999,"storage_mcm":12.0,"grand_id":4955,"qa":"C2"},"geometry":{"type":"Point","coordinates":[75.823,18.3188]}},{"type":"Feature","properties":{"id":9000,"storage_mcm":null,"grand_id":null,"qa":"C2"},"geometry":{"type":"Point","coordinates":[73.2552,18.7847]}},{"type":"Feature","properties":{"id":9001,"storage_mcm":93.4,"grand_id":4756,"qa":"C2"},"geometry":{"type":"Point","coordinates":[74.0135,19.1758]}},{"type":"Feature","properties":{"id":9002,"storage_mcm":680.1,"grand_id":4953,"qa":"C3"},"geometry":{"type":"Point","coordinates":[79.1305,18.3975]}},{"type":"Feature","properties":{"id":9003,"storage_mcm":null,"grand_id":null,"qa":"C2"},"geometry":{"type":"Point","coordinates":[72.8984,19.444]}},{"type":"Feature","properties":{"id":9004,"storage_mcm":59.0,"grand_id":4849,"qa":"C1"},"geometry":{"type":"Point","coordinates":[85.4928,24.5961]}},{"type":"Feature","properties":{"id":9005,"storage_mcm":null,"grand_id":null,"qa":"C2"},"geometry":{"type":"Point","coordinates":[74.4534,20.9423]}},{"type":"Feature","properties":{"id":9006,"storage_mcm":null,"grand_id":null,"qa":"C2"},"geometry":{"type":"Point","coordinates":[72.8134,19.9088]}},{"type":"Feature","properties":{"id":9007,"storage_mcm":286.5,"grand_id":4777,"qa":"C2"},"geometry":{"type":"Point","coordinates":[74.5368,14.92]}},{"type":"Feature","properties":{"id":9008,"storage_mcm":null,"grand_id":null,"qa":"C2"},"geometry":{"type":"Point","coordinates":[76.5421,19.9069]}},{"type":"Feature","properties":{"id":9009,"storage_mcm":null,"grand_id":null,"qa":"C1"},"geometry":{"type":"Point","coordinates":[76.1016,20.4016]}},{"type":"Feature","properties":{"id":9010,"storage_mcm":null,"grand_id":null,"qa":"C2"},"geometry":{"type":"Point","coordinates":[78.2853,20.4154]}},{"type":"Feature","properties":{"id":9011,"storage_mcm":null,"grand_id":null,"qa":"C1"},"geometry":{"type":"Point","coordinates":[77.693,24.0594]}},{"type":"Feature","properties":{"id":9012,"storage_mcm":null,"grand_id":null,"qa":"C2"},"geometry":{"type":"Point","coordinates":[73.7132,20.1739]}},{"type":"Feature","properties":{"id":9013,"storage_mcm":null,"grand_id":null,"qa":"C2"},"geometry":{"type":"Point","coordinates":[82.701,20.4534]}},{"type":"Feature","properties":{"id":9014,"storage_mcm":null,"grand_id":null,"qa":"C2"},"geometry":{"type":"Point","coordinates":[74.9041,17.1578]}},{"type":"Feature","properties":{"id":9015,"storage_mcm":null,"grand_id":null,"qa":"C2"},"geometry":{"type":"Point","coordinates":[79.4743,21.4166]}},{"type":"Feature","properties":{"id":9016,"storage_mcm":null,"grand_id":null,"qa":"C1"},"geometry":{"type":"Point","coordinates":[74.1086,17.08]}},{"type":"Feature","properties":{"id":9017,"storage_mcm":null,"grand_id":null,"qa":"C1"},"geometry":{"type":"Point","coordinates":[70.8447,22.3054]}},{"type":"Feature","properties":{"id":9018,"storage_mcm":null,"grand_id":null,"qa":"C2"},"geometry":{"type":"Point","coordinates":[77.4868,18.4765]}},{"type":"Feature","properties":{"id":9019,"storage_mcm":null,"grand_id":null,"qa":"C1"},"geometry":{"type":"Point","coordinates":[83.4964,18.7846]}},{"type":"Feature","properties":{"id":9020,"storage_mcm":null,"grand_id":null,"qa":"C2"},"geometry":{"type":"Point","coordinates":[78.7632,21.2691]}},{"type":"Feature","properties":{"id":9021,"storage_mcm":null,"grand_id":null,"qa":"C2"},"geometry":{"type":"Point","coordinates":[74.2817,25.7057]}},{"type":"Feature","properties":{"id":9022,"storage_mcm":null,"grand_id":null,"qa":"C2"},"geometry":{"type":"Point","coordinates":[87.0837,23.4074]}},{"type":"Feature","properties":{"id":9023,"storage_mcm":null,"grand_id":null,"qa":"C1"},"geometry":{"type":"Point","coordinates":[77.7615,19.7394]}},{"type":"Feature","properties":{"id":9024,"storage_mcm":null,"grand_id":null,"qa":"C2"},"geometry":{"type":"Point","coordinates":[77.2268,21.2313]}},{"type":"Feature","properties":{"id":9025,"storage_mcm":null,"grand_id":null,"qa":"C2"},"geometry":{"type":"Point","coordinates":[78.5675,12.2649]}},{"type":"Feature","properties":{"id":9026,"storage_mcm":null,"grand_id":null,"qa":"C1"},"geometry":{"type":"Point","coordinates":[80.2621,20.8448]}},{"type":"Feature","properties":{"id":9027,"storage_mcm":null,"grand_id":null,"qa":"C2"},"geometry":{"type":"Point","coordinates":[76.6289,19.5107]}},{"type":"Feature","properties":{"id":9028,"storage_mcm":null,"grand_id":null,"qa":"C2"},"geometry":{"type":"Point","coordinates":[79.5274,13.6825]}},{"type":"Feature","properties":{"id":9029,"storage_mcm":null,"grand_id":null,"qa":"C2"},"geometry":{"type":"Point","coordinates":[74.0849,16.4901]}},{"type":"Feature","properties":{"id":9030,"storage_mcm":null,"grand_id":null,"qa":"C2"},"geometry":{"type":"Point","coordinates":[78.2006,21.7059]}},{"type":"Feature","properties":{"id":9031,"storage_mcm":null,"grand_id":null,"qa":"C2"},"geometry":{"type":"Point","coordinates":[77.5433,20.0894]}},{"type":"Feature","properties":{"id":9032,"storage_mcm":null,"grand_id":null,"qa":"C2"},"geometry":{"type":"Point","coordinates":[77.6582,13.5092]}},{"type":"Feature","properties":{"id":9033,"storage_mcm":null,"grand_id":null,"qa":"C2"},"geometry":{"type":"Point","coordinates":[77.6992,22.9497]}},{"type":"Feature","properties":{"id":9034,"storage_mcm":null,"grand_id":null,"qa":"C2"},"geometry":{"type":"Point","coordinates":[76.1722,11.6182]}},{"type":"Feature","properties":{"id":9035,"storage_mcm":null,"grand_id":null,"qa":"C2"},"geometry":{"type":"Point","coordinates":[73.6941,16.9964]}},{"type":"Feature","properties":{"id":9036,"storage_mcm":null,"grand_id":null,"qa":"C2"},"geometry":{"type":"Point","coordinates":[74.7931,20.4774]}},{"type":"Feature","properties":{"id":9037,"storage_mcm":null,"grand_id":null,"qa":"C2"},"geometry":{"type":"Point","coordinates":[76.8942,18.3071]}},{"type":"Feature","properties":{"id":9038,"storage_mcm":null,"grand_id":null,"qa":"C2"},"geometry":{"type":"Point","coordinates":[73.7154,20.2225]}},{"type":"Feature","properties":{"id":9039,"storage_mcm":null,"grand_id":null,"qa":"C2"},"geometry":{"type":"Point","coordinates":[77.9068,20.837]}},{"type":"Feature","properties":{"id":9040,"storage_mcm":null,"grand_id":null,"qa":"C2"},"geometry":{"type":"Point","coordinates":[77.5017,23.6673]}},{"type":"Feature","properties":{"id":9041,"storage_mcm":null,"grand_id":null,"qa":"C2"},"geometry":{"type":"Point","coordinates":[78.2565,10.5801]}},{"type":"Feature","properties":{"id":9042,"storage_mcm":504.7,"grand_id":5035,"qa":"C4"},"geometry":{"type":"Point","coordinates":[76.7655,10.3808]}},{"type":"Feature","properties":{"id":9043,"storage_mcm":null,"grand_id":null,"qa":"C1"},"geometry":{"type":"Point","coordinates":[81.8244,24.6126]}},{"type":"Feature","properties":{"id":9044,"storage_mcm":null,"grand_id":null,"qa":"C1"},"geometry":{"type":"Point","coordinates":[78.4887,20.9517]}},{"type":"Feature","properties":{"id":9045,"storage_mcm":null,"grand_id":null,"qa":"C2"},"geometry":{"type":"Point","coordinates":[70.9614,20.9424]}},{"type":"Feature","properties":{"id":9046,"storage_mcm":null,"grand_id":null,"qa":"C2"},"geometry":{"type":"Point","coordinates":[69.8096,22.0223]}},{"type":"Feature","properties":{"id":9047,"storage_mcm":null,"grand_id":null,"qa":"C1"},"geometry":{"type":"Point","coordinates":[77.2427,13.4173]}},{"type":"Feature","properties":{"id":9048,"storage_mcm":null,"grand_id":null,"qa":"C2"},"geometry":{"type":"Point","coordinates":[74.6732,17.0845]}},{"type":"Feature","properties":{"id":9049,"storage_mcm":21.1,"grand_id":4906,"qa":"C2"},"geometry":{"type":"Point","coordinates":[79.9482,21.2892]}},{"type":"Feature","properties":{"id":9050,"storage_mcm":null,"grand_id":null,"qa":"C1"},"geometry":{"type":"Point","coordinates":[81.4301,23.3176]}},{"type":"Feature","properties":{"id":9051,"storage_mcm":null,"grand_id":null,"qa":"C1"},"geometry":{"type":"Point","coordinates":[75.8496,26.9568]}},{"type":"Feature","properties":{"id":9052,"storage_mcm":null,"grand_id":null,"qa":"C2"},"geometry":{"type":"Point","coordinates":[70.7735,21.6562]}},{"type":"Feature","properties":{"id":9053,"storage_mcm":null,"grand_id":null,"qa":"C2"},"geometry":{"type":"Point","coordinates":[77.2527,8.4363]}},{"type":"Feature","properties":{"id":9054,"storage_mcm":null,"grand_id":null,"qa":"C2"},"geometry":{"type":"Point","coordinates":[75.2876,25.6143]}},{"type":"Feature","properties":{"id":9055,"storage_mcm":null,"grand_id":null,"qa":"C2"},"geometry":{"type":"Point","coordinates":[72.9317,18.4695]}},{"type":"Feature","properties":{"id":9056,"storage_mcm":419.1,"grand_id":4728,"qa":"C1"},"geometry":{"type":"Point","coordinates":[74.5482,23.6265]}},{"type":"Feature","properties":{"id":9057,"storage_mcm":null,"grand_id":null,"qa":"C2"},"geometry":{"type":"Point","coordinates":[71.5764,22.0855]}},{"type":"Feature","properties":{"id":9058,"storage_mcm":null,"grand_id":null,"qa":"C2"},"geometry":{"type":"Point","coordinates":[86.8095,22.0554]}},{"type":"Feature","properties":{"id":9059,"storage_mcm":null,"grand_id":null,"qa":"C2"},"geometry":{"type":"Point","coordinates":[70.3619,22.6349]}},{"type":"Feature","properties":{"id":9060,"storage_mcm":null,"grand_id":null,"qa":"C1"},"geometry":{"type":"Point","coordinates":[85.6261,21.5768]}},{"type":"Feature","properties":{"id":9061,"storage_mcm":60.5,"grand_id":4960,"qa":"C3"},"geometry":{"type":"Point","coordinates":[80.0927,18.1637]}},{"type":"Feature","properties":{"id":9062,"storage_mcm":null,"grand_id":null,"qa":"C1"},"geometry":{"type":"Point","coordinates":[77.2243,20.0353]}},{"type":"Feature","properties":{"id":9063,"storage_mcm":null,"grand_id":null,"qa":"C2"},"geometry":{"type":"Point","coordinates":[73.4132,21.3386]}},{"type":"Feature","properties":{"id":9064,"storage_mcm":null,"grand_id":null,"qa":"C1"},"geometry":{"type":"Point","coordinates":[74.3157,16.4437]}},{"type":"Feature","properties":{"id":9065,"storage_mcm":null,"grand_id":null,"qa":"C1"},"geometry":{"type":"Point","coordinates":[80.3041,23.5981]}},{"type":"Feature","properties":{"id":9066,"storage_mcm":10.2,"grand_id":4969,"qa":"C2"},"geometry":{"type":"Point","coordinates":[76.5687,17.8316]}},{"type":"Feature","properties":{"id":9067,"storage_mcm":null,"grand_id":null,"qa":"C2"},"geometry":{"type":"Point","coordinates":[74.5755,21.1514]}},{"type":"Feature","properties":{"id":9068,"storage_mcm":null,"grand_id":null,"qa":"C1"},"geometry":{"type":"Point","coordinates":[75.6648,16.1404]}},{"type":"Feature","properties":{"id":9069,"storage_mcm":null,"grand_id":null,"qa":"C2"},"geometry":{"type":"Point","coordinates":[73.3871,25.9826]}},{"type":"Feature","properties":{"id":9070,"storage_mcm":null,"grand_id":null,"qa":"C2"},"geometry":{"type":"Point","coordinates":[76.3051,20.0498]}},{"type":"Feature","properties":{"id":9071,"storage_mcm":null,"grand_id":null,"qa":"C1"},"geometry":{"type":"Point","coordinates":[73.3851,22.3751]}},{"type":"Feature","properties":{"id":9072,"storage_mcm":null,"grand_id":null,"qa":"C2"},"geometry":{"type":"Point","coordinates":[70.1731,21.795]}},{"type":"Feature","properties":{"id":9073,"storage_mcm":null,"grand_id":null,"qa":"C2"},"geometry":{"type":"Point","coordinates":[70.7546,22.6389]}},{"type":"Feature","properties":{"id":9074,"storage_mcm":12.1,"grand_id":4854,"qa":"C1"},"geometry":{"type":"Point","coordinates":[78.7919,24.3576]}},{"type":"Feature","properties":{"id":9075,"storage_mcm":null,"grand_id":null,"qa":"C2"},"geometry":{"type":"Point","coordinates":[73.8609,19.7916]}},{"type":"Feature","properties":{"id":9076,"storage_mcm":null,"grand_id":null,"qa":"C2"},"geometry":{"type":"Point","coordinates":[82.4021,17.2912]}},{"type":"Feature","properties":{"id":9077,"storage_mcm":null,"grand_id":null,"qa":"C1"},"geometry":{"type":"Point","coordinates":[81.2911,22.8378]}},{"type":"Feature","properties":{"id":9078,"storage_mcm":null,"grand_id":null,"qa":"C2"},"geometry":{"type":"Point","coordinates":[77.6752,19.8193]}},{"type":"Feature","properties":{"id":9079,"storage_mcm":null,"grand_id":null,"qa":"C2"},"geometry":{"type":"Point","coordinates":[76.371,20.7207]}},{"type":"Feature","properties":{"id":9080,"storage_mcm":null,"grand_id":null,"qa":"C2"},"geometry":{"type":"Point","coordinates":[69.7717,22.0519]}},{"type":"Feature","properties":{"id":9081,"storage_mcm":null,"grand_id":null,"qa":"C2"},"geometry":{"type":"Point","coordinates":[68.8362,23.3356]}},{"type":"Feature","properties":{"id":9082,"storage_mcm":80.5,"grand_id":4813,"qa":"C2"},"geometry":{"type":"Point","coordinates":[77.6937,25.8986]}},{"type":"Feature","properties":{"id":9083,"storage_mcm":null,"grand_id":null,"qa":"C2"},"geometry":{"type":"Point","coordinates":[85.8857,21.2926]}},{"type":"Feature","properties":{"id":9084,"storage_mcm":null,"grand_id":null,"qa":"C2"},"geometry":{"type":"Point","coordinates":[77.8176,11.0297]}},{"type":"Feature","properties":{"id":9085,"storage_mcm":null,"grand_id":null,"qa":"C1"},"geometry":{"type":"Point","coordinates":[80.7166,22.82]}},{"type":"Feature","properties":{"id":9086,"storage_mcm":9.0,"grand_id":4903,"qa":"C2"},"geometry":{"type":"Point","coordinates":[76.0401,21.3365]}},{"type":"Feature","properties":{"id":9087,"storage_mcm":null,"grand_id":null,"qa":"C2"},"geometry":{"type":"Point","coordinates":[75.0824,20.1171]}},{"type":"Feature","properties":{"id":9088,"storage_mcm":78.5,"grand_id":5103,"qa":"C1"},"geometry":{"type":"Point","coordinates":[92.7129,25.526]}},{"type":"Feature","properties":{"id":9089,"storage_mcm":null,"grand_id":null,"qa":"C2"},"geometry":{"type":"Point","coordinates":[69.118,23.6408]}},{"type":"Feature","properties":{"id":9090,"storage_mcm":null,"grand_id":null,"qa":"C2"},"geometry":{"type":"Point","coordinates":[77.2065,20.323]}},{"type":"Feature","properties":{"id":9091,"storage_mcm":null,"grand_id":null,"qa":"C2"},"geometry":{"type":"Point","coordinates":[76.352,18.731]}},{"type":"Feature","properties":{"id":9092,"storage_mcm":null,"grand_id":null,"qa":"C1"},"geometry":{"type":"Point","coordinates":[71.6032,22.7229]}},{"type":"Feature","properties":{"id":9093,"storage_mcm":null,"grand_id":null,"qa":"C2"},"geometry":{"type":"Point","coordinates":[79.2126,20.8678]}},{"type":"Feature","properties":{"id":9094,"storage_mcm":null,"grand_id":null,"qa":"C1"},"geometry":{"type":"Point","coordinates":[78.7462,25.3759]}},{"type":"Feature","properties":{"id":9095,"storage_mcm":null,"grand_id":null,"qa":"C2"},"geometry":{"type":"Point","coordinates":[74.5669,19.1344]}},{"type":"Feature","properties":{"id":9096,"storage_mcm":null,"grand_id":null,"qa":"C2"},"geometry":{"type":"Point","coordinates":[74.4817,18.9925]}},{"type":"Feature","properties":{"id":9097,"storage_mcm":null,"grand_id":null,"qa":"C2"},"geometry":{"type":"Point","coordinates":[77.6808,24.5283]}},{"type":"Feature","properties":{"id":9098,"storage_mcm":null,"grand_id":null,"qa":"C2"},"geometry":{"type":"Point","coordinates":[76.8735,20.1]}},{"type":"Feature","properties":{"id":9099,"storage_mcm":null,"grand_id":null,"qa":"C2"},"geometry":{"type":"Point","coordinates":[79.381,20.6359]}},{"type":"Feature","properties":{"id":9100,"storage_mcm":null,"grand_id":null,"qa":"C1"},"geometry":{"type":"Point","coordinates":[77.3546,9.7323]}},{"type":"Feature","properties":{"id":9101,"storage_mcm":null,"grand_id":null,"qa":"C2"},"geometry":{"type":"Point","coordinates":[77.3316,20.6044]}},{"type":"Feature","properties":{"id":9102,"storage_mcm":609.0,"grand_id":4740,"qa":"C2"},"geometry":{"type":"Point","coordinates":[74.7135,20.4774]}},{"type":"Feature","properties":{"id":9103,"storage_mcm":null,"grand_id":null,"qa":"C2"},"geometry":{"type":"Point","coordinates":[73.8644,21.0615]}},{"type":"Feature","properties":{"id":9104,"storage_mcm":130.0,"grand_id":4833,"qa":"C1"},"geometry":{"type":"Point","coordinates":[78.5215,24.9475]}},{"type":"Feature","properties":{"id":9105,"storage_mcm":null,"grand_id":null,"qa":"C2"},"geometry":{"type":"Point","coordinates":[77.9889,20.9858]}},{"type":"Feature","properties":{"id":9106,"storage_mcm":null,"grand_id":null,"qa":"C2"},"geometry":{"type":"Point","coordinates":[76.9456,20.2427]}},{"type":"Feature","properties":{"id":9107,"storage_mcm":null,"grand_id":null,"qa":"C2"},"geometry":{"type":"Point","coordinates":[74.3205,19.0095]}},{"type":"Feature","properties":{"id":9108,"storage_mcm":null,"grand_id":null,"qa":"C2"},"geometry":{"type":"Point","coordinates":[73.9562,18.3459]}},{"type":"Feature","properties":{"id":9109,"storage_mcm":null,"grand_id":null,"qa":"C2"},"geometry":{"type":"Point","coordinates":[74.1666,26.1784]}},{"type":"Feature","properties":{"id":9110,"storage_mcm":1276.0,"grand_id":4978,"qa":"C2"},"geometry":{"type":"Point","coordinates":[81.348,17.2861]}},{"type":"Feature","properties":{"id":9111,"storage_mcm":null,"grand_id":null,"qa":"C2"},"geometry":{"type":"Point","coordinates":[72.8918,24.743]}},{"type":"Feature","properties":{"id":9112,"storage_mcm":null,"grand_id":null,"qa":"C2"},"geometry":{"type":"Point","coordinates":[84.4461,19.2852]}},{"type":"Feature","properties":{"id":9113,"storage_mcm":null,"grand_id":null,"qa":"C2"},"geometry":{"type":"Point","coordinates":[76.3283,20.6349]}},{"type":"Feature","properties":{"id":9114,"storage_mcm":null,"grand_id":null,"qa":"C1"},"geometry":{"type":"Point","coordinates":[80.5121,21.2415]}},{"type":"Feature","properties":{"id":9115,"storage_mcm":null,"grand_id":null,"qa":"C2"},"geometry":{"type":"Point","coordinates":[73.2205,18.4262]}},{"type":"Feature","properties":{"id":9116,"storage_mcm":null,"grand_id":null,"qa":"C1"},"geometry":{"type":"Point","coordinates":[76.0675,20.7377]}},{"type":"Feature","properties":{"id":9117,"storage_mcm":null,"grand_id":null,"qa":"C2"},"geometry":{"type":"Point","coordinates":[79.1209,21.4869]}},{"type":"Feature","properties":{"id":9118,"storage_mcm":null,"grand_id":null,"qa":"C2"},"geometry":{"type":"Point","coordinates":[78.8683,21.0641]}},{"type":"Feature","properties":{"id":9119,"storage_mcm":null,"grand_id":null,"qa":"C2"},"geometry":{"type":"Point","coordinates":[84.7342,22.1804]}},{"type":"Feature","properties":{"id":9120,"storage_mcm":null,"grand_id":null,"qa":"C2"},"geometry":{"type":"Point","coordinates":[83.1944,18.3389]}},{"type":"Feature","properties":{"id":9121,"storage_mcm":null,"grand_id":null,"qa":"C2"},"geometry":{"type":"Point","coordinates":[75.6463,20.9748]}},{"type":"Feature","properties":{"id":9122,"storage_mcm":null,"grand_id":null,"qa":"C2"},"geometry":{"type":"Point","coordinates":[73.0584,18.152]}},{"type":"Feature","properties":{"id":9123,"storage_mcm":1.4,"grand_id":4911,"qa":"C2"},"geometry":{"type":"Point","coordinates":[82.0436,20.5993]}},{"type":"Feature","properties":{"id":9124,"storage_mcm":null,"grand_id":null,"qa":"C1"},"geometry":{"type":"Point","coordinates":[79.6853,22.0414]}},{"type":"Feature","properties":{"id":9125,"storage_mcm":null,"grand_id":null,"qa":"C2"},"geometry":{"type":"Point","coordinates":[76.6897,20.4151]}},{"type":"Feature","properties":{"id":9126,"storage_mcm":13.0,"grand_id":4918,"qa":"C2"},"geometry":{"type":"Point","coordinates":[81.3688,21.0146]}},{"type":"Feature","properties":{"id":9127,"storage_mcm":null,"grand_id":null,"qa":"C1"},"geometry":{"type":"Point","coordinates":[79.9814,21.997]}},{"type":"Feature","properties":{"id":9128,"storage_mcm":null,"grand_id":null,"qa":"C2"},"geometry":{"type":"Point","coordinates":[76.3391,20.7036]}},{"type":"Feature","properties":{"id":9129,"storage_mcm":230.5,"grand_id":6988,"qa":"C2"},"geometry":{"type":"Point","coordinates":[73.7231,18.8353]}},{"type":"Feature","properties":{"id":9130,"storage_mcm":null,"grand_id":null,"qa":"C1"},"geometry":{"type":"Point","coordinates":[77.272,20.095]}},{"type":"Feature","properties":{"id":9131,"storage_mcm":null,"grand_id":null,"qa":"C2"},"geometry":{"type":"Point","coordinates":[74.0339,21.2318]}},{"type":"Feature","properties":{"id":9132,"storage_mcm":null,"grand_id":null,"qa":"C2"},"geometry":{"type":"Point","coordinates":[73.6152,16.8668]}},{"type":"Feature","properties":{"id":9133,"storage_mcm":104.0,"grand_id":4928,"qa":"C4"},"geometry":{"type":"Point","coordinates":[81.541,24.2247]}},{"type":"Feature","properties":{"id":9134,"storage_mcm":null,"grand_id":null,"qa":"C1"},"geometry":{"type":"Point","coordinates":[84.3379,22.7186]}},{"type":"Feature","properties":{"id":9135,"storage_mcm":null,"grand_id":null,"qa":"C2"},"geometry":{"type":"Point","coordinates":[75.8675,20.9972]}},{"type":"Feature","properties":{"id":9136,"storage_mcm":null,"grand_id":null,"qa":"C2"},"geometry":{"type":"Point","coordinates":[71.0457,21.3575]}},{"type":"Feature","properties":{"id":9137,"storage_mcm":null,"grand_id":null,"qa":"C2"},"geometry":{"type":"Point","coordinates":[76.1818,20.215]}},{"type":"Feature","properties":{"id":9138,"storage_mcm":null,"grand_id":null,"qa":"C2"},"geometry":{"type":"Point","coordinates":[74.8006,21.302]}},{"type":"Feature","properties":{"id":9139,"storage_mcm":null,"grand_id":null,"qa":"C2"},"geometry":{"type":"Point","coordinates":[73.5226,25.2599]}},{"type":"Feature","properties":{"id":9140,"storage_mcm":null,"grand_id":null,"qa":"C2"},"geometry":{"type":"Point","coordinates":[79.2916,20.7182]}},{"type":"Feature","properties":{"id":9141,"storage_mcm":null,"grand_id":null,"qa":"C2"},"geometry":{"type":"Point","coordinates":[76.2045,20.2023]}},{"type":"Feature","properties":{"id":9142,"storage_mcm":null,"grand_id":null,"qa":"C1"},"geometry":{"type":"Point","coordinates":[78.9974,22.081]}},{"type":"Feature","properties":{"id":9143,"storage_mcm":null,"grand_id":null,"qa":"C2"},"geometry":{"type":"Point","coordinates":[77.2031,12.731]}},{"type":"Feature","properties":{"id":9144,"storage_mcm":46.4,"grand_id":4947,"qa":"C2"},"geometry":{"type":"Point","coordinates":[76.1271,18.9437]}},{"type":"Feature","properties":{"id":9145,"storage_mcm":null,"grand_id":null,"qa":"C2"},"geometry":{"type":"Point","coordinates":[75.3896,18.9934]}},{"type":"Feature","properties":{"id":9146,"storage_mcm":251.9,"grand_id":4950,"qa":"C2"},"geometry":{"type":"Point","coordinates":[76.1588,18.5579]}},{"type":"Feature","properties":{"id":9147,"storage_mcm":null,"grand_id":null,"qa":"C2"},"geometry":{"type":"Point","coordinates":[74.7893,18.2419]}},{"type":"Feature","properties":{"id":9148,"storage_mcm":null,"grand_id":null,"qa":"C2"},"geometry":{"type":"Point","coordinates":[70.9698,22.4661]}},{"type":"Feature","properties":{"id":9149,"storage_mcm":18.8,"grand_id":4982,"qa":"C3"},"geometry":{"type":"Point","coordinates":[80.7163,17.1652]}},{"type":"Feature","properties":{"id":9150,"storage_mcm":74.0,"grand_id":5008,"qa":"C2"},"geometry":{"type":"Point","coordinates":[77.4575,12.5644]}},{"type":"Feature","properties":{"id":9151,"storage_mcm":null,"grand_id":null,"qa":"C1"},"geometry":{"type":"Point","coordinates":[74.2128,16.6542]}},{"type":"Feature","properties":{"id":9152,"storage_mcm":96.9,"grand_id":4846,"qa":"C1"},"geometry":{"type":"Point","coordinates":[78.4145,24.6729]}},{"type":"Feature","properties":{"id":9153,"storage_mcm":109.4,"grand_id":5029,"qa":"C2"},"geometry":{"type":"Point","coordinates":[76.9656,10.4802]}},{"type":"Feature","properties":{"id":9154,"storage_mcm":null,"grand_id":null,"qa":"C2"},"geometry":{"type":"Point","coordinates":[70.7359,21.2843]}},{"type":"Feature","properties":{"id":9155,"storage_mcm":null,"grand_id":null,"qa":"C2"},"geometry":{"type":"Point","coordinates":[74.8353,21.0671]}},{"type":"Feature","properties":{"id":9156,"storage_mcm":382.3,"grand_id":4765,"qa":"C2"},"geometry":{"type":"Point","coordinates":[73.8174,17.9812]}},{"type":"Feature","properties":{"id":9157,"storage_mcm":null,"grand_id":null,"qa":"C2"},"geometry":{"type":"Point","coordinates":[75.9333,26.9169]}},{"type":"Feature","properties":{"id":9158,"storage_mcm":null,"grand_id":null,"qa":"C1"},"geometry":{"type":"Point","coordinates":[86.26,21.2125]}},{"type":"Feature","properties":{"id":9159,"storage_mcm":null,"grand_id":null,"qa":"C2"},"geometry":{"type":"Point","coordinates":[83.619,18.588]}},{"type":"Feature","properties":{"id":9160,"storage_mcm":null,"grand_id":null,"qa":"C2"},"geometry":{"type":"Point","coordinates":[73.86,17.1375]}},{"type":"Feature","properties":{"id":9161,"storage_mcm":null,"grand_id":null,"qa":"C2"},"geometry":{"type":"Point","coordinates":[73.8794,22.8897]}},{"type":"Feature","properties":{"id":9162,"storage_mcm":null,"grand_id":null,"qa":"C4"},"geometry":{"type":"Point","coordinates":[79.373,18.8443]}},{"type":"Feature","properties":{"id":9163,"storage_mcm":234.4,"grand_id":6868,"qa":"C2"},"geometry":{"type":"Point","coordinates":[74.1798,15.212]}},{"type":"Feature","properties":{"id":9164,"storage_mcm":null,"grand_id":null,"qa":"C4"},"geometry":{"type":"Point","coordinates":[76.7356,10.3214]}},{"type":"Feature","properties":{"id":9165,"storage_mcm":null,"grand_id":null,"qa":"C2"},"geometry":{"type":"Point","coordinates":[77.3575,20.2454]}},{"type":"Feature","properties":{"id":9166,"storage_mcm":null,"grand_id":null,"qa":"C2"},"geometry":{"type":"Point","coordinates":[77.6064,20.1917]}},{"type":"Feature","properties":{"id":9167,"storage_mcm":null,"grand_id":null,"qa":"C2"},"geometry":{"type":"Point","coordinates":[82.1341,19.7114]}},{"type":"Feature","properties":{"id":9168,"storage_mcm":null,"grand_id":null,"qa":"C2"},"geometry":{"type":"Point","coordinates":[73.2598,19.557]}},{"type":"Feature","properties":{"id":9169,"storage_mcm":null,"grand_id":null,"qa":"C2"},"geometry":{"type":"Point","coordinates":[74.7732,17.1644]}},{"type":"Feature","properties":{"id":9170,"storage_mcm":null,"grand_id":null,"qa":"C1"},"geometry":{"type":"Point","coordinates":[77.171,20.2033]}},{"type":"Feature","properties":{"id":9171,"storage_mcm":null,"grand_id":null,"qa":"C1"},"geometry":{"type":"Point","coordinates":[77.0988,20.0455]}},{"type":"Feature","properties":{"id":9172,"storage_mcm":null,"grand_id":null,"qa":"C2"},"geometry":{"type":"Point","coordinates":[71.896,21.2923]}},{"type":"Feature","properties":{"id":9173,"storage_mcm":59.1,"grand_id":4986,"qa":"C4"},"geometry":{"type":"Point","coordinates":[78.6802,16.5398]}},{"type":"Feature","properties":{"id":9174,"storage_mcm":null,"grand_id":null,"qa":"C2"},"geometry":{"type":"Point","coordinates":[77.6679,20.3058]}},{"type":"Feature","properties":{"id":9175,"storage_mcm":null,"grand_id":null,"qa":"C2"},"geometry":{"type":"Point","coordinates":[79.0687,15.566]}},{"type":"Feature","properties":{"id":9176,"storage_mcm":null,"grand_id":null,"qa":"C1"},"geometry":{"type":"Point","coordinates":[77.8532,20.9351]}},{"type":"Feature","properties":{"id":9177,"storage_mcm":null,"grand_id":null,"qa":"C2"},"geometry":{"type":"Point","coordinates":[74.1175,19.2668]}},{"type":"Feature","properties":{"id":9178,"storage_mcm":null,"grand_id":null,"qa":"C2"},"geometry":{"type":"Point","coordinates":[76.6523,11.5723]}},{"type":"Feature","properties":{"id":9179,"storage_mcm":null,"grand_id":null,"qa":"C2"},"geometry":{"type":"Point","coordinates":[77.5605,11.6777]}},{"type":"Feature","properties":{"id":9180,"storage_mcm":null,"grand_id":null,"qa":"C2"},"geometry":{"type":"Point","coordinates":[73.5932,16.0341]}},{"type":"Feature","properties":{"id":9181,"storage_mcm":null,"grand_id":null,"qa":"C1"},"geometry":{"type":"Point","coordinates":[80.2235,21.2288]}},{"type":"Feature","properties":{"id":9182,"storage_mcm":null,"grand_id":null,"qa":"C2"},"geometry":{"type":"Point","coordinates":[78.9501,21.5415]}},{"type":"Feature","properties":{"id":9183,"storage_mcm":null,"grand_id":null,"qa":"C1"},"geometry":{"type":"Point","coordinates":[78.2833,26.0007]}},{"type":"Feature","properties":{"id":9184,"storage_mcm":null,"grand_id":null,"qa":"C2"},"geometry":{"type":"Point","coordinates":[75.2993,17.191]}},{"type":"Feature","properties":{"id":9185,"storage_mcm":null,"grand_id":null,"qa":"C1"},"geometry":{"type":"Point","coordinates":[79.9347,20.0121]}},{"type":"Feature","properties":{"id":9186,"storage_mcm":null,"grand_id":null,"qa":"C1"},"geometry":{"type":"Point","coordinates":[78.1897,20.4463]}},{"type":"Feature","properties":{"id":9187,"storage_mcm":null,"grand_id":null,"qa":"C2"},"geometry":{"type":"Point","coordinates":[76.7477,30.8676]}},{"type":"Feature","properties":{"id":9188,"storage_mcm":null,"grand_id":null,"qa":"C2"},"geometry":{"type":"Point","coordinates":[75.1122,20.9116]}},{"type":"Feature","properties":{"id":9189,"storage_mcm":null,"grand_id":null,"qa":"C2"},"geometry":{"type":"Point","coordinates":[77.2736,20.4748]}},{"type":"Feature","properties":{"id":9190,"storage_mcm":3610.0,"grand_id":4961,"qa":"C4"},"geometry":{"type":"Point","coordinates":[82.1115,18.1574]}},{"type":"Feature","properties":{"id":9191,"storage_mcm":11.7,"grand_id":4998,"qa":"C2"},"geometry":{"type":"Point","coordinates":[75.2594,14.1855]}},{"type":"Feature","properties":{"id":9192,"storage_mcm":null,"grand_id":null,"qa":"C2"},"geometry":{"type":"Point","coordinates":[73.6438,17.473]}},{"type":"Feature","properties":{"id":9193,"storage_mcm":null,"grand_id":null,"qa":"C2"},"geometry":{"type":"Point","coordinates":[84.6505,22.1717]}},{"type":"Feature","properties":{"id":9194,"storage_mcm":null,"grand_id":null,"qa":"C1"},"geometry":{"type":"Point","coordinates":[76.2312,26.9816]}},{"type":"Feature","properties":{"id":9195,"storage_mcm":null,"grand_id":null,"qa":"C2"},"geometry":{"type":"Point","coordinates":[74.3492,16.2698]}},{"type":"Feature","properties":{"id":9196,"storage_mcm":null,"grand_id":null,"qa":"C2"},"geometry":{"type":"Point","coordinates":[73.1217,19.7747]}},{"type":"Feature","properties":{"id":9197,"storage_mcm":96.2,"grand_id":4722,"qa":"C2"},"geometry":{"type":"Point","coordinates":[74.5419,25.3952]}},{"type":"Feature","properties":{"id":9198,"storage_mcm":null,"grand_id":null,"qa":"C2"},"geometry":{"type":"Point","coordinates":[79.6544,21.4739]}},{"type":"Feature","properties":{"id":9199,"storage_mcm":null,"grand_id":null,"qa":"C2"},"geometry":{"type":"Point","coordinates":[73.0715,18.895]}},{"type":"Feature","properties":{"id":9200,"storage_mcm":null,"grand_id":null,"qa":"C1"},"geometry":{"type":"Point","coordinates":[73.1869,23.699]}},{"type":"Feature","properties":{"id":9201,"storage_mcm":null,"grand_id":null,"qa":"C1"},"geometry":{"type":"Point","coordinates":[85.9809,23.4268]}},{"type":"Feature","properties":{"id":9202,"storage_mcm":null,"grand_id":null,"qa":"C2"},"geometry":{"type":"Point","coordinates":[80.0346,21.4138]}},{"type":"Feature","properties":{"id":9203,"storage_mcm":null,"grand_id":null,"qa":"C1"},"geometry":{"type":"Point","coordinates":[79.6649,21.11]}},{"type":"Feature","properties":{"id":9204,"storage_mcm":null,"grand_id":null,"qa":"C3"},"geometry":{"type":"Point","coordinates":[78.9508,18.3944]}},{"type":"Feature","properties":{"id":9205,"storage_mcm":null,"grand_id":null,"qa":"C2"},"geometry":{"type":"Point","coordinates":[69.958,22.3316]}},{"type":"Feature","properties":{"id":9206,"storage_mcm":null,"grand_id":null,"qa":"C1"},"geometry":{"type":"Point","coordinates":[79.293,14.9867]}},{"type":"Feature","properties":{"id":9207,"storage_mcm":null,"grand_id":null,"qa":"C2"},"geometry":{"type":"Point","coordinates":[77.7388,24.5849]}},{"type":"Feature","properties":{"id":9208,"storage_mcm":null,"grand_id":null,"qa":"C2"},"geometry":{"type":"Point","coordinates":[77.0435,10.3896]}},{"type":"Feature","properties":{"id":9209,"storage_mcm":null,"grand_id":null,"qa":"C1"},"geometry":{"type":"Point","coordinates":[76.5532,16.0176]}},{"type":"Feature","properties":{"id":9210,"storage_mcm":934.3,"grand_id":4938,"qa":"C2"},"geometry":{"type":"Point","coordinates":[76.7302,19.7205]}},{"type":"Feature","properties":{"id":9211,"storage_mcm":103.3,"grand_id":4904,"qa":"C2"},"geometry":{"type":"Point","coordinates":[75.1489,21.312]}},{"type":"Feature","properties":{"id":9212,"storage_mcm":287.8,"grand_id":4930,"qa":"C1"},"geometry":{"type":"Point","coordinates":[81.7578,20.3049]}},{"type":"Feature","properties":{"id":9213,"storage_mcm":null,"grand_id":null,"qa":"C2"},"geometry":{"type":"Point","coordinates":[76.4565,17.7929]}},{"type":"Feature","properties":{"id":9214,"storage_mcm":null,"grand_id":null,"qa":"C2"},"geometry":{"type":"Point","coordinates":[74.4249,15.9763]}},{"type":"Feature","properties":{"id":9215,"storage_mcm":37.0,"grand_id":4968,"qa":"C2"},"geometry":{"type":"Point","coordinates":[76.2656,17.8407]}},{"type":"Feature","properties":{"id":9216,"storage_mcm":null,"grand_id":null,"qa":"C2"},"geometry":{"type":"Point","coordinates":[75.5791,17.0908]}},{"type":"Feature","properties":{"id":9217,"storage_mcm":null,"grand_id":null,"qa":"C2"},"geometry":{"type":"Point","coordinates":[73.0376,23.7115]}},{"type":"Feature","properties":{"id":9218,"storage_mcm":null,"grand_id":null,"qa":"C2"},"geometry":{"type":"Point","coordinates":[69.1227,23.5831]}},{"type":"Feature","properties":{"id":9219,"storage_mcm":null,"grand_id":null,"qa":"C1"},"geometry":{"type":"Point","coordinates":[83.364,21.5088]}},{"type":"Feature","properties":{"id":9220,"storage_mcm":null,"grand_id":null,"qa":"C2"},"geometry":{"type":"Point","coordinates":[73.555,19.7323]}},{"type":"Feature","properties":{"id":9221,"storage_mcm":150.1,"grand_id":6996,"qa":"C2"},"geometry":{"type":"Point","coordinates":[75.3991,18.3159]}},{"type":"Feature","properties":{"id":9222,"storage_mcm":null,"grand_id":null,"qa":"C2"},"geometry":{"type":"Point","coordinates":[85.9354,22.9457]}},{"type":"Feature","properties":{"id":9223,"storage_mcm":null,"grand_id":null,"qa":"C1"},"geometry":{"type":"Point","coordinates":[73.2854,20.7008]}},{"type":"Feature","properties":{"id":9224,"storage_mcm":null,"grand_id":null,"qa":"C2"},"geometry":{"type":"Point","coordinates":[77.65,20.0653]}},{"type":"Feature","properties":{"id":9225,"storage_mcm":null,"grand_id":null,"qa":"C2"},"geometry":{"type":"Point","coordinates":[75.9536,18.7663]}},{"type":"Feature","properties":{"id":9226,"storage_mcm":107.1,"grand_id":4724,"qa":"C1"},"geometry":{"type":"Point","coordinates":[73.8939,25.0608]}},{"type":"Feature","properties":{"id":9227,"storage_mcm":null,"grand_id":null,"qa":"C2"},"geometry":{"type":"Point","coordinates":[73.2772,17.8758]}},{"type":"Feature","properties":{"id":9228,"storage_mcm":null,"grand_id":null,"qa":"C2"},"geometry":{"type":"Point","coordinates":[74.0403,18.8125]}},{"type":"Feature","properties":{"id":9229,"storage_mcm":null,"grand_id":null,"qa":"C2"},"geometry":{"type":"Point","coordinates":[82.6618,20.8027]}},{"type":"Feature","properties":{"id":9230,"storage_mcm":null,"grand_id":null,"qa":"C2"},"geometry":{"type":"Point","coordinates":[79.7174,15.056]}},{"type":"Feature","properties":{"id":9231,"storage_mcm":null,"grand_id":null,"qa":"C1"},"geometry":{"type":"Point","coordinates":[77.7647,21.3699]}},{"type":"Feature","properties":{"id":9232,"storage_mcm":null,"grand_id":null,"qa":"C2"},"geometry":{"type":"Point","coordinates":[80.6667,21.208]}},{"type":"Feature","properties":{"id":9233,"storage_mcm":4435.0,"grand_id":4780,"qa":"C1"},"geometry":{"type":"Point","coordinates":[74.849,14.1755]}},{"type":"Feature","properties":{"id":9234,"storage_mcm":170.0,"grand_id":6857,"qa":"C2"},"geometry":{"type":"Point","coordinates":[75.1604,16.5646]}},{"type":"Feature","properties":{"id":9235,"storage_mcm":null,"grand_id":null,"qa":"C2"},"geometry":{"type":"Point","coordinates":[75.3154,20.2928]}},{"type":"Feature","properties":{"id":9236,"storage_mcm":null,"grand_id":null,"qa":"C1"},"geometry":{"type":"Point","coordinates":[73.4961,19.9317]}},{"type":"Feature","properties":{"id":9237,"storage_mcm":null,"grand_id":null,"qa":"C1"},"geometry":{"type":"Point","coordinates":[70.1843,22.4003]}},{"type":"Feature","properties":{"id":9238,"storage_mcm":130.0,"grand_id":4779,"qa":"C1"},"geometry":{"type":"Point","coordinates":[74.7802,14.193]}},{"type":"Feature","properties":{"id":9239,"storage_mcm":null,"grand_id":null,"qa":"C2"},"geometry":{"type":"Point","coordinates":[79.3749,15.0575]}},{"type":"Feature","properties":{"id":9240,"storage_mcm":null,"grand_id":null,"qa":"C2"},"geometry":{"type":"Point","coordinates":[74.3719,15.7941]}},{"type":"Feature","properties":{"id":9241,"storage_mcm":null,"grand_id":null,"qa":"C2"},"geometry":{"type":"Point","coordinates":[73.1711,20.0165]}},{"type":"Feature","properties":{"id":9242,"storage_mcm":3416.0,"grand_id":4883,"qa":"C1"},"geometry":{"type":"Point","coordinates":[82.5993,22.6051]}},{"type":"Feature","properties":{"id":9243,"storage_mcm":null,"grand_id":null,"qa":"C2"},"geometry":{"type":"Point","coordinates":[76.8444,18.8912]}},{"type":"Feature","properties":{"id":9244,"storage_mcm":null,"grand_id":null,"qa":"C2"},"geometry":{"type":"Point","coordinates":[74.9172,18.0537]}},{"type":"Feature","properties":{"id":9245,"storage_mcm":null,"grand_id":null,"qa":"C2"},"geometry":{"type":"Point","coordinates":[78.4589,21.3182]}},{"type":"Feature","properties":{"id":9246,"storage_mcm":353.8,"grand_id":4748,"qa":"C2"},"geometry":{"type":"Point","coordinates":[73.5073,19.8197]}},{"type":"Feature","properties":{"id":9247,"storage_mcm":null,"grand_id":null,"qa":"C2"},"geometry":{"type":"Point","coordinates":[77.0847,21.2037]}},{"type":"Feature","properties":{"id":9248,"storage_mcm":null,"grand_id":null,"qa":"C2"},"geometry":{"type":"Point","coordinates":[83.1569,20.4022]}},{"type":"Feature","properties":{"id":9249,"storage_mcm":null,"grand_id":null,"qa":"C1"},"geometry":{"type":"Point","coordinates":[73.3397,19.1927]}},{"type":"Feature","properties":{"id":9250,"storage_mcm":153.9,"grand_id":5012,"qa":"C2"},"geometry":{"type":"Point","coordinates":[76.4424,11.9731]}},{"type":"Feature","properties":{"id":9251,"storage_mcm":null,"grand_id":null,"qa":"C2"},"geometry":{"type":"Point","coordinates":[74.9757,17.738]}},{"type":"Feature","properties":{"id":9252,"storage_mcm":null,"grand_id":null,"qa":"C1"},"geometry":{"type":"Point","coordinates":[73.3996,18.7418]}},{"type":"Feature","properties":{"id":9253,"storage_mcm":null,"grand_id":null,"qa":"C2"},"geometry":{"type":"Point","coordinates":[76.7688,20.4136]}},{"type":"Feature","properties":{"id":9254,"storage_mcm":null,"grand_id":null,"qa":"C2"},"geometry":{"type":"Point","coordinates":[74.869,17.0775]}},{"type":"Feature","properties":{"id":9255,"storage_mcm":3540.0,"grand_id":4795,"qa":"C1"},"geometry":{"type":"Point","coordinates":[78.476,30.3746]}},{"type":"Feature","properties":{"id":9256,"storage_mcm":null,"grand_id":null,"qa":"C5"},"geometry":{"type":"Point","coordinates":[75.8214,32.6774]}},{"type":"Feature","properties":{"id":9257,"storage_mcm":null,"grand_id":null,"qa":"C2"},"geometry":{"type":"Point","coordinates":[75.8741,12.3973]}},{"type":"Feature","properties":{"id":9258,"storage_mcm":null,"grand_id":null,"qa":"C1"},"geometry":{"type":"Point","coordinates":[77.4071,14.8711]}},{"type":"Feature","properties":{"id":9259,"storage_mcm":null,"grand_id":null,"qa":"C2"},"geometry":{"type":"Point","coordinates":[70.1569,21.8933]}},{"type":"Feature","properties":{"id":9260,"storage_mcm":null,"grand_id":null,"qa":"C1"},"geometry":{"type":"Point","coordinates":[79.0461,20.9762]}},{"type":"Feature","properties":{"id":9261,"storage_mcm":null,"grand_id":null,"qa":"C1"},"geometry":{"type":"Point","coordinates":[75.9924,31.6021]}},{"type":"Feature","properties":{"id":9262,"storage_mcm":337.4,"grand_id":6994,"qa":"C2"},"geometry":{"type":"Point","coordinates":[73.7217,18.1012]}},{"type":"Feature","properties":{"id":9263,"storage_mcm":22.9,"grand_id":4954,"qa":"C1"},"geometry":{"type":"Point","coordinates":[76.1233,18.334]}},{"type":"Feature","properties":{"id":9264,"storage_mcm":238.0,"grand_id":4972,"qa":"C3"},"geometry":{"type":"Point","coordinates":[80.6594,17.6896]}},{"type":"Feature","properties":{"id":9265,"storage_mcm":null,"grand_id":null,"qa":"C1"},"geometry":{"type":"Point","coordinates":[79.048,19.6917]}},{"type":"Feature","properties":{"id":9266,"storage_mcm":null,"grand_id":null,"qa":"C1"},"geometry":{"type":"Point","coordinates":[78.1112,20.302]}},{"type":"Feature","properties":{"id":9267,"storage_mcm":null,"grand_id":null,"qa":"C1"},"geometry":{"type":"Point","coordinates":[80.5154,22.4777]}},{"type":"Feature","properties":{"id":9268,"storage_mcm":null,"grand_id":null,"qa":"C2"},"geometry":{"type":"Point","coordinates":[79.6965,20.3103]}},{"type":"Feature","properties":{"id":9269,"storage_mcm":124.7,"grand_id":4782,"qa":"C1"},"geometry":{"type":"Point","coordinates":[74.9729,13.7809]}},{"type":"Feature","properties":{"id":9270,"storage_mcm":null,"grand_id":null,"qa":"C2"},"geometry":{"type":"Point","coordinates":[78.5668,20.289]}},{"type":"Feature","properties":{"id":9271,"storage_mcm":null,"grand_id":null,"qa":"C2"},"geometry":{"type":"Point","coordinates":[72.9106,19.1514]}},{"type":"Feature","properties":{"id":9272,"storage_mcm":null,"grand_id":null,"qa":"C2"},"geometry":{"type":"Point","coordinates":[76.8397,21.4586]}},{"type":"Feature","properties":{"id":9273,"storage_mcm":null,"grand_id":null,"qa":"C2"},"geometry":{"type":"Point","coordinates":[74.3454,21.5122]}},{"type":"Feature","properties":{"id":9274,"storage_mcm":null,"grand_id":null,"qa":"C2"},"geometry":{"type":"Point","coordinates":[75.5364,22.0508]}},{"type":"Feature","properties":{"id":9275,"storage_mcm":null,"grand_id":null,"qa":"C3"},"geometry":{"type":"Point","coordinates":[79.0139,18.1861]}},{"type":"Feature","properties":{"id":9276,"storage_mcm":138.7,"grand_id":4919,"qa":"C2"},"geometry":{"type":"Point","coordinates":[78.702,20.9618]}},{"type":"Feature","properties":{"id":9277,"storage_mcm":null,"grand_id":null,"qa":"C2"},"geometry":{"type":"Point","coordinates":[78.6335,20.2317]}},{"type":"Feature","properties":{"id":9278,"storage_mcm":null,"grand_id":null,"qa":"C1"},"geometry":{"type":"Point","coordinates":[75.9692,31.6006]}},{"type":"Feature","properties":{"id":9279,"storage_mcm":76.2,"grand_id":4820,"qa":"C4"},"geometry":{"type":"Point","coordinates":[79.0885,25.2131]}},{"type":"Feature","properties":{"id":9280,"storage_mcm":null,"grand_id":null,"qa":"C1"},"geometry":{"type":"Point","coordinates":[76.1059,15.4597]}},{"type":"Feature","properties":{"id":9281,"storage_mcm":null,"grand_id":null,"qa":"C1"},"geometry":{"type":"Point","coordinates":[85.5553,23.4567]}},{"type":"Feature","properties":{"id":9282,"storage_mcm":1254.0,"grand_id":4937,"qa":"C1"},"geometry":{"type":"Point","coordinates":[77.4344,19.7279]}},{"type":"Feature","properties":{"id":9283,"storage_mcm":13.5,"grand_id":5038,"qa":"C2"},"geometry":{"type":"Point","coordinates":[77.6335,10.1956]}},{"type":"Feature","properties":{"id":9284,"storage_mcm":52.4,"grand_id":5025,"qa":"C1"},"geometry":{"type":"Point","coordinates":[76.6248,10.5421]}},{"type":"Feature","properties":{"id":9285,"storage_mcm":null,"grand_id":null,"qa":"C2"},"geometry":{"type":"Point","coordinates":[74.9992,18.0875]}},{"type":"Feature","properties":{"id":9286,"storage_mcm":331.6,"grand_id":4751,"qa":"C2"},"geometry":{"type":"Point","coordinates":[73.2914,19.6717]}},{"type":"Feature","properties":{"id":9287,"storage_mcm":35.9,"grand_id":4873,"qa":"C1"},"geometry":{"type":"Point","coordinates":[77.4085,23.1996]}},{"type":"Feature","properties":{"id":9288,"storage_mcm":25.5,"grand_id":5027,"qa":"C2"},"geometry":{"type":"Point","coordinates":[76.5354,10.5175]}},{"type":"Feature","properties":{"id":9289,"storage_mcm":null,"grand_id":null,"qa":"C2"},"geometry":{"type":"Point","coordinates":[76.8079,30.8165]}},{"type":"Feature","properties":{"id":9290,"storage_mcm":null,"grand_id":null,"qa":"C2"},"geometry":{"type":"Point","coordinates":[73.6393,22.4693]}},{"type":"Feature","properties":{"id":9291,"storage_mcm":236.8,"grand_id":4771,"qa":"C1"},"geometry":{"type":"Point","coordinates":[73.9596,16.4071]}},{"type":"Feature","properties":{"id":9292,"storage_mcm":null,"grand_id":null,"qa":"C2"},"geometry":{"type":"Point","coordinates":[77.2067,10.0167]}},{"type":"Feature","properties":{"id":9293,"storage_mcm":null,"grand_id":null,"qa":"C1"},"geometry":{"type":"Point","coordinates":[73.8742,17.7588]}},{"type":"Feature","properties":{"id":9294,"storage_mcm":null,"grand_id":null,"qa":"C2"},"geometry":{"type":"Point","coordinates":[77.4092,20.2182]}},{"type":"Feature","properties":{"id":9295,"storage_mcm":null,"grand_id":null,"qa":"C2"},"geometry":{"type":"Point","coordinates":[79.2493,20.9362]}},{"type":"Feature","properties":{"id":9296,"storage_mcm":null,"grand_id":null,"qa":"C2"},"geometry":{"type":"Point","coordinates":[73.6742,24.6014]}},{"type":"Feature","properties":{"id":9297,"storage_mcm":null,"grand_id":null,"qa":"C2"},"geometry":{"type":"Point","coordinates":[79.2138,20.996]}},{"type":"Feature","properties":{"id":9298,"storage_mcm":null,"grand_id":null,"qa":"C2"},"geometry":{"type":"Point","coordinates":[70.8042,22.0005]}},{"type":"Feature","properties":{"id":9299,"storage_mcm":672.7,"grand_id":4763,"qa":"C2"},"geometry":{"type":"Point","coordinates":[73.8687,18.1771]}},{"type":"Feature","properties":{"id":9300,"storage_mcm":null,"grand_id":null,"qa":"C1"},"geometry":{"type":"Point","coordinates":[81.8921,24.3563]}},{"type":"Feature","properties":{"id":9301,"storage_mcm":null,"grand_id":null,"qa":"C1"},"geometry":{"type":"Point","coordinates":[77.7252,14.3976]}},{"type":"Feature","properties":{"id":9302,"storage_mcm":1006.0,"grand_id":5004,"qa":"C1"},"geometry":{"type":"Point","coordinates":[75.0469,13.6753]}},{"type":"Feature","properties":{"id":9303,"storage_mcm":null,"grand_id":null,"qa":"C2"},"geometry":{"type":"Point","coordinates":[77.8967,12.7536]}},{"type":"Feature","properties":{"id":9304,"storage_mcm":null,"grand_id":null,"qa":"C2"},"geometry":{"type":"Point","coordinates":[72.9431,24.6968]}},{"type":"Feature","properties":{"id":9305,"storage_mcm":null,"grand_id":null,"qa":"C2"},"geometry":{"type":"Point","coordinates":[73.8224,19.1405]}},{"type":"Feature","properties":{"id":9306,"storage_mcm":null,"grand_id":null,"qa":"C2"},"geometry":{"type":"Point","coordinates":[78.3409,14.8495]}},{"type":"Feature","properties":{"id":9307,"storage_mcm":19.8,"grand_id":4817,"qa":"C1"},"geometry":{"type":"Point","coordinates":[78.5312,25.5015]}},{"type":"Feature","properties":{"id":9308,"storage_mcm":null,"grand_id":null,"qa":"C1"},"geometry":{"type":"Point","coordinates":[77.3718,11.5629]}},{"type":"Feature","properties":{"id":9309,"storage_mcm":null,"grand_id":null,"qa":"C1"},"geometry":{"type":"Point","coordinates":[80.1069,20.9212]}},{"type":"Feature","properties":{"id":9310,"storage_mcm":null,"grand_id":null,"qa":"C2"},"geometry":{"type":"Point","coordinates":[70.7286,22.7074]}},{"type":"Feature","properties":{"id":9311,"storage_mcm":null,"grand_id":null,"qa":"C2"},"geometry":{"type":"Point","coordinates":[77.4506,20.0057]}},{"type":"Feature","properties":{"id":9312,"storage_mcm":236.7,"grand_id":5024,"qa":"C1"},"geometry":{"type":"Point","coordinates":[76.6858,10.8312]}},{"type":"Feature","properties":{"id":9313,"storage_mcm":null,"grand_id":null,"qa":"C2"},"geometry":{"type":"Point","coordinates":[76.3029,20.5884]}},{"type":"Feature","properties":{"id":9314,"storage_mcm":null,"grand_id":null,"qa":"C2"},"geometry":{"type":"Point","coordinates":[77.4659,17.5388]}},{"type":"Feature","properties":{"id":9315,"storage_mcm":null,"grand_id":null,"qa":"C1"},"geometry":{"type":"Point","coordinates":[77.7438,23.3897]}},{"type":"Feature","properties":{"id":9316,"storage_mcm":null,"grand_id":null,"qa":"C2"},"geometry":{"type":"Point","coordinates":[79.9857,21.0469]}},{"type":"Feature","properties":{"id":9317,"storage_mcm":null,"grand_id":null,"qa":"C2"},"geometry":{"type":"Point","coordinates":[73.7779,20.5747]}},{"type":"Feature","properties":{"id":9318,"storage_mcm":null,"grand_id":null,"qa":"C2"},"geometry":{"type":"Point","coordinates":[74.055,19.6831]}},{"type":"Feature","properties":{"id":9319,"storage_mcm":207.0,"grand_id":4814,"qa":"C2"},"geometry":{"type":"Point","coordinates":[77.9213,25.7512]}},{"type":"Feature","properties":{"id":9320,"storage_mcm":null,"grand_id":null,"qa":"C2"},"geometry":{"type":"Point","coordinates":[74.9625,18.0224]}},{"type":"Feature","properties":{"id":9321,"storage_mcm":null,"grand_id":null,"qa":"C2"},"geometry":{"type":"Point","coordinates":[79.8143,21.8315]}},{"type":"Feature","properties":{"id":9322,"storage_mcm":null,"grand_id":null,"qa":"C2"},"geometry":{"type":"Point","coordinates":[73.7412,16.727]}},{"type":"Feature","properties":{"id":9323,"storage_mcm":null,"grand_id":null,"qa":"C1"},"geometry":{"type":"Point","coordinates":[77.1077,23.2398]}},{"type":"Feature","properties":{"id":9324,"storage_mcm":null,"grand_id":null,"qa":"C1"},"geometry":{"type":"Point","coordinates":[81.9137,23.1434]}},{"type":"Feature","properties":{"id":9325,"storage_mcm":null,"grand_id":null,"qa":"C2"},"geometry":{"type":"Point","coordinates":[78.9196,20.9936]}},{"type":"Feature","properties":{"id":9326,"storage_mcm":null,"grand_id":null,"qa":"C2"},"geometry":{"type":"Point","coordinates":[69.3592,23.4277]}},{"type":"Feature","properties":{"id":9327,"storage_mcm":null,"grand_id":null,"qa":"C3"},"geometry":{"type":"Point","coordinates":[78.2917,18.614]}},{"type":"Feature","properties":{"id":9328,"storage_mcm":null,"grand_id":null,"qa":"C2"},"geometry":{"type":"Point","coordinates":[75.2326,19.0772]}},{"type":"Feature","properties":{"id":9329,"storage_mcm":null,"grand_id":null,"qa":"C2"},"geometry":{"type":"Point","coordinates":[78.4836,20.112]}},{"type":"Feature","properties":{"id":9330,"storage_mcm":null,"grand_id":null,"qa":"C1"},"geometry":{"type":"Point","coordinates":[79.6186,21.2]}},{"type":"Feature","properties":{"id":9331,"storage_mcm":null,"grand_id":null,"qa":"C1"},"geometry":{"type":"Point","coordinates":[72.7703,24.8763]}},{"type":"Feature","properties":{"id":9332,"storage_mcm":null,"grand_id":null,"qa":"C2"},"geometry":{"type":"Point","coordinates":[74.0269,19.6397]}},{"type":"Feature","properties":{"id":9333,"storage_mcm":110.0,"grand_id":5026,"qa":"C1"},"geometry":{"type":"Point","coordinates":[76.3703,10.5293]}},{"type":"Feature","properties":{"id":9334,"storage_mcm":null,"grand_id":null,"qa":"C2"},"geometry":{"type":"Point","coordinates":[73.3937,17.6814]}},{"type":"Feature","properties":{"id":9335,"storage_mcm":null,"grand_id":null,"qa":"C2"},"geometry":{"type":"Point","coordinates":[73.697,17.6012]}},{"type":"Feature","properties":{"id":9336,"storage_mcm":null,"grand_id":null,"qa":"C2"},"geometry":{"type":"Point","coordinates":[77.4642,20.2014]}},{"type":"Feature","properties":{"id":9337,"storage_mcm":null,"grand_id":null,"qa":"C2"},"geometry":{"type":"Point","coordinates":[75.4809,18.3058]}},{"type":"Feature","properties":{"id":9338,"storage_mcm":null,"grand_id":null,"qa":"C2"},"geometry":{"type":"Point","coordinates":[78.6477,21.0461]}},{"type":"Feature","properties":{"id":9339,"storage_mcm":null,"grand_id":null,"qa":"C2"},"geometry":{"type":"Point","coordinates":[77.323,21.2581]}},{"type":"Feature","properties":{"id":9340,"storage_mcm":null,"grand_id":null,"qa":"C2"},"geometry":{"type":"Point","coordinates":[77.5232,9.6383]}},{"type":"Feature","properties":{"id":9341,"storage_mcm":3764.0,"grand_id":4994,"qa":"C2"},"geometry":{"type":"Point","coordinates":[76.3312,15.2642]}},{"type":"Feature","properties":{"id":9342,"storage_mcm":null,"grand_id":null,"qa":"C2"},"geometry":{"type":"Point","coordinates":[71.6554,22.4668]}},{"type":"Feature","properties":{"id":9343,"storage_mcm":null,"grand_id":null,"qa":"C2"},"geometry":{"type":"Point","coordinates":[70.3735,21.4579]}},{"type":"Feature","properties":{"id":9344,"storage_mcm":null,"grand_id":null,"qa":"C2"},"geometry":{"type":"Point","coordinates":[79.8814,21.441]}},{"type":"Feature","properties":{"id":9345,"storage_mcm":null,"grand_id":null,"qa":"C2"},"geometry":{"type":"Point","coordinates":[78.0174,20.3677]}},{"type":"Feature","properties":{"id":9346,"storage_mcm":60.0,"grand_id":4750,"qa":"C2"},"geometry":{"type":"Point","coordinates":[73.7938,19.7645]}},{"type":"Feature","properties":{"id":9347,"storage_mcm":null,"grand_id":null,"qa":"C2"},"geometry":{"type":"Point","coordinates":[74.6477,17.3391]}},{"type":"Feature","properties":{"id":9348,"storage_mcm":null,"grand_id":null,"qa":"C2"},"geometry":{"type":"Point","coordinates":[78.3629,20.0357]}},{"type":"Feature","properties":{"id":9349,"storage_mcm":null,"grand_id":null,"qa":"C1"},"geometry":{"type":"Point","coordinates":[79.7302,21.0455]}},{"type":"Feature","properties":{"id":9350,"storage_mcm":null,"grand_id":null,"qa":"C2"},"geometry":{"type":"Point","coordinates":[79.9228,21.1035]}},{"type":"Feature","properties":{"id":9351,"storage_mcm":22.9,"grand_id":4996,"qa":"C2"},"geometry":{"type":"Point","coordinates":[76.6052,15.1221]}},{"type":"Feature","properties":{"id":9352,"storage_mcm":null,"grand_id":null,"qa":"C1"},"geometry":{"type":"Point","coordinates":[85.4364,24.2625]}},{"type":"Feature","properties":{"id":9353,"storage_mcm":165.0,"grand_id":4926,"qa":"C1"},"geometry":{"type":"Point","coordinates":[81.6647,20.5389]}},{"type":"Feature","properties":{"id":9354,"storage_mcm":null,"grand_id":null,"qa":"C2"},"geometry":{"type":"Point","coordinates":[77.2844,8.4365]}},{"type":"Feature","properties":{"id":9355,"storage_mcm":null,"grand_id":null,"qa":"C2"},"geometry":{"type":"Point","coordinates":[73.1787,18.841]}},{"type":"Feature","properties":{"id":9356,"storage_mcm":null,"grand_id":null,"qa":"C2"},"geometry":{"type":"Point","coordinates":[71.678,21.2272]}},{"type":"Feature","properties":{"id":9357,"storage_mcm":null,"grand_id":null,"qa":"C2"},"geometry":{"type":"Point","coordinates":[77.5462,15.1513]}},{"type":"Feature","properties":{"id":9358,"storage_mcm":null,"grand_id":null,"qa":"C2"},"geometry":{"type":"Point","coordinates":[75.7026,18.5364]}},{"type":"Feature","properties":{"id":9359,"storage_mcm":null,"grand_id":null,"qa":"C2"},"geometry":{"type":"Point","coordinates":[76.5933,18.8522]}},{"type":"Feature","properties":{"id":9360,"storage_mcm":null,"grand_id":null,"qa":"C1"},"geometry":{"type":"Point","coordinates":[83.181,17.7812]}},{"type":"Feature","properties":{"id":9361,"storage_mcm":null,"grand_id":null,"qa":"C1"},"geometry":{"type":"Point","coordinates":[74.5231,24.8265]}},{"type":"Feature","properties":{"id":9362,"storage_mcm":null,"grand_id":null,"qa":"C1"},"geometry":{"type":"Point","coordinates":[75.8962,31.7396]}},{"type":"Feature","properties":{"id":9363,"storage_mcm":null,"grand_id":null,"qa":"C1"},"geometry":{"type":"Point","coordinates":[75.9939,20.4549]}},{"type":"Feature","properties":{"id":9364,"storage_mcm":null,"grand_id":null,"qa":"C2"},"geometry":{"type":"Point","coordinates":[78.0822,14.0983]}},{"type":"Feature","properties":{"id":9365,"storage_mcm":395.0,"grand_id":6987,"qa":"C5"},"geometry":{"type":"Point","coordinates":[75.327,33.1604]}},{"type":"Feature","properties":{"id":9366,"storage_mcm":null,"grand_id":null,"qa":"C2"},"geometry":{"type":"Point","coordinates":[79.3018,20.6192]}},{"type":"Feature","properties":{"id":9367,"storage_mcm":9621.0,"grand_id":4793,"qa":"C1"},"geometry":{"type":"Point","coordinates":[76.4359,31.4113]}},{"type":"Feature","properties":{"id":9368,"storage_mcm":null,"grand_id":null,"qa":"C2"},"geometry":{"type":"Point","coordinates":[79.2211,20.4221]}},{"type":"Feature","properties":{"id":9369,"storage_mcm":1542.0,"grand_id":4729,"qa":"C2"},"geometry":{"type":"Point","coordinates":[73.8253,23.3072]}},{"type":"Feature","properties":{"id":9370,"storage_mcm":null,"grand_id":null,"qa":"C1"},"geometry":{"type":"Point","coordinates":[75.3332,19.9251]}},{"type":"Feature","properties":{"id":9371,"storage_mcm":null,"grand_id":null,"qa":"C2"},"geometry":{"type":"Point","coordinates":[91.7664,25.4452]}},{"type":"Feature","properties":{"id":9372,"storage_mcm":null,"grand_id":null,"qa":"C2"},"geometry":{"type":"Point","coordinates":[73.8127,17.8624]}},{"type":"Feature","properties":{"id":9373,"storage_mcm":null,"grand_id":null,"qa":"C2"},"geometry":{"type":"Point","coordinates":[76.387,17.7244]}},{"type":"Feature","properties":{"id":9374,"storage_mcm":null,"grand_id":null,"qa":"C2"},"geometry":{"type":"Point","coordinates":[78.3803,20.8947]}},{"type":"Feature","properties":{"id":9375,"storage_mcm":null,"grand_id":null,"qa":"C2"},"geometry":{"type":"Point","coordinates":[77.8917,21.344]}},{"type":"Feature","properties":{"id":9376,"storage_mcm":null,"grand_id":null,"qa":"C2"},"geometry":{"type":"Point","coordinates":[77.5125,20.1404]}},{"type":"Feature","properties":{"id":9377,"storage_mcm":null,"grand_id":null,"qa":"C2"},"geometry":{"type":"Point","coordinates":[74.9754,17.8574]}},{"type":"Feature","properties":{"id":9378,"storage_mcm":null,"grand_id":null,"qa":"C2"},"geometry":{"type":"Point","coordinates":[78.3117,20.8948]}},{"type":"Feature","properties":{"id":9379,"storage_mcm":null,"grand_id":null,"qa":"C1"},"geometry":{"type":"Point","coordinates":[75.906,31.7146]}},{"type":"Feature","properties":{"id":9380,"storage_mcm":null,"grand_id":null,"qa":"C1"},"geometry":{"type":"Point","coordinates":[79.3571,19.6968]}},{"type":"Feature","properties":{"id":9381,"storage_mcm":null,"grand_id":null,"qa":"C2"},"geometry":{"type":"Point","coordinates":[74.0953,15.7582]}},{"type":"Feature","properties":{"id":9382,"storage_mcm":null,"grand_id":null,"qa":"C2"},"geometry":{"type":"Point","coordinates":[74.9983,24.6452]}},{"type":"Feature","properties":{"id":9383,"storage_mcm":null,"grand_id":null,"qa":"C1"},"geometry":{"type":"Point","coordinates":[82.8506,17.9785]}},{"type":"Feature","properties":{"id":9384,"storage_mcm":null,"grand_id":null,"qa":"C2"},"geometry":{"type":"Point","coordinates":[82.5818,18.8369]}},{"type":"Feature","properties":{"id":9385,"storage_mcm":null,"grand_id":null,"qa":"C2"},"geometry":{"type":"Point","coordinates":[74.0885,15.6168]}},{"type":"Feature","properties":{"id":9386,"storage_mcm":null,"grand_id":null,"qa":"C1"},"geometry":{"type":"Point","coordinates":[81.1647,24.8685]}},{"type":"Feature","properties":{"id":9387,"storage_mcm":null,"grand_id":null,"qa":"C2"},"geometry":{"type":"Point","coordinates":[78.8088,21.2196]}},{"type":"Feature","properties":{"id":9388,"storage_mcm":null,"grand_id":null,"qa":"C2"},"geometry":{"type":"Point","coordinates":[86.3121,22.1787]}},{"type":"Feature","properties":{"id":9389,"storage_mcm":null,"grand_id":null,"qa":"C2"},"geometry":{"type":"Point","coordinates":[75.7385,19.5139]}},{"type":"Feature","properties":{"id":9390,"storage_mcm":null,"grand_id":null,"qa":"C2"},"geometry":{"type":"Point","coordinates":[78.1522,12.3062]}},{"type":"Feature","properties":{"id":9391,"storage_mcm":638.5,"grand_id":4863,"qa":"C2"},"geometry":{"type":"Point","coordinates":[85.8296,23.734]}},{"type":"Feature","properties":{"id":9392,"storage_mcm":null,"grand_id":null,"qa":"C1"},"geometry":{"type":"Point","coordinates":[79.0391,24.2545]}},{"type":"Feature","properties":{"id":9393,"storage_mcm":null,"grand_id":null,"qa":"C2"},"geometry":{"type":"Point","coordinates":[76.8265,18.3803]}},{"type":"Feature","properties":{"id":9394,"storage_mcm":null,"grand_id":null,"qa":"C2"},"geometry":{"type":"Point","coordinates":[76.9812,21.5118]}},{"type":"Feature","properties":{"id":9395,"storage_mcm":null,"grand_id":null,"qa":"C1"},"geometry":{"type":"Point","coordinates":[78.9514,24.9983]}},{"type":"Feature","properties":{"id":9396,"storage_mcm":null,"grand_id":null,"qa":"C2"},"geometry":{"type":"Point","coordinates":[76.3761,19.7214]}},{"type":"Feature","properties":{"id":9397,"storage_mcm":null,"grand_id":null,"qa":"C1"},"geometry":{"type":"Point","coordinates":[80.1927,19.2022]}},{"type":"Feature","properties":{"id":9398,"storage_mcm":null,"grand_id":null,"qa":"C2"},"geometry":{"type":"Point","coordinates":[73.4176,19.5132]}},{"type":"Feature","properties":{"id":9399,"storage_mcm":null,"grand_id":null,"qa":"C2"},"geometry":{"type":"Point","coordinates":[73.9072,15.6708]}},{"type":"Feature","properties":{"id":9400,"storage_mcm":null,"grand_id":null,"qa":"C2"},"geometry":{"type":"Point","coordinates":[78.6453,21.2177]}},{"type":"Feature","properties":{"id":9401,"storage_mcm":null,"grand_id":null,"qa":"C1"},"geometry":{"type":"Point","coordinates":[77.2657,20.0187]}},{"type":"Feature","properties":{"id":9402,"storage_mcm":null,"grand_id":null,"qa":"C2"},"geometry":{"type":"Point","coordinates":[73.8217,20.4484]}},{"type":"Feature","properties":{"id":9403,"storage_mcm":null,"grand_id":null,"qa":"C1"},"geometry":{"type":"Point","coordinates":[79.6811,25.3781]}},{"type":"Feature","properties":{"id":9404,"storage_mcm":null,"grand_id":null,"qa":"C1"},"geometry":{"type":"Point","coordinates":[83.1914,18.1722]}},{"type":"Feature","properties":{"id":9405,"storage_mcm":929.0,"grand_id":5015,"qa":"C2"},"geometry":{"type":"Point","coordinates":[77.1104,11.4688]}},{"type":"Feature","properties":{"id":9406,"storage_mcm":120.4,"grand_id":4827,"qa":"C1"},"geometry":{"type":"Point","coordinates":[82.6049,25.0801]}},{"type":"Feature","properties":{"id":9407,"storage_mcm":null,"grand_id":null,"qa":"C2"},"geometry":{"type":"Point","coordinates":[75.9859,32.5976]}},{"type":"Feature","properties":{"id":9408,"storage_mcm":null,"grand_id":null,"qa":"C2"},"geometry":{"type":"Point","coordinates":[70.7758,21.0212]}},{"type":"Feature","properties":{"id":9409,"storage_mcm":null,"grand_id":null,"qa":"C2"},"geometry":{"type":"Point","coordinates":[77.358,8.3642]}},{"type":"Feature","properties":{"id":9410,"storage_mcm":null,"grand_id":null,"qa":"C2"},"geometry":{"type":"Point","coordinates":[73.6356,18.4777]}},{"type":"Feature","properties":{"id":9411,"storage_mcm":null,"grand_id":null,"qa":"C2"},"geometry":{"type":"Point","coordinates":[73.7436,18.574]}},{"type":"Feature","properties":{"id":11103,"storage_mcm":9120.0,"grand_id":4707,"qa":"C4"},"geometry":{"type":"Point","coordinates":[73.6445,33.144]}},{"type":"Feature","properties":{"id":11111,"storage_mcm":null,"grand_id":null,"qa":"C4"},"geometry":{"type":"Point","coordinates":[73.7371,35.5205]}},{"type":"Feature","properties":{"id":11117,"storage_mcm":115.0,"grand_id":7072,"qa":"C5"},"geometry":{"type":"Point","coordinates":[75.6355,35.2435]}},{"type":"Feature","properties":{"id":23507,"storage_mcm":285.0,"grand_id":4708,"qa":""},"geometry":{"type":"Point","coordinates":[74.8103,33.1442]}},{"type":"Feature","properties":{"id":23510,"storage_mcm":44.7,"grand_id":4718,"qa":""},"geometry":{"type":"Point","coordinates":[74.5522,30.9931]}},{"type":"Feature","properties":{"id":23513,"storage_mcm":2.5,"grand_id":4730,"qa":""},"geometry":{"type":"Point","coordinates":[74.8906,23.307]}},{"type":"Feature","properties":{"id":23514,"storage_mcm":37.9,"grand_id":4732,"qa":""},"geometry":{"type":"Point","coordinates":[74.1714,23.0598]}},{"type":"Feature","properties":{"id":23515,"storage_mcm":14.2,"grand_id":4733,"qa":""},"geometry":{"type":"Point","coordinates":[73.4733,22.169]}},{"type":"Feature","properties":{"id":23516,"storage_mcm":8510.0,"grand_id":4739,"qa":""},"geometry":{"type":"Point","coordinates":[73.5979,21.2563]}},{"type":"Feature","properties":{"id":23517,"storage_mcm":2.1,"grand_id":4741,"qa":""},"geometry":{"type":"Point","coordinates":[76.2647,18.0504]}},{"type":"Feature","properties":{"id":23518,"storage_mcm":312.4,"grand_id":4752,"qa":""},"geometry":{"type":"Point","coordinates":[73.7563,19.5438]}},{"type":"Feature","properties":{"id":23519,"storage_mcm":278.3,"grand_id":4764,"qa":""},"geometry":{"type":"Point","coordinates":[74.0964,18.1235]}},{"type":"Feature","properties":{"id":23520,"storage_mcm":3.2,"grand_id":4766,"qa":""},"geometry":{"type":"Point","coordinates":[74.3052,17.7407]}},{"type":"Feature","properties":{"id":23521,"storage_mcm":88.0,"grand_id":4769,"qa":""},"geometry":{"type":"Point","coordinates":[73.7927,16.857]}},{"type":"Feature","properties":{"id":23522,"storage_mcm":98.3,"grand_id":4770,"qa":""},"geometry":{"type":"Point","coordinates":[74.0176,16.5217]}},{"type":"Feature","properties":{"id":23523,"storage_mcm":71.0,"grand_id":4772,"qa":""},"geometry":{"type":"Point","coordinates":[74.0062,16.352]}},{"type":"Feature","properties":{"id":23524,"storage_mcm":2.6,"grand_id":4774,"qa":""},"geometry":{"type":"Point","coordinates":[76.6627,19.2822]}},{"type":"Feature","properties":{"id":23525,"storage_mcm":388.9,"grand_id":4778,"qa":""},"geometry":{"type":"Point","coordinates":[74.3565,14.8979]}},{"type":"Feature","properties":{"id":23529,"storage_mcm":8570.0,"grand_id":4792,"qa":""},"geometry":{"type":"Point","coordinates":[75.949,31.9729]}},{"type":"Feature","properties":{"id":23530,"storage_mcm":42.7,"grand_id":4794,"qa":""},"geometry":{"type":"Point","coordinates":[76.3674,31.3824]}},{"type":"Feature","properties":{"id":23531,"storage_mcm":2450.0,"grand_id":4796,"qa":""},"geometry":{"type":"Point","coordinates":[78.7602,29.5207]}},{"type":"Feature","properties":{"id":23532,"storage_mcm":58.2,"grand_id":4798,"qa":""},"geometry":{"type":"Point","coordinates":[79.3247,29.1165]}},{"type":"Feature","properties":{"id":23533,"storage_mcm":70.7,"grand_id":4800,"qa":""},"geometry":{"type":"Point","coordinates":[79.6206,28.8873]}},{"type":"Feature","properties":{"id":23534,"storage_mcm":163.0,"grand_id":4803,"qa":""},"geometry":{"type":"Point","coordinates":[81.7323,27.3929]}},{"type":"Feature","properties":{"id":23535,"storage_mcm":222.4,"grand_id":4804,"qa":""},"geometry":{"type":"Point","coordinates":[88.5918,26.7574]}},{"type":"Feature","properties":{"id":23536,"storage_mcm":23.2,"grand_id":4807,"qa":""},"geometry":{"type":"Point","coordinates":[78.1461,26.4502]}},{"type":"Feature","properties":{"id":23537,"storage_mcm":11.3,"grand_id":4808,"qa":""},"geometry":{"type":"Point","coordinates":[78.1406,26.4004]}},{"type":"Feature","properties":{"id":23538,"storage_mcm":130.0,"grand_id":4811,"qa":""},"geometry":{"type":"Point","coordinates":[77.9979,26.2229]}},{"type":"Feature","properties":{"id":23539,"storage_mcm":200.0,"grand_id":4815,"qa":""},"geometry":{"type":"Point","coordinates":[79.7104,25.5883]}},{"type":"Feature","properties":{"id":23540,"storage_mcm":95.7,"grand_id":4818,"qa":""},"geometry":{"type":"Point","coordinates":[75.4592,25.4984]}},{"type":"Feature","properties":{"id":23541,"storage_mcm":55.9,"grand_id":4819,"qa":""},"geometry":{"type":"Point","coordinates":[78.5062,25.4275]}},{"type":"Feature","properties":{"id":23542,"storage_mcm":40.5,"grand_id":4821,"qa":""},"geometry":{"type":"Point","coordinates":[79.5482,25.1921]}},{"type":"Feature","properties":{"id":23543,"storage_mcm":57.8,"grand_id":4822,"qa":""},"geometry":{"type":"Point","coordinates":[78.547,25.1879]}},{"type":"Feature","properties":{"id":23544,"storage_mcm":1132.7,"grand_id":4826,"qa":""},"geometry":{"type":"Point","coordinates":[78.3715,25.0973]}},{"type":"Feature","properties":{"id":23545,"storage_mcm":150.8,"grand_id":4828,"qa":""},"geometry":{"type":"Point","coordinates":[82.949,25.0468]}},{"type":"Feature","properties":{"id":23546,"storage_mcm":60.2,"grand_id":4829,"qa":""},"geometry":{"type":"Point","coordinates":[83.0383,24.9979]}},{"type":"Feature","properties":{"id":23547,"storage_mcm":44.7,"grand_id":4830,"qa":""},"geometry":{"type":"Point","coordinates":[82.6102,24.9964]}},{"type":"Feature","properties":{"id":23548,"storage_mcm":155.8,"grand_id":4831,"qa":""},"geometry":{"type":"Point","coordinates":[83.2979,24.9755]}},{"type":"Feature","properties":{"id":23549,"storage_mcm":51.6,"grand_id":4832,"qa":""},"geometry":{"type":"Point","coordinates":[86.8296,24.9626]}},{"type":"Feature","properties":{"id":23550,"storage_mcm":30.8,"grand_id":4834,"qa":""},"geometry":{"type":"Point","coordinates":[87.3906,24.9428]}},{"type":"Feature","properties":{"id":23551,"storage_mcm":113.3,"grand_id":4835,"qa":""},"geometry":{"type":"Point","coordinates":[83.1706,24.9293]}},{"type":"Feature","properties":{"id":23552,"storage_mcm":8.5,"grand_id":4837,"qa":""},"geometry":{"type":"Point","coordinates":[83.0103,24.9015]}},{"type":"Feature","properties":{"id":23553,"storage_mcm":128.4,"grand_id":4838,"qa":""},"geometry":{"type":"Point","coordinates":[86.6396,24.8842]}},{"type":"Feature","properties":{"id":23554,"storage_mcm":19.8,"grand_id":4841,"qa":""},"geometry":{"type":"Point","coordinates":[83.2184,24.7811]}},{"type":"Feature","properties":{"id":23555,"storage_mcm":164.2,"grand_id":4844,"qa":""},"geometry":{"type":"Point","coordinates":[79.8593,24.6854]}},{"type":"Feature","properties":{"id":23556,"storage_mcm":146.2,"grand_id":4845,"qa":""},"geometry":{"type":"Point","coordinates":[86.9135,24.6757]}},{"type":"Feature","properties":{"id":23557,"storage_mcm":13.9,"grand_id":4847,"qa":""},"geometry":{"type":"Point","coordinates":[83.3787,24.6741]}},{"type":"Feature","properties":{"id":23558,"storage_mcm":56.4,"grand_id":4848,"qa":""},"geometry":{"type":"Point","coordinates":[79.8615,24.6263]}},{"type":"Feature","properties":{"id":23559,"storage_mcm":85.0,"grand_id":4850,"qa":""},"geometry":{"type":"Point","coordinates":[77.2329,24.5477]}},{"type":"Feature","properties":{"id":23560,"storage_mcm":12.0,"grand_id":4852,"qa":""},"geometry":{"type":"Point","coordinates":[81.2706,24.3769]}},{"type":"Feature","properties":{"id":23561,"storage_mcm":92.9,"grand_id":4853,"qa":""},"geometry":{"type":"Point","coordinates":[78.6895,24.364]}},{"type":"Feature","properties":{"id":23562,"storage_mcm":93.7,"grand_id":4856,"qa":""},"geometry":{"type":"Point","coordinates":[77.8382,24.3407]}},{"type":"Feature","properties":{"id":23563,"storage_mcm":617.0,"grand_id":4860,"qa":""},"geometry":{"type":"Point","coordinates":[87.3092,24.108]}},{"type":"Feature","properties":{"id":23564,"storage_mcm":20.0,"grand_id":4864,"qa":""},"geometry":{"type":"Point","coordinates":[79.7373,23.6953]}},{"type":"Feature","properties":{"id":23565,"storage_mcm":1500.0,"grand_id":4865,"qa":""},"geometry":{"type":"Point","coordinates":[86.7464,23.6817]}},{"type":"Feature","properties":{"id":23566,"storage_mcm":107.0,"grand_id":4866,"qa":""},"geometry":{"type":"Point","coordinates":[85.2906,23.6136]}},{"type":"Feature","properties":{"id":23567,"storage_mcm":52.2,"grand_id":4867,"qa":""},"geometry":{"type":"Point","coordinates":[76.1101,23.5976]}},{"type":"Feature","properties":{"id":23568,"storage_mcm":252.8,"grand_id":4868,"qa":""},"geometry":{"type":"Point","coordinates":[77.5507,23.5015]}},{"type":"Feature","properties":{"id":23569,"storage_mcm":52.0,"grand_id":4869,"qa":""},"geometry":{"type":"Point","coordinates":[85.5545,23.4568]}},{"type":"Feature","properties":{"id":23570,"storage_mcm":34.8,"grand_id":4870,"qa":""},"geometry":{"type":"Point","coordinates":[76.2901,23.3959]}},{"type":"Feature","properties":{"id":23571,"storage_mcm":16.3,"grand_id":4871,"qa":""},"geometry":{"type":"Point","coordinates":[77.5005,23.2713]}},{"type":"Feature","properties":{"id":23572,"storage_mcm":4.1,"grand_id":4875,"qa":""},"geometry":{"type":"Point","coordinates":[80.1745,23.0629]}},{"type":"Feature","properties":{"id":23573,"storage_mcm":1960.6,"grand_id":4878,"qa":""},"geometry":{"type":"Point","coordinates":[86.0227,22.9775]}},{"type":"Feature","properties":{"id":23574,"storage_mcm":1036.0,"grand_id":4880,"qa":""},"geometry":{"type":"Point","coordinates":[86.7538,22.9582]}},{"type":"Feature","properties":{"id":23575,"storage_mcm":3920.0,"grand_id":4881,"qa":""},"geometry":{"type":"Point","coordinates":[79.9248,22.9419]}},{"type":"Feature","properties":{"id":23576,"storage_mcm":2.3,"grand_id":4882,"qa":""},"geometry":{"type":"Point","coordinates":[80.0134,22.6439]}},{"type":"Feature","properties":{"id":23577,"storage_mcm":139.2,"grand_id":4884,"qa":""},"geometry":{"type":"Point","coordinates":[80.0788,22.583]}},{"type":"Feature","properties":{"id":23578,"storage_mcm":151.2,"grand_id":4887,"qa":""},"geometry":{"type":"Point","coordinates":[81.5912,22.3915]}},{"type":"Feature","properties":{"id":23579,"storage_mcm":195.2,"grand_id":4889,"qa":""},"geometry":{"type":"Point","coordinates":[82.2192,22.2903]}},{"type":"Feature","properties":{"id":23580,"storage_mcm":314.4,"grand_id":4890,"qa":""},"geometry":{"type":"Point","coordinates":[84.6552,22.2702]}},{"type":"Feature","properties":{"id":23581,"storage_mcm":17.1,"grand_id":4894,"qa":""},"geometry":{"type":"Point","coordinates":[79.977,21.9355]}},{"type":"Feature","properties":{"id":23582,"storage_mcm":160.3,"grand_id":4909,"qa":""},"geometry":{"type":"Point","coordinates":[82.1819,21.1979]}},{"type":"Feature","properties":{"id":23583,"storage_mcm":23.6,"grand_id":4912,"qa":""},"geometry":{"type":"Point","coordinates":[78.8677,21.1445]}},{"type":"Feature","properties":{"id":23584,"storage_mcm":91.0,"grand_id":4913,"qa":""},"geometry":{"type":"Point","coordinates":[82.0021,21.1437]}},{"type":"Feature","properties":{"id":23585,"storage_mcm":86.0,"grand_id":4915,"qa":""},"geometry":{"type":"Point","coordinates":[85.5978,21.1149]}},{"type":"Feature","properties":{"id":23586,"storage_mcm":388.0,"grand_id":4916,"qa":""},"geometry":{"type":"Point","coordinates":[75.949,21.0762]}},{"type":"Feature","properties":{"id":23587,"storage_mcm":79.0,"grand_id":4917,"qa":""},"geometry":{"type":"Point","coordinates":[84.0149,21.0401]}},{"type":"Feature","properties":{"id":23588,"storage_mcm":150.0,"grand_id":4920,"qa":""},"geometry":{"type":"Point","coordinates":[75.2703,18.7779]}},{"type":"Feature","properties":{"id":23589,"storage_mcm":169.9,"grand_id":4922,"qa":""},"geometry":{"type":"Point","coordinates":[82.1763,20.7889]}},{"type":"Feature","properties":{"id":23590,"storage_mcm":81.0,"grand_id":4923,"qa":""},"geometry":{"type":"Point","coordinates":[82.4437,20.7349]}},{"type":"Feature","properties":{"id":23591,"storage_mcm":909.0,"grand_id":4925,"qa":""},"geometry":{"type":"Point","coordinates":[81.5646,20.6144]}},{"type":"Feature","properties":{"id":23592,"storage_mcm":198.0,"grand_id":4931,"qa":""},"geometry":{"type":"Point","coordinates":[82.0979,20.2263]}},{"type":"Feature","properties":{"id":23593,"storage_mcm":21.8,"grand_id":4935,"qa":""},"geometry":{"type":"Point","coordinates":[85.0194,19.9639]}},{"type":"Feature","properties":{"id":23594,"storage_mcm":2.1,"grand_id":4939,"qa":""},"geometry":{"type":"Point","coordinates":[77.6119,19.6913]}},{"type":"Feature","properties":{"id":23595,"storage_mcm":2910.0,"grand_id":4942,"qa":""},"geometry":{"type":"Point","coordinates":[75.3677,19.4854]}},{"type":"Feature","properties":{"id":23596,"storage_mcm":2300.0,"grand_id":4943,"qa":""},"geometry":{"type":"Point","coordinates":[82.8257,19.2748]}},{"type":"Feature","properties":{"id":23597,"storage_mcm":3.3,"grand_id":4951,"qa":""},"geometry":{"type":"Point","coordinates":[75.946,18.5376]}},{"type":"Feature","properties":{"id":23598,"storage_mcm":1100.0,"grand_id":4958,"qa":""},"geometry":{"type":"Point","coordinates":[77.929,18.2046]}},{"type":"Feature","properties":{"id":23599,"storage_mcm":21.1,"grand_id":4959,"qa":""},"geometry":{"type":"Point","coordinates":[77.7392,18.1644]}},{"type":"Feature","properties":{"id":23600,"storage_mcm":22.2,"grand_id":4962,"qa":""},"geometry":{"type":"Point","coordinates":[74.9373,18.3138]}},{"type":"Feature","properties":{"id":23601,"storage_mcm":116.7,"grand_id":4973,"qa":""},"geometry":{"type":"Point","coordinates":[80.1719,17.5906]}},{"type":"Feature","properties":{"id":23602,"storage_mcm":157.0,"grand_id":4976,"qa":""},"geometry":{"type":"Point","coordinates":[78.3168,17.3752]}},{"type":"Feature","properties":{"id":23603,"storage_mcm":137.1,"grand_id":4979,"qa":""},"geometry":{"type":"Point","coordinates":[79.5173,17.2332]}},{"type":"Feature","properties":{"id":23604,"storage_mcm":70.0,"grand_id":4980,"qa":""},"geometry":{"type":"Point","coordinates":[80.3879,17.2079]}},{"type":"Feature","properties":{"id":23605,"storage_mcm":72.5,"grand_id":4981,"qa":""},"geometry":{"type":"Point","coordinates":[79.9062,17.2021]}},{"type":"Feature","properties":{"id":23606,"storage_mcm":69.3,"grand_id":4983,"qa":""},"geometry":{"type":"Point","coordinates":[81.2553,17.0992]}},{"type":"Feature","properties":{"id":23607,"storage_mcm":64.6,"grand_id":4984,"qa":""},"geometry":{"type":"Point","coordinates":[77.7746,16.7115]}},{"type":"Feature","properties":{"id":23608,"storage_mcm":96.4,"grand_id":4987,"qa":""},"geometry":{"type":"Point","coordinates":[79.5355,16.4808]}},{"type":"Feature","properties":{"id":23609,"storage_mcm":1071.0,"grand_id":4990,"qa":""},"geometry":{"type":"Point","coordinates":[76.3465,16.2184]}},{"type":"Feature","properties":{"id":23610,"storage_mcm":8722.0,"grand_id":4991,"qa":""},"geometry":{"type":"Point","coordinates":[78.8961,16.0879]}},{"type":"Feature","properties":{"id":23611,"storage_mcm":57.0,"grand_id":4995,"qa":""},"geometry":{"type":"Point","coordinates":[76.6688,15.2438]}},{"type":"Feature","properties":{"id":23612,"storage_mcm":39.8,"grand_id":4999,"qa":""},"geometry":{"type":"Point","coordinates":[75.3777,14.1507]}},{"type":"Feature","properties":{"id":23613,"storage_mcm":850.0,"grand_id":5000,"qa":""},"geometry":{"type":"Point","coordinates":[76.4887,13.8855]}},{"type":"Feature","properties":{"id":23614,"storage_mcm":29.4,"grand_id":5001,"qa":""},"geometry":{"type":"Point","coordinates":[75.5259,13.8397]}},{"type":"Feature","properties":{"id":23615,"storage_mcm":86.5,"grand_id":5003,"qa":""},"geometry":{"type":"Point","coordinates":[75.0367,13.6928]}},{"type":"Feature","properties":{"id":23616,"storage_mcm":12.5,"grand_id":5007,"qa":""},"geometry":{"type":"Point","coordinates":[76.6395,12.5647]}},{"type":"Feature","properties":{"id":23617,"storage_mcm":1369.0,"grand_id":5009,"qa":""},"geometry":{"type":"Point","coordinates":[76.5711,12.4229]}},{"type":"Feature","properties":{"id":23618,"storage_mcm":12.0,"grand_id":5010,"qa":""},"geometry":{"type":"Point","coordinates":[76.3306,12.1074]}},{"type":"Feature","properties":{"id":23619,"storage_mcm":2708.8,"grand_id":5014,"qa":""},"geometry":{"type":"Point","coordinates":[77.8107,11.8026]}},{"type":"Feature","properties":{"id":23620,"storage_mcm":60.0,"grand_id":5019,"qa":""},"geometry":{"type":"Point","coordinates":[76.5768,11.3724]}},{"type":"Feature","properties":{"id":23621,"storage_mcm":156.2,"grand_id":5021,"qa":""},"geometry":{"type":"Point","coordinates":[76.6146,11.3203]}},{"type":"Feature","properties":{"id":23622,"storage_mcm":54.8,"grand_id":5028,"qa":""},"geometry":{"type":"Point","coordinates":[77.1573,10.4843]}},{"type":"Feature","properties":{"id":23623,"storage_mcm":17.6,"grand_id":5030,"qa":""},"geometry":{"type":"Point","coordinates":[76.7698,10.4484]}},{"type":"Feature","properties":{"id":23624,"storage_mcm":178.2,"grand_id":5031,"qa":""},"geometry":{"type":"Point","coordinates":[76.4622,10.4388]}},{"type":"Feature","properties":{"id":23625,"storage_mcm":15.8,"grand_id":5032,"qa":""},"geometry":{"type":"Point","coordinates":[76.7827,10.4356]}},{"type":"Feature","properties":{"id":23626,"storage_mcm":7.2,"grand_id":5034,"qa":""},"geometry":{"type":"Point","coordinates":[77.3732,10.3886]}},{"type":"Feature","properties":{"id":23627,"storage_mcm":443.6,"grand_id":5041,"qa":""},"geometry":{"type":"Point","coordinates":[77.1448,9.5293]}},{"type":"Feature","properties":{"id":23628,"storage_mcm":505.0,"grand_id":5043,"qa":""},"geometry":{"type":"Point","coordinates":[77.0706,8.9545]}},{"type":"Feature","properties":{"id":23652,"storage_mcm":182.7,"grand_id":5100,"qa":""},"geometry":{"type":"Point","coordinates":[91.8972,25.6572]}},{"type":"Feature","properties":{"id":23654,"storage_mcm":16.6,"grand_id":5102,"qa":""},"geometry":{"type":"Point","coordinates":[92.631,25.5271]}},{"type":"Feature","properties":{"id":23660,"storage_mcm":90.0,"grand_id":5120,"qa":""},"geometry":{"type":"Point","coordinates":[93.6827,24.2837]}},{"type":"Feature","properties":{"id":23661,"storage_mcm":312.0,"grand_id":5121,"qa":""},"geometry":{"type":"Point","coordinates":[91.8142,23.462]}},{"type":"Feature","properties":{"id":24512,"storage_mcm":35730.0,"grand_id":6855,"qa":""},"geometry":{"type":"Point","coordinates":[87.9354,24.7854]}},{"type":"Feature","properties":{"id":24513,"storage_mcm":1170.0,"grand_id":6856,"qa":""},"geometry":{"type":"Point","coordinates":[83.8563,24.4104]}},{"type":"Feature","properties":{"id":24564,"storage_mcm":130.0,"grand_id":6989,"qa":""},"geometry":{"type":"Point","coordinates":[74.6769,14.2519]}},{"type":"Feature","properties":{"id":24565,"storage_mcm":148.0,"grand_id":6991,"qa":""},"geometry":{"type":"Point","coordinates":[73.183,18.7225]}},{"type":"Feature","properties":{"id":24566,"storage_mcm":1222.0,"grand_id":6992,"qa":""},"geometry":{"type":"Point","coordinates":[76.4719,22.2825]}},{"type":"Feature","properties":{"id":24567,"storage_mcm":197.0,"grand_id":6993,"qa":""},"geometry":{"type":"Point","coordinates":[74.9859,22.8758]}},{"type":"Feature","properties":{"id":24568,"storage_mcm":987.0,"grand_id":6995,"qa":""},"geometry":{"type":"Point","coordinates":[76.1615,22.2391]}}]}